Geely|Atlas Pro||2021|н.в.|Внедорожник 5 дв.|1.5|робот|177|бензин|6e7a16a86
Geely|Atlas|I|2016|н.в.|Внедорожник 5 дв.|1.8|автомат|184|бензин|e15620b4b
Geely|Atlas|I|2016|н.в.|Внедорожник 5 дв.|1.8|механика|163|бензин|e15620b4b
Geely|Atlas|I|2016|н.в.|Внедорожник 5 дв.|2.0|механика|139|бензин|e15620b4b
Geely|Atlas|I|2016|н.в.|Внедорожник 5 дв.|2.0|механика|141|бензин|e15620b4b
Geely|Atlas|I|2016|н.в.|Внедорожник 5 дв.|2.4|автомат|149|бензин|e15620b4b
Geely|Beauty Leopard||2005|2006|Купе|1.3|автомат|86|бензин|df0fcdbf9
Geely|Beauty Leopard||2005|2006|Купе|1.5|механика|94|бензин|df0fcdbf9
Geely|CK (Otaka)|I Рестайлинг|2008|2016|Седан|1.5|механика|102|бензин|87807f2e1
Geely|CK (Otaka)|I Рестайлинг|2008|2016|Седан|1.5|механика|94|бензин|87807f2e1
Geely|CK (Otaka)|I|2007|2009|Седан|1.3|механика|86|бензин|7d7e6978f
Geely|CK (Otaka)|I|2007|2009|Седан|1.5|механика|94|бензин|7d7e6978f
Geely|Coolray|I|2020|н.в.|Внедорожник 5 дв.|1.5|робот|150|бензин|0aabc3806
Geely|Emgrand 7|I Рестайлинг|2018|2020|Седан|1.5|механика|103|бензин|270f41490
Geely|Emgrand 7|I Рестайлинг|2018|2020|Седан|1.8|вариатор|133|бензин|270f41490
Geely|Emgrand 7|I Рестайлинг|2018|2020|Седан|1.8|механика|133|бензин|270f41490
Geely|Emgrand 7|I|2016|2018|Седан|1.5|механика|106|бензин|be403573a
Geely|Emgrand 7|I|2016|2018|Седан|1.8|вариатор|129|бензин|be403573a
Geely|Emgrand 7|I|2016|2018|Седан|1.8|механика|129|бензин|be403573a
Geely|Emgrand EC7||2009|2016|Седан|1.5|механика|106|бензин|468e02c9c
Geely|Emgrand EC7||2009|2016|Седан|1.5|механика|98|бензин|468e02c9c
Geely|Emgrand EC7||2009|2016|Седан|1.8|вариатор|126|бензин|468e02c9c
Geely|Emgrand EC7||2009|2016|Седан|1.8|механика|126|бензин|468e02c9c
Geely|Emgrand EC7||2009|2016|Хэтчбек 5 дв.|1.5|механика|98|бензин|46d9c6a31
Geely|Emgrand EC7||2009|2016|Хэтчбек 5 дв.|1.8|вариатор|126|бензин|46d9c6a31
Geely|Emgrand EC7||2009|2016|Хэтчбек 5 дв.|1.8|механика|126|бензин|46d9c6a31
Geely|Emgrand EC8||2012|2015|Седан|2.0|автомат|136|бензин|065545714
Geely|Emgrand EC8||2012|2015|Седан|2.0|механика|136|бензин|065545714
Geely|Emgrand EC8||2012|2015|Седан|2.4|автомат|156|бензин|065545714
Geely|Emgrand GT||2015|2020|Седан|1.8|автомат|163|бензин|279290f73
Geely|Emgrand GT||2015|2020|Седан|2.4|автомат|148|бензин|279290f73
Geely|Emgrand X7|I Рестайлинг 2|2018|н.в.|Внедорожник 5 дв.|1.8|механика|131|бензин|a856ebbf8
Geely|Emgrand X7|I Рестайлинг 2|2018|н.в.|Внедорожник 5 дв.|2.0|автомат|139|бензин|a856ebbf8
Geely|Emgrand X7|I Рестайлинг|2016|2019|Внедорожник 5 дв.|1.8|механика|125|бензин|8a3b50a67
Geely|Emgrand X7|I Рестайлинг|2016|2019|Внедорожник 5 дв.|2.0|механика|140|бензин|8a3b50a67
Geely|Emgrand X7|I Рестайлинг|2016|2019|Внедорожник 5 дв.|2.4|автомат|148|бензин|8a3b50a67
Geely|Emgrand X7|I|2011|2016|Внедорожник 5 дв.|1.8|механика|126|бензин|427ea13df
Geely|Emgrand X7|I|2011|2016|Внедорожник 5 дв.|2.0|механика|139|бензин|427ea13df
Geely|Emgrand X7|I|2011|2016|Внедорожник 5 дв.|2.4|автомат|148|бензин|427ea13df
Geely|Emgrand X7|I|2011|2016|Внедорожник 5 дв.|2.4|автомат|156|бензин|427ea13df
Geely|FC (Vision)||2006|2011|Седан|1.5|механика|106|бензин|b6dfe866b
Geely|FC (Vision)||2006|2011|Седан|1.8|механика|133|бензин|b6dfe866b
Geely|GC6||2014|2016|Седан|1.5|механика|94|бензин|264155470
Geely|GC9||2015|2019|Седан|1.8|автомат|163|бензин|c24ac3897
Geely|GC9||2015|2019|Седан|2.4|автомат|162|бензин|c24ac3897
Geely|GC9||2015|2019|Седан|3.5|автомат|275|бензин|c24ac3897
Geely|GS|I|2016|н.в.|Внедорожник 5 дв.|1.8|механика|133|бензин|669119b9a
Geely|GS|I|2016|н.в.|Внедорожник 5 дв.|1.8|робот|133|бензин|669119b9a
Geely|Haoqing||1998|2006|Хэтчбек 5 дв.|1.0|механика|52|бензин|e9be000ac
Geely|Haoqing||1998|2006|Хэтчбек 5 дв.|1.3|автомат|86|бензин|e9be000ac
Geely|LC (Panda) Cross||2008|2016|Хэтчбек 5 дв.|1.3|механика|84|бензин|8df898c0a
Geely|LC (Panda) Cross||2008|2016|Хэтчбек 5 дв.|1.5|автомат|94|бензин|8df898c0a
Geely|LC (Panda) Cross||2008|2016|Хэтчбек 5 дв.|1.5|механика|94|бензин|8df898c0a
Geely|LC (Panda)||2008|2016|Хэтчбек 5 дв.|1.0|механика|68|бензин|d64d0d158
Geely|LC (Panda)||2008|2016|Хэтчбек 5 дв.|1.3|автомат|86|бензин|d64d0d158
Geely|LC (Panda)||2008|2016|Хэтчбек 5 дв.|1.3|механика|86|бензин|d64d0d158
Geely|LC (Panda)||2008|2016|Хэтчбек 5 дв.|1.5|автомат|94|бензин|d64d0d158
Geely|MK Cross|I|2010|2016|Хэтчбек 5 дв.|1.5|механика|94|бензин|bba000a3b
Geely|MK|I Рестайлинг|2013|2015|Седан|1.5|механика|94|бензин|37a4aa5c6
Geely|MK|I|2006|2013|Седан|1.5|механика|94|бензин|2a0ee5edf
Geely|MK|I|2006|2013|Седан|1.6|механика|107|бензин|2a0ee5edf
Geely|MR||2003|2009|Седан|1.3|автомат|86|бензин|8db332e91
Geely|MR||2003|2009|Хэтчбек 5 дв.|1.5|автомат|94|бензин|1f994c397
Geely|SC7||2011|2015|Седан|1.8|механика|127|бензин|a5120252d
Geely|TX4|I|2008|2017|Хэтчбек 5 дв.|2.4|механика|152|бензин|ec4738a92
Geely|TX4|I|2008|2017|Хэтчбек 5 дв.|2.5|механика|102|дизель|ec4738a92
Geely|Tugella|I|2020|н.в.|Внедорожник 5 дв.|2.0|автомат|238|бензин|f41c87fb8