Porsche|356|II (A)|1955|1959|Кабриолет|1.5|механика|100|бензин|962b28d79
Porsche|356|II (A)|1955|1959|Кабриолет|1.6|механика|105|бензин|962b28d79
Porsche|356|II (A)|1955|1959|Кабриолет|1.6|механика|60|бензин|962b28d79
Porsche|356|II (A)|1955|1959|Кабриолет|1.6|механика|75|бензин|962b28d79
Porsche|356|II (A)|1955|1959|Купе|1.5|механика|100|бензин|2d8811068
Porsche|356|II (A)|1955|1959|Купе|1.6|механика|105|бензин|2d8811068
Porsche|356|II (A)|1955|1959|Купе|1.6|механика|60|бензин|2d8811068
Porsche|356|II (A)|1955|1959|Купе|1.6|механика|75|бензин|2d8811068
Porsche|356|III (B)|1959|1963|Кабриолет|1.6|механика|60|бензин|0c067e7c8
Porsche|356|III (B)|1959|1963|Кабриолет|1.6|механика|75|бензин|0c067e7c8
Porsche|356|III (B)|1959|1963|Кабриолет|1.6|механика|90|бензин|0c067e7c8
Porsche|356|III (B)|1959|1963|Кабриолет|2.0|механика|130|бензин|0c067e7c8
Porsche|356|III (B)|1959|1963|Купе|1.6|механика|60|бензин|be40f25de
Porsche|356|III (B)|1959|1963|Купе|1.6|механика|75|бензин|be40f25de
Porsche|356|III (B)|1959|1963|Купе|1.6|механика|90|бензин|be40f25de
Porsche|356|III (B)|1959|1963|Купе|2.0|механика|130|бензин|be40f25de
Porsche|356|IV (C)|1963|1965|Кабриолет|1.6|механика|75|бензин|2a0d15954
Porsche|356|IV (C)|1963|1965|Кабриолет|1.6|механика|95|бензин|2a0d15954
Porsche|356|IV (C)|1963|1965|Купе|1.6|механика|75|бензин|b4201e6d8
Porsche|356|IV (C)|1963|1965|Купе|1.6|механика|95|бензин|b4201e6d8
Porsche|356|I|1948|1955|Кабриолет|1.1|механика|40|бензин|72ea2e3ed
Porsche|356|I|1948|1955|Кабриолет|1.3|механика|44|бензин|72ea2e3ed
Porsche|356|I|1948|1955|Кабриолет|1.5|механика|55|бензин|72ea2e3ed
Porsche|356|I|1948|1955|Кабриолет|1.5|механика|70|бензин|72ea2e3ed
Porsche|356|I|1948|1955|Купе|1.1|механика|40|бензин|9320e9c19
Porsche|356|I|1948|1955|Купе|1.3|механика|44|бензин|9320e9c19
Porsche|356|I|1948|1955|Купе|1.5|механика|55|бензин|9320e9c19
Porsche|356|I|1948|1955|Купе|1.5|механика|70|бензин|9320e9c19
Porsche|718 Spyder|I (982)|2019|н.в.|Кабриолет|4.0|механика|420|бензин|c1dc090e5
Porsche|911 GT2|991|2017|2019|Купе RS|3.8|робот|700|бензин|208d00137
Porsche|911 GT2|993|1995|1998|Купе|3.6|механика|430|бензин|b38949ee2
Porsche|911 GT2|993|1995|1998|Купе|3.6|механика|450|бензин|b38949ee2
Porsche|911 GT2|996|2000|2005|Купе|3.6|механика|462|бензин|1b820b7cd
Porsche|911 GT2|996|2000|2005|Купе|3.6|механика|483|бензин|1b820b7cd
Porsche|911 GT2|997 Рестайлинг|2011|2012|Купе RS|3.6|механика|620|бензин|8736396de
Porsche|911 GT2|997|2007|2010|Купе|3.6|механика|530|бензин|760d8de7f
Porsche|911 GT3|991 Рестайлинг|2017|2019|Купе RS|4.0|робот|520|бензин|664c81ce3
Porsche|911 GT3|991 Рестайлинг|2017|2019|Купе|4.0|механика|500|бензин|f379bc0e1
Porsche|911 GT3|991 Рестайлинг|2017|2019|Купе|4.0|робот|500|бензин|f379bc0e1
Porsche|911 GT3|991|2013|2017|Купе RS|4.0|робот|500|бензин|fcf5aade0
Porsche|911 GT3|991|2013|2017|Купе|3.8|робот|475|бензин|1f6fdbf5b
Porsche|911 GT3|992|2021|н.в.|Купе|4.0|механика|510|бензин|df56c1dd1
Porsche|911 GT3|992|2021|н.в.|Купе|4.0|робот|510|бензин|df56c1dd1
Porsche|911 GT3|996 Рестайлинг|2003|2005|Купе|3.6|механика|381|бензин|983f75750
Porsche|911 GT3|996|1999|2000|Купе|3.6|механика|360|бензин|8ec75e235
Porsche|911 GT3|997 Рестайлинг|2009|2011|Купе RS|3.8|механика|450|бензин|9dd1850c0
Porsche|911 GT3|997 Рестайлинг|2009|2011|Купе RS|4.0|механика|500|бензин|9dd1850c0
Porsche|911 GT3|997 Рестайлинг|2009|2011|Купе|3.8|механика|435|бензин|cdfa73443
Porsche|911 GT3|997|2006|2008|Купе|3.6|механика|415|бензин|49dfba04d
Porsche|911 R|991|2016|2019|Купе|4.0|механика|500|бензин|8bf55d884
Porsche|911|I (901, 911)|1963|1973|Купе|2.0|механика|110|бензин|aee28ec3a
Porsche|911|I (901, 911)|1963|1973|Купе|2.0|механика|130|бензин|aee28ec3a
Porsche|911|I (901, 911)|1963|1973|Купе|2.0|механика|140|бензин|aee28ec3a
Porsche|911|I (901, 911)|1963|1973|Купе|2.0|механика|150|бензин|aee28ec3a
Porsche|911|I (901, 911)|1963|1973|Купе|2.0|механика|160|бензин|aee28ec3a
Porsche|911|I (901, 911)|1963|1973|Купе|2.0|механика|170|бензин|aee28ec3a
Porsche|911|I (901, 911)|1963|1973|Купе|2.2|механика|125|бензин|aee28ec3a
Porsche|911|I (901, 911)|1963|1973|Купе|2.2|механика|155|бензин|aee28ec3a
Porsche|911|I (901, 911)|1963|1973|Купе|2.2|механика|180|бензин|aee28ec3a
Porsche|911|I (901, 911)|1963|1973|Купе|2.3|механика|130|бензин|aee28ec3a
Porsche|911|I (901, 911)|1963|1973|Купе|2.3|механика|136|бензин|aee28ec3a
Porsche|911|I (901, 911)|1963|1973|Купе|2.3|механика|140|бензин|aee28ec3a
Porsche|911|I (901, 911)|1963|1973|Купе|2.3|механика|159|бензин|aee28ec3a
Porsche|911|I (901, 911)|1963|1973|Купе|2.3|механика|165|бензин|aee28ec3a
Porsche|911|I (901, 911)|1963|1973|Купе|2.3|механика|184|бензин|aee28ec3a
Porsche|911|I (901, 911)|1963|1973|Купе|2.3|механика|190|бензин|aee28ec3a
Porsche|911|I (901, 911)|1963|1973|Купе|2.7|механика|150|бензин|aee28ec3a
Porsche|911|I (901, 911)|1963|1973|Купе|2.7|механика|175|бензин|aee28ec3a
Porsche|911|I (901, 911)|1963|1973|Купе|2.7|механика|210|бензин|aee28ec3a
Porsche|911|I (901, 911)|1963|1973|Тарга|2.0|механика|110|бензин|c7ce28385
Porsche|911|I (901, 911)|1963|1973|Тарга|2.0|механика|130|бензин|c7ce28385
Porsche|911|I (901, 911)|1963|1973|Тарга|2.0|механика|160|бензин|c7ce28385
Porsche|911|I (901, 911)|1963|1973|Тарга|2.2|механика|125|бензин|c7ce28385
Porsche|911|I (901, 911)|1963|1973|Тарга|2.3|механика|130|бензин|c7ce28385
Porsche|911|I (901, 911)|1963|1973|Тарга|2.3|механика|165|бензин|c7ce28385
Porsche|911|II (911, 930)|1973|1989|Купе|2.7|механика|150|бензин|ccc507dc5
Porsche|911|II (911, 930)|1973|1989|Купе|2.7|механика|165|бензин|ccc507dc5
Porsche|911|II (911, 930)|1973|1989|Купе|2.7|механика|175|бензин|ccc507dc5
Porsche|911|II (911, 930)|1973|1989|Купе|2.7|механика|209|бензин|ccc507dc5
Porsche|911|II (911, 930)|1973|1989|Купе|3.0|механика|180|бензин|ccc507dc5
Porsche|911|II (911, 930)|1973|1989|Купе|3.0|механика|188|бензин|ccc507dc5
Porsche|911|II (911, 930)|1973|1989|Купе|3.0|механика|200|бензин|ccc507dc5
Porsche|911|II (911, 930)|1973|1989|Купе|3.0|механика|204|бензин|ccc507dc5
Porsche|911|II (911, 930)|1973|1989|Купе|3.0|механика|209|бензин|ccc507dc5
Porsche|911|II (911, 930)|1973|1989|Купе|3.0|механика|260|бензин|ccc507dc5
Porsche|911|II (911, 930)|1973|1989|Купе|3.2|механика|207|бензин|ccc507dc5
Porsche|911|II (911, 930)|1973|1989|Купе|3.2|механика|218|бензин|ccc507dc5
Porsche|911|II (911, 930)|1973|1989|Купе|3.2|механика|231|бензин|ccc507dc5
Porsche|911|II (911, 930)|1973|1989|Купе|3.3|механика|300|бензин|ccc507dc5
Porsche|911|II (911, 930)|1973|1989|Купе|3.3|механика|330|бензин|ccc507dc5
Porsche|911|II (911, 930)|1973|1989|Родстер|2.7|механика|165|бензин|9bcffab0c
Porsche|911|II (911, 930)|1973|1989|Родстер|3.0|механика|180|бензин|9bcffab0c
Porsche|911|II (911, 930)|1973|1989|Родстер|3.0|механика|188|бензин|9bcffab0c
Porsche|911|II (911, 930)|1973|1989|Родстер|3.0|механика|204|бензин|9bcffab0c
Porsche|911|II (911, 930)|1973|1989|Родстер|3.2|механика|207|бензин|9bcffab0c
Porsche|911|II (911, 930)|1973|1989|Родстер|3.2|механика|218|бензин|9bcffab0c
Porsche|911|II (911, 930)|1973|1989|Родстер|3.2|механика|231|бензин|9bcffab0c
Porsche|911|II (911, 930)|1973|1989|Родстер|3.3|механика|300|бензин|9bcffab0c
Porsche|911|II (911, 930)|1973|1989|Родстер|3.3|механика|330|бензин|9bcffab0c
Porsche|911|II (911, 930)|1973|1989|Тарга Targa|2.7|механика|150|бензин|0591c8dba
Porsche|911|II (911, 930)|1973|1989|Тарга Targa|2.7|механика|165|бензин|0591c8dba
Porsche|911|II (911, 930)|1973|1989|Тарга Targa|2.7|механика|175|бензин|0591c8dba
Porsche|911|II (911, 930)|1973|1989|Тарга Targa|3.0|механика|180|бензин|0591c8dba
Porsche|911|II (911, 930)|1973|1989|Тарга Targa|3.0|механика|188|бензин|0591c8dba
Porsche|911|II (911, 930)|1973|1989|Тарга Targa|3.0|механика|204|бензин|0591c8dba
Porsche|911|II (911, 930)|1973|1989|Тарга Targa|3.2|механика|218|бензин|0591c8dba
Porsche|911|II (911, 930)|1973|1989|Тарга Targa|3.2|механика|231|бензин|0591c8dba
Porsche|911|II (911, 930)|1973|1989|Тарга Targa|3.3|механика|300|бензин|0591c8dba
Porsche|911|II (911, 930)|1973|1989|Тарга Targa|3.3|механика|330|бензин|0591c8dba
Porsche|911|III (964)|1988|1994|Кабриолет|3.6|механика|250|бензин|9b5ad8aa8
Porsche|911|III (964)|1988|1994|Купе|3.3|механика|320|бензин|cc261735e
Porsche|911|III (964)|1988|1994|Купе|3.3|механика|355|бензин|cc261735e
Porsche|911|III (964)|1988|1994|Купе|3.6|автомат|250|бензин|cc261735e
Porsche|911|III (964)|1988|1994|Купе|3.6|механика|250|бензин|cc261735e
Porsche|911|III (964)|1988|1994|Купе|3.6|механика|260|бензин|cc261735e
Porsche|911|III (964)|1988|1994|Купе|3.6|механика|360|бензин|cc261735e
Porsche|911|IV (993)|1993|1998|Кабриолет|3.6|автомат|272|бензин|d62629bec
Porsche|911|IV (993)|1993|1998|Кабриолет|3.6|автомат|285|бензин|d62629bec
Porsche|911|IV (993)|1993|1998|Кабриолет|3.6|механика|272|бензин|d62629bec
Porsche|911|IV (993)|1993|1998|Кабриолет|3.6|механика|285|бензин|d62629bec
Porsche|911|IV (993)|1993|1998|Кабриолет|3.8|механика|300|бензин|d62629bec
Porsche|911|IV (993)|1993|1998|Купе|3.6|автомат|272|бензин|af98be164
Porsche|911|IV (993)|1993|1998|Купе|3.6|автомат|285|бензин|af98be164
Porsche|911|IV (993)|1993|1998|Купе|3.6|механика|272|бензин|af98be164
Porsche|911|IV (993)|1993|1998|Купе|3.6|механика|285|бензин|af98be164
Porsche|911|IV (993)|1993|1998|Купе|3.6|механика|408|бензин|af98be164
Porsche|911|IV (993)|1993|1998|Купе|3.6|механика|430|бензин|af98be164
Porsche|911|IV (993)|1993|1998|Купе|3.6|механика|450|бензин|af98be164
Porsche|911|IV (993)|1993|1998|Купе|3.8|механика|300|бензин|af98be164
Porsche|911|IV (993)|1993|1998|Тарга Targa|3.6|автомат|285|бензин|8b0be53b2
Porsche|911|IV (993)|1993|1998|Тарга Targa|3.6|механика|285|бензин|8b0be53b2
Porsche|911|V (996) Рестайлинг|2000|2005|Кабриолет|3.6|автомат|320|бензин|cbd65603b
Porsche|911|V (996) Рестайлинг|2000|2005|Кабриолет|3.6|автомат|420|бензин|cbd65603b
Porsche|911|V (996) Рестайлинг|2000|2005|Кабриолет|3.6|автомат|450|бензин|cbd65603b
Porsche|911|V (996) Рестайлинг|2000|2005|Кабриолет|3.6|механика|320|бензин|cbd65603b
Porsche|911|V (996) Рестайлинг|2000|2005|Кабриолет|3.6|механика|420|бензин|cbd65603b
Porsche|911|V (996) Рестайлинг|2000|2005|Кабриолет|3.6|механика|450|бензин|cbd65603b
Porsche|911|V (996) Рестайлинг|2000|2005|Купе|3.6|автомат|320|бензин|8d5b6bbef
Porsche|911|V (996) Рестайлинг|2000|2005|Купе|3.6|автомат|420|бензин|8d5b6bbef
Porsche|911|V (996) Рестайлинг|2000|2005|Купе|3.6|автомат|450|бензин|8d5b6bbef
Porsche|911|V (996) Рестайлинг|2000|2005|Купе|3.6|механика|320|бензин|8d5b6bbef
Porsche|911|V (996) Рестайлинг|2000|2005|Купе|3.6|механика|420|бензин|8d5b6bbef
Porsche|911|V (996) Рестайлинг|2000|2005|Купе|3.6|механика|450|бензин|8d5b6bbef
Porsche|911|V (996) Рестайлинг|2000|2005|Тарга Targa|3.6|автомат|320|бензин|874bb58d0
Porsche|911|V (996) Рестайлинг|2000|2005|Тарга Targa|3.6|механика|320|бензин|874bb58d0
Porsche|911|V (996)|1997|2001|Кабриолет|3.4|автомат|300|бензин|cf5d525e6
Porsche|911|V (996)|1997|2001|Кабриолет|3.4|механика|300|бензин|cf5d525e6
Porsche|911|V (996)|1997|2001|Купе|3.4|автомат|300|бензин|00c1ea30c
Porsche|911|V (996)|1997|2001|Купе|3.4|механика|300|бензин|00c1ea30c
Porsche|911|VI (997) Рестайлинг|2008|2012|Кабриолет|3.6|механика|345|бензин|ed1e52984
Porsche|911|VI (997) Рестайлинг|2008|2012|Кабриолет|3.6|робот|345|бензин|ed1e52984
Porsche|911|VI (997) Рестайлинг|2008|2012|Кабриолет|3.8|механика|385|бензин|ed1e52984
Porsche|911|VI (997) Рестайлинг|2008|2012|Кабриолет|3.8|механика|408|бензин|ed1e52984
Porsche|911|VI (997) Рестайлинг|2008|2012|Кабриолет|3.8|механика|500|бензин|ed1e52984
Porsche|911|VI (997) Рестайлинг|2008|2012|Кабриолет|3.8|робот|385|бензин|ed1e52984
Porsche|911|VI (997) Рестайлинг|2008|2012|Кабриолет|3.8|робот|408|бензин|ed1e52984
Porsche|911|VI (997) Рестайлинг|2008|2012|Кабриолет|3.8|робот|500|бензин|ed1e52984
Porsche|911|VI (997) Рестайлинг|2008|2012|Кабриолет|3.8|робот|530|бензин|ed1e52984
Porsche|911|VI (997) Рестайлинг|2008|2012|Купе|3.6|механика|345|бензин|e304fc722
Porsche|911|VI (997) Рестайлинг|2008|2012|Купе|3.6|робот|345|бензин|e304fc722
Porsche|911|VI (997) Рестайлинг|2008|2012|Купе|3.8|механика|385|бензин|e304fc722
Porsche|911|VI (997) Рестайлинг|2008|2012|Купе|3.8|механика|408|бензин|e304fc722
Porsche|911|VI (997) Рестайлинг|2008|2012|Купе|3.8|механика|500|бензин|e304fc722
Porsche|911|VI (997) Рестайлинг|2008|2012|Купе|3.8|робот|385|бензин|e304fc722
Porsche|911|VI (997) Рестайлинг|2008|2012|Купе|3.8|робот|408|бензин|e304fc722
Porsche|911|VI (997) Рестайлинг|2008|2012|Купе|3.8|робот|500|бензин|e304fc722
Porsche|911|VI (997) Рестайлинг|2008|2012|Купе|3.8|робот|530|бензин|e304fc722
Porsche|911|VI (997) Рестайлинг|2008|2012|Тарга Targa|3.6|механика|345|бензин|4c9fc743c
Porsche|911|VI (997) Рестайлинг|2008|2012|Тарга Targa|3.6|робот|345|бензин|4c9fc743c
Porsche|911|VI (997) Рестайлинг|2008|2012|Тарга Targa|3.8|механика|385|бензин|4c9fc743c
Porsche|911|VI (997) Рестайлинг|2008|2012|Тарга Targa|3.8|робот|385|бензин|4c9fc743c
Porsche|911|VI (997)|2004|2009|Кабриолет|3.6|автомат|325|бензин|ac753106c
Porsche|911|VI (997)|2004|2009|Кабриолет|3.6|автомат|480|бензин|ac753106c
Porsche|911|VI (997)|2004|2009|Кабриолет|3.6|механика|325|бензин|ac753106c
Porsche|911|VI (997)|2004|2009|Кабриолет|3.6|механика|480|бензин|ac753106c
Porsche|911|VI (997)|2004|2009|Кабриолет|3.8|автомат|355|бензин|ac753106c
Porsche|911|VI (997)|2004|2009|Кабриолет|3.8|механика|355|бензин|ac753106c
Porsche|911|VI (997)|2004|2009|Купе|3.6|автомат|325|бензин|12f737900
Porsche|911|VI (997)|2004|2009|Купе|3.6|автомат|480|бензин|12f737900
Porsche|911|VI (997)|2004|2009|Купе|3.6|механика|325|бензин|12f737900
Porsche|911|VI (997)|2004|2009|Купе|3.6|механика|480|бензин|12f737900
Porsche|911|VI (997)|2004|2009|Купе|3.8|автомат|355|бензин|12f737900
Porsche|911|VI (997)|2004|2009|Купе|3.8|автомат|381|бензин|12f737900
Porsche|911|VI (997)|2004|2009|Купе|3.8|механика|355|бензин|12f737900
Porsche|911|VI (997)|2004|2009|Купе|3.8|механика|381|бензин|12f737900
Porsche|911|VI (997)|2004|2009|Тарга Targa|3.6|механика|325|бензин|8756701d4
Porsche|911|VI (997)|2004|2009|Тарга Targa|3.6|робот|325|бензин|8756701d4
Porsche|911|VI (997)|2004|2009|Тарга Targa|3.8|механика|355|бензин|8756701d4
Porsche|911|VI (997)|2004|2009|Тарга Targa|3.8|робот|355|бензин|8756701d4
Porsche|911|VII (991) Рестайлинг|2015|2019|Кабриолет|3.0|механика|370|бензин|6e04011cb
Porsche|911|VII (991) Рестайлинг|2015|2019|Кабриолет|3.0|механика|420|бензин|6e04011cb
Porsche|911|VII (991) Рестайлинг|2015|2019|Кабриолет|3.0|механика|450|бензин|6e04011cb
Porsche|911|VII (991) Рестайлинг|2015|2019|Кабриолет|3.0|робот|370|бензин|6e04011cb
Porsche|911|VII (991) Рестайлинг|2015|2019|Кабриолет|3.0|робот|420|бензин|6e04011cb
Porsche|911|VII (991) Рестайлинг|2015|2019|Кабриолет|3.0|робот|450|бензин|6e04011cb
Porsche|911|VII (991) Рестайлинг|2015|2019|Кабриолет|3.8|робот|540|бензин|6e04011cb
Porsche|911|VII (991) Рестайлинг|2015|2019|Кабриолет|3.8|робот|580|бензин|6e04011cb
Porsche|911|VII (991) Рестайлинг|2015|2019|Кабриолет|4.0|механика|510|бензин|6e04011cb
Porsche|911|VII (991) Рестайлинг|2015|2019|Купе|3.0|механика|370|бензин|30ebdbb7b
Porsche|911|VII (991) Рестайлинг|2015|2019|Купе|3.0|механика|420|бензин|30ebdbb7b
Porsche|911|VII (991) Рестайлинг|2015|2019|Купе|3.0|механика|450|бензин|30ebdbb7b
Porsche|911|VII (991) Рестайлинг|2015|2019|Купе|3.0|робот|370|бензин|30ebdbb7b
Porsche|911|VII (991) Рестайлинг|2015|2019|Купе|3.0|робот|420|бензин|30ebdbb7b
Porsche|911|VII (991) Рестайлинг|2015|2019|Купе|3.0|робот|450|бензин|30ebdbb7b
Porsche|911|VII (991) Рестайлинг|2015|2019|Купе|3.8|робот|540|бензин|30ebdbb7b
Porsche|911|VII (991) Рестайлинг|2015|2019|Купе|3.8|робот|580|бензин|30ebdbb7b
Porsche|911|VII (991) Рестайлинг|2015|2019|Тарга Targa|3.0|механика|370|бензин|b6222c6fb
Porsche|911|VII (991) Рестайлинг|2015|2019|Тарга Targa|3.0|механика|420|бензин|b6222c6fb
Porsche|911|VII (991) Рестайлинг|2015|2019|Тарга Targa|3.0|механика|450|бензин|b6222c6fb
Porsche|911|VII (991) Рестайлинг|2015|2019|Тарга Targa|3.0|робот|370|бензин|b6222c6fb
Porsche|911|VII (991) Рестайлинг|2015|2019|Тарга Targa|3.0|робот|420|бензин|b6222c6fb
Porsche|911|VII (991) Рестайлинг|2015|2019|Тарга Targa|3.0|робот|450|бензин|b6222c6fb
Porsche|911|VII (991)|2011|2015|Кабриолет|3.4|механика|350|бензин|49d1e06cd
Porsche|911|VII (991)|2011|2015|Кабриолет|3.4|робот|350|бензин|49d1e06cd
Porsche|911|VII (991)|2011|2015|Кабриолет|3.8|механика|400|бензин|49d1e06cd
Porsche|911|VII (991)|2011|2015|Кабриолет|3.8|механика|430|бензин|49d1e06cd
Porsche|911|VII (991)|2011|2015|Кабриолет|3.8|робот|400|бензин|49d1e06cd
Porsche|911|VII (991)|2011|2015|Кабриолет|3.8|робот|430|бензин|49d1e06cd
Porsche|911|VII (991)|2011|2015|Кабриолет|3.8|робот|520|бензин|49d1e06cd
Porsche|911|VII (991)|2011|2015|Кабриолет|3.8|робот|560|бензин|49d1e06cd
Porsche|911|VII (991)|2011|2015|Купе|3.4|механика|350|бензин|0bc9c8ca5
Porsche|911|VII (991)|2011|2015|Купе|3.4|робот|350|бензин|0bc9c8ca5
Porsche|911|VII (991)|2011|2015|Купе|3.8|механика|400|бензин|0bc9c8ca5
Porsche|911|VII (991)|2011|2015|Купе|3.8|механика|430|бензин|0bc9c8ca5
Porsche|911|VII (991)|2011|2015|Купе|3.8|робот|400|бензин|0bc9c8ca5
Porsche|911|VII (991)|2011|2015|Купе|3.8|робот|430|бензин|0bc9c8ca5
Porsche|911|VII (991)|2011|2015|Купе|3.8|робот|520|бензин|0bc9c8ca5
Porsche|911|VII (991)|2011|2015|Купе|3.8|робот|560|бензин|0bc9c8ca5
Porsche|911|VII (991)|2011|2015|Тарга Targa|3.4|механика|350|бензин|84cb9ebea
Porsche|911|VII (991)|2011|2015|Тарга Targa|3.4|робот|350|бензин|84cb9ebea
Porsche|911|VII (991)|2011|2015|Тарга Targa|3.8|механика|400|бензин|84cb9ebea
Porsche|911|VII (991)|2011|2015|Тарга Targa|3.8|механика|430|бензин|84cb9ebea
Porsche|911|VII (991)|2011|2015|Тарга Targa|3.8|робот|400|бензин|84cb9ebea
Porsche|911|VII (991)|2011|2015|Тарга Targa|3.8|робот|430|бензин|84cb9ebea
Porsche|911|VIII (992)|2018|н.в.|Кабриолет|3.0|робот|385|бензин|ac39a87b1
Porsche|911|VIII (992)|2018|н.в.|Кабриолет|3.0|робот|450|бензин|ac39a87b1
Porsche|911|VIII (992)|2018|н.в.|Кабриолет|3.0|робот|480|бензин|ac39a87b1
Porsche|911|VIII (992)|2018|н.в.|Кабриолет|3.8|робот|580|бензин|ac39a87b1
Porsche|911|VIII (992)|2018|н.в.|Кабриолет|3.8|робот|650|бензин|ac39a87b1
Porsche|911|VIII (992)|2018|н.в.|Купе|3.0|механика|450|бензин|6251263de
Porsche|911|VIII (992)|2018|н.в.|Купе|3.0|механика|480|бензин|6251263de
Porsche|911|VIII (992)|2018|н.в.|Купе|3.0|робот|385|бензин|6251263de
Porsche|911|VIII (992)|2018|н.в.|Купе|3.0|робот|450|бензин|6251263de
Porsche|911|VIII (992)|2018|н.в.|Купе|3.0|робот|480|бензин|6251263de
Porsche|911|VIII (992)|2018|н.в.|Купе|3.8|робот|580|бензин|6251263de
Porsche|911|VIII (992)|2018|н.в.|Купе|3.8|робот|650|бензин|6251263de
Porsche|911|VIII (992)|2018|н.в.|Тарга Targa|3.0|механика|450|бензин|7cd84b4c0
Porsche|911|VIII (992)|2018|н.в.|Тарга Targa|3.0|робот|385|бензин|7cd84b4c0
Porsche|911|VIII (992)|2018|н.в.|Тарга Targa|3.0|робот|450|бензин|7cd84b4c0
Porsche|911|VIII (992)|2018|н.в.|Тарга Targa|3.0|робот|480|бензин|7cd84b4c0
Porsche|912|E|1976|1976|Купе|2.0|механика|90|бензин|84bb79d0a
Porsche|912|I|1965|1969|Купе|1.6|механика|90|бензин|50cf87a88
Porsche|912|I|1965|1969|Тарга|1.6|механика|90|бензин|ce10c8999
Porsche|914||1969|1976|Тарга|1.7|механика|80|бензин|f223e03c1
Porsche|914||1969|1976|Тарга|1.8|механика|85|бензин|f223e03c1
Porsche|914||1969|1976|Тарга|2.0|механика|110|бензин|f223e03c1
Porsche|918 Spyder||2013|2015|Родстер|4.6|робот|608|гибрид|3c07e6846
Porsche|924||1975|1988|Купе|2.0|механика|125|бензин|65e8a10fc
Porsche|924||1975|1988|Купе|2.0|механика|170|бензин|65e8a10fc
Porsche|924||1975|1988|Купе|2.0|механика|177|бензин|65e8a10fc
Porsche|924||1975|1988|Купе|2.0|механика|210|бензин|65e8a10fc
Porsche|924||1975|1988|Купе|2.5|механика|150|бензин|65e8a10fc
Porsche|924||1975|1988|Купе|2.5|механика|160|бензин|65e8a10fc
Porsche|928||1977|1995|Купе|4.5|автомат|240|бензин|ef0c3c061
Porsche|928||1977|1995|Купе|4.5|механика|241|бензин|ef0c3c061
Porsche|928||1977|1995|Купе|4.7|автомат|301|бензин|ef0c3c061
Porsche|928||1977|1995|Купе|4.7|автомат|310|бензин|ef0c3c061
Porsche|928||1977|1995|Купе|4.7|механика|301|бензин|ef0c3c061
Porsche|928||1977|1995|Купе|4.7|механика|310|бензин|ef0c3c061
Porsche|928||1977|1995|Купе|5.0|автомат|288|бензин|ef0c3c061
Porsche|928||1977|1995|Купе|5.0|автомат|320|бензин|ef0c3c061
Porsche|928||1977|1995|Купе|5.0|автомат|330|бензин|ef0c3c061
Porsche|928||1977|1995|Купе|5.0|механика|288|бензин|ef0c3c061
Porsche|928||1977|1995|Купе|5.0|механика|320|бензин|ef0c3c061
Porsche|928||1977|1995|Купе|5.0|механика|330|бензин|ef0c3c061
Porsche|928||1977|1995|Купе|5.4|автомат|350|бензин|ef0c3c061
Porsche|928||1977|1995|Купе|5.4|механика|350|бензин|ef0c3c061
Porsche|944||1981|1991|Кабриолет|3.0|механика|211|бензин|a7fd031e8
Porsche|944||1981|1991|Купе|2.5|автомат|150|бензин|a591ebf9f
Porsche|944||1981|1991|Купе|2.5|автомат|160|бензин|a591ebf9f
Porsche|944||1981|1991|Купе|2.5|механика|150|бензин|a591ebf9f
Porsche|944||1981|1991|Купе|2.5|механика|160|бензин|a591ebf9f
Porsche|944||1981|1991|Купе|2.5|механика|190|бензин|a591ebf9f
Porsche|944||1981|1991|Купе|2.5|механика|220|бензин|a591ebf9f
Porsche|944||1981|1991|Купе|2.5|механика|250|бензин|a591ebf9f
Porsche|944||1981|1991|Купе|2.7|механика|165|бензин|a591ebf9f
Porsche|944||1981|1991|Купе|3.0|механика|211|бензин|a591ebf9f
Porsche|959||1986|1991|Купе|2.9|механика|450|бензин|413bb2f39
Porsche|968||1991|1995|Кабриолет|3.0|автомат|240|бензин|bd769888a
Porsche|968||1991|1995|Кабриолет|3.0|механика|240|бензин|bd769888a
Porsche|968||1991|1995|Купе|3.0|автомат|240|бензин|62162fbf3
Porsche|968||1991|1995|Купе|3.0|механика|240|бензин|62162fbf3
Porsche|968||1991|1995|Купе|3.0|механика|305|бензин|62162fbf3
Porsche|Boxster|I (986) Рестайлинг|2002|2004|Родстер|2.7|автомат|228|бензин|5674d2413
Porsche|Boxster|I (986) Рестайлинг|2002|2004|Родстер|2.7|механика|228|бензин|5674d2413
Porsche|Boxster|I (986) Рестайлинг|2002|2004|Родстер|3.2|автомат|260|бензин|5674d2413
Porsche|Boxster|I (986) Рестайлинг|2002|2004|Родстер|3.2|механика|260|бензин|5674d2413
Porsche|Boxster|I (986)|1996|2002|Родстер|2.5|автомат|204|бензин|f3d0b2017
Porsche|Boxster|I (986)|1996|2002|Родстер|2.5|механика|204|бензин|f3d0b2017
Porsche|Boxster|I (986)|1996|2002|Родстер|2.7|автомат|220|бензин|f3d0b2017
Porsche|Boxster|I (986)|1996|2002|Родстер|2.7|механика|220|бензин|f3d0b2017
Porsche|Boxster|I (986)|1996|2002|Родстер|3.2|автомат|252|бензин|f3d0b2017
Porsche|Boxster|I (986)|1996|2002|Родстер|3.2|механика|252|бензин|f3d0b2017
Porsche|Boxster|II (987) Рестайлинг 1|2006|2009|Родстер|2.7|автомат|245|бензин|f97893628
Porsche|Boxster|II (987) Рестайлинг 1|2006|2009|Родстер|2.7|механика|245|бензин|f97893628
Porsche|Boxster|II (987) Рестайлинг 1|2006|2009|Родстер|3.4|автомат|295|бензин|f97893628
Porsche|Boxster|II (987) Рестайлинг 1|2006|2009|Родстер|3.4|автомат|303|бензин|f97893628
Porsche|Boxster|II (987) Рестайлинг 1|2006|2009|Родстер|3.4|механика|295|бензин|f97893628
Porsche|Boxster|II (987) Рестайлинг 1|2006|2009|Родстер|3.4|механика|303|бензин|f97893628
Porsche|Boxster|II (987) Рестайлинг 2|2009|2012|Родстер|2.9|механика|255|бензин|4033fd4a9
Porsche|Boxster|II (987) Рестайлинг 2|2009|2012|Родстер|2.9|робот|255|бензин|4033fd4a9
Porsche|Boxster|II (987) Рестайлинг 2|2009|2012|Родстер|3.4|механика|310|бензин|4033fd4a9
Porsche|Boxster|II (987) Рестайлинг 2|2009|2012|Родстер|3.4|механика|320|бензин|4033fd4a9
Porsche|Boxster|II (987) Рестайлинг 2|2009|2012|Родстер|3.4|робот|310|бензин|4033fd4a9
Porsche|Boxster|II (987) Рестайлинг 2|2009|2012|Родстер|3.4|робот|320|бензин|4033fd4a9
Porsche|Boxster|II (987)|2004|2006|Родстер|2.7|автомат|240|бензин|58ddfe6b4
Porsche|Boxster|II (987)|2004|2006|Родстер|2.7|механика|240|бензин|58ddfe6b4
Porsche|Boxster|II (987)|2004|2006|Родстер|3.2|автомат|280|бензин|58ddfe6b4
Porsche|Boxster|II (987)|2004|2006|Родстер|3.2|механика|280|бензин|58ddfe6b4
Porsche|Boxster|III (981)|2012|2016|Родстер|2.7|механика|211|бензин|0d6429758
Porsche|Boxster|III (981)|2012|2016|Родстер|2.7|механика|265|бензин|0d6429758
Porsche|Boxster|III (981)|2012|2016|Родстер|2.7|робот|211|бензин|0d6429758
Porsche|Boxster|III (981)|2012|2016|Родстер|2.7|робот|265|бензин|0d6429758
Porsche|Boxster|III (981)|2012|2016|Родстер|3.4|механика|315|бензин|0d6429758
Porsche|Boxster|III (981)|2012|2016|Родстер|3.4|механика|330|бензин|0d6429758
Porsche|Boxster|III (981)|2012|2016|Родстер|3.4|робот|315|бензин|0d6429758
Porsche|Boxster|III (981)|2012|2016|Родстер|3.4|робот|330|бензин|0d6429758
Porsche|Boxster|IV 718 (982)|2016|н.в.|Родстер|2.0|механика|300|бензин|d4540d433
Porsche|Boxster|IV 718 (982)|2016|н.в.|Родстер|2.0|робот|300|бензин|d4540d433
Porsche|Boxster|IV 718 (982)|2016|н.в.|Родстер|2.5|механика|350|бензин|d4540d433
Porsche|Boxster|IV 718 (982)|2016|н.в.|Родстер|2.5|механика|365|бензин|d4540d433
Porsche|Boxster|IV 718 (982)|2016|н.в.|Родстер|2.5|робот|350|бензин|d4540d433
Porsche|Boxster|IV 718 (982)|2016|н.в.|Родстер|2.5|робот|365|бензин|d4540d433
Porsche|Boxster|IV 718 (982)|2016|н.в.|Родстер|4.0|механика|400|бензин|d4540d433
Porsche|Boxster|IV 718 (982)|2016|н.в.|Родстер|4.0|робот|400|бензин|d4540d433
Porsche|Carrera GT||2003|2007|Тарга|5.7|механика|612|бензин|0fdd93f67
Porsche|Cayenne Coupe|I|2019|н.в.|Внедорожник 5 дв.|2.9|автомат|440|бензин|0a00778ef
Porsche|Cayenne Coupe|I|2019|н.в.|Внедорожник 5 дв.|3.0|автомат|340|бензин|0a00778ef
Porsche|Cayenne Coupe|I|2019|н.в.|Внедорожник 5 дв.|3.0|автомат|340|гибрид|0a00778ef
Porsche|Cayenne Coupe|I|2019|н.в.|Внедорожник 5 дв.|4.0|автомат|460|бензин|0a00778ef
Porsche|Cayenne Coupe|I|2019|н.в.|Внедорожник 5 дв.|4.0|автомат|550|бензин|0a00778ef
Porsche|Cayenne Coupe|I|2019|н.в.|Внедорожник 5 дв.|4.0|автомат|550|гибрид|0a00778ef
Porsche|Cayenne Coupe|I|2019|н.в.|Внедорожник 5 дв.|4.0|автомат|640|бензин|0a00778ef
Porsche|Cayenne|I (955)|2002|2007|Внедорожник 5 дв.|3.2|автомат|250|бензин|2411f819d
Porsche|Cayenne|I (955)|2002|2007|Внедорожник 5 дв.|3.2|механика|250|бензин|2411f819d
Porsche|Cayenne|I (955)|2002|2007|Внедорожник 5 дв.|4.5|автомат|340|бензин|2411f819d
Porsche|Cayenne|I (955)|2002|2007|Внедорожник 5 дв.|4.5|автомат|450|бензин|2411f819d
Porsche|Cayenne|I (955)|2002|2007|Внедорожник 5 дв.|4.5|автомат|500|бензин|2411f819d
Porsche|Cayenne|I (955)|2002|2007|Внедорожник 5 дв.|4.5|автомат|521|бензин|2411f819d
Porsche|Cayenne|I (955)|2002|2007|Внедорожник 5 дв.|4.5|механика|340|бензин|2411f819d
Porsche|Cayenne|I Рестайлинг (957)|2007|2010|Внедорожник 5 дв.|3.0|автомат|240|дизель|4463cfb17
Porsche|Cayenne|I Рестайлинг (957)|2007|2010|Внедорожник 5 дв.|3.6|автомат|290|бензин|4463cfb17
Porsche|Cayenne|I Рестайлинг (957)|2007|2010|Внедорожник 5 дв.|3.6|механика|290|бензин|4463cfb17
Porsche|Cayenne|I Рестайлинг (957)|2007|2010|Внедорожник 5 дв.|4.8|автомат|385|бензин|4463cfb17
Porsche|Cayenne|I Рестайлинг (957)|2007|2010|Внедорожник 5 дв.|4.8|автомат|405|бензин|4463cfb17
Porsche|Cayenne|I Рестайлинг (957)|2007|2010|Внедорожник 5 дв.|4.8|автомат|500|бензин|4463cfb17
Porsche|Cayenne|I Рестайлинг (957)|2007|2010|Внедорожник 5 дв.|4.8|автомат|550|бензин|4463cfb17
Porsche|Cayenne|I Рестайлинг (957)|2007|2010|Внедорожник 5 дв.|4.8|механика|385|бензин|4463cfb17
Porsche|Cayenne|I Рестайлинг (957)|2007|2010|Внедорожник 5 дв.|4.8|механика|405|бензин|4463cfb17
Porsche|Cayenne|II (958)|2010|2014|Внедорожник 5 дв.|3.0|автомат|239|дизель|ae24a8741
Porsche|Cayenne|II (958)|2010|2014|Внедорожник 5 дв.|3.0|автомат|245|дизель|ae24a8741
Porsche|Cayenne|II (958)|2010|2014|Внедорожник 5 дв.|3.0|автомат|333|гибрид|ae24a8741
Porsche|Cayenne|II (958)|2010|2014|Внедорожник 5 дв.|3.6|автомат|300|бензин|ae24a8741
Porsche|Cayenne|II (958)|2010|2014|Внедорожник 5 дв.|3.6|механика|300|бензин|ae24a8741
Porsche|Cayenne|II (958)|2010|2014|Внедорожник 5 дв.|4.1|автомат|382|дизель|ae24a8741
Porsche|Cayenne|II (958)|2010|2014|Внедорожник 5 дв.|4.8|автомат|400|бензин|ae24a8741
Porsche|Cayenne|II (958)|2010|2014|Внедорожник 5 дв.|4.8|автомат|420|бензин|ae24a8741
Porsche|Cayenne|II (958)|2010|2014|Внедорожник 5 дв.|4.8|автомат|500|бензин|ae24a8741
Porsche|Cayenne|II (958)|2010|2014|Внедорожник 5 дв.|4.8|автомат|550|бензин|ae24a8741
Porsche|Cayenne|II Рестайлинг (958)|2014|2018|Внедорожник 5 дв.|3.0|автомат|211|дизель|8570cdf01
Porsche|Cayenne|II Рестайлинг (958)|2014|2018|Внедорожник 5 дв.|3.0|автомат|245|дизель|8570cdf01
Porsche|Cayenne|II Рестайлинг (958)|2014|2018|Внедорожник 5 дв.|3.0|автомат|262|дизель|8570cdf01
Porsche|Cayenne|II Рестайлинг (958)|2014|2018|Внедорожник 5 дв.|3.0|автомат|333|гибрид|8570cdf01
Porsche|Cayenne|II Рестайлинг (958)|2014|2018|Внедорожник 5 дв.|3.6|автомат|300|бензин|8570cdf01
Porsche|Cayenne|II Рестайлинг (958)|2014|2018|Внедорожник 5 дв.|3.6|автомат|420|бензин|8570cdf01
Porsche|Cayenne|II Рестайлинг (958)|2014|2018|Внедорожник 5 дв.|3.6|автомат|440|бензин|8570cdf01
Porsche|Cayenne|II Рестайлинг (958)|2014|2018|Внедорожник 5 дв.|4.1|автомат|385|дизель|8570cdf01
Porsche|Cayenne|II Рестайлинг (958)|2014|2018|Внедорожник 5 дв.|4.8|автомат|520|бензин|8570cdf01
Porsche|Cayenne|II Рестайлинг (958)|2014|2018|Внедорожник 5 дв.|4.8|автомат|570|бензин|8570cdf01
Porsche|Cayenne|III|2017|н.в.|Внедорожник 5 дв.|2.9|автомат|440|бензин|a46c014a0
Porsche|Cayenne|III|2017|н.в.|Внедорожник 5 дв.|3.0|автомат|340|бензин|a46c014a0
Porsche|Cayenne|III|2017|н.в.|Внедорожник 5 дв.|3.0|автомат|340|гибрид|a46c014a0
Porsche|Cayenne|III|2017|н.в.|Внедорожник 5 дв.|4.0|автомат|460|бензин|a46c014a0
Porsche|Cayenne|III|2017|н.в.|Внедорожник 5 дв.|4.0|автомат|550|бензин|a46c014a0
Porsche|Cayenne|III|2017|н.в.|Внедорожник 5 дв.|4.0|автомат|550|гибрид|a46c014a0
Porsche|Cayman GT4|I (981)|2015|2016|Купе|3.8|механика|385|бензин|a22046749
Porsche|Cayman GT4|II 718 (982)|2019|н.в.|Купе|4.0|механика|420|бензин|ebf20fa12
Porsche|Cayman GT4|II 718 (982)|2019|н.в.|Купе|4.0|робот|420|бензин|ebf20fa12
Porsche|Cayman|I (987) Рестайлинг|2009|2012|Купе|2.9|механика|265|бензин|031fdcc00
Porsche|Cayman|I (987) Рестайлинг|2009|2012|Купе|2.9|робот|265|бензин|031fdcc00
Porsche|Cayman|I (987) Рестайлинг|2009|2012|Купе|3.4|механика|320|бензин|031fdcc00
Porsche|Cayman|I (987) Рестайлинг|2009|2012|Купе|3.4|механика|330|бензин|031fdcc00
Porsche|Cayman|I (987) Рестайлинг|2009|2012|Купе|3.4|робот|320|бензин|031fdcc00
Porsche|Cayman|I (987) Рестайлинг|2009|2012|Купе|3.4|робот|330|бензин|031fdcc00
Porsche|Cayman|I (987)|2005|2009|Купе|2.7|автомат|245|бензин|de537bcf3
Porsche|Cayman|I (987)|2005|2009|Купе|2.7|механика|245|бензин|de537bcf3
Porsche|Cayman|I (987)|2005|2009|Купе|3.4|автомат|295|бензин|de537bcf3
Porsche|Cayman|I (987)|2005|2009|Купе|3.4|автомат|303|бензин|de537bcf3
Porsche|Cayman|I (987)|2005|2009|Купе|3.4|механика|295|бензин|de537bcf3
Porsche|Cayman|I (987)|2005|2009|Купе|3.4|механика|303|бензин|de537bcf3
Porsche|Cayman|II (981)|2013|2016|Купе|2.7|механика|211|бензин|c35bb9bb8
Porsche|Cayman|II (981)|2013|2016|Купе|2.7|механика|275|бензин|c35bb9bb8
Porsche|Cayman|II (981)|2013|2016|Купе|2.7|робот|211|бензин|c35bb9bb8
Porsche|Cayman|II (981)|2013|2016|Купе|2.7|робот|275|бензин|c35bb9bb8
Porsche|Cayman|II (981)|2013|2016|Купе|3.4|механика|325|бензин|c35bb9bb8
Porsche|Cayman|II (981)|2013|2016|Купе|3.4|механика|340|бензин|c35bb9bb8
Porsche|Cayman|II (981)|2013|2016|Купе|3.4|робот|325|бензин|c35bb9bb8
Porsche|Cayman|II (981)|2013|2016|Купе|3.4|робот|340|бензин|c35bb9bb8
Porsche|Cayman|II (981)|2013|2016|Купе|3.8|механика|385|бензин|c35bb9bb8
Porsche|Cayman|III 718 (982)|2016|н.в.|Купе|2.0|механика|300|бензин|24a557c64
Porsche|Cayman|III 718 (982)|2016|н.в.|Купе|2.0|робот|300|бензин|24a557c64
Porsche|Cayman|III 718 (982)|2016|н.в.|Купе|2.5|механика|350|бензин|24a557c64
Porsche|Cayman|III 718 (982)|2016|н.в.|Купе|2.5|механика|365|бензин|24a557c64
Porsche|Cayman|III 718 (982)|2016|н.в.|Купе|2.5|робот|350|бензин|24a557c64
Porsche|Cayman|III 718 (982)|2016|н.в.|Купе|2.5|робот|365|бензин|24a557c64
Porsche|Cayman|III 718 (982)|2016|н.в.|Купе|4.0|механика|400|бензин|24a557c64
Porsche|Cayman|III 718 (982)|2016|н.в.|Купе|4.0|робот|400|бензин|24a557c64
Porsche|Macan|I Рестайлинг 2|2021|н.в.|Внедорожник 5 дв.|2.0|робот|265|бензин|4df515a7a
Porsche|Macan|I Рестайлинг 2|2021|н.в.|Внедорожник 5 дв.|2.9|робот|380|бензин|4df515a7a
Porsche|Macan|I Рестайлинг 2|2021|н.в.|Внедорожник 5 дв.|2.9|робот|440|бензин|4df515a7a
Porsche|Macan|I Рестайлинг|2018|н.в.|Внедорожник 5 дв.|2.0|робот|252|бензин|0b9275c0e
Porsche|Macan|I Рестайлинг|2018|н.в.|Внедорожник 5 дв.|2.9|робот|380|бензин|0b9275c0e
Porsche|Macan|I Рестайлинг|2018|н.в.|Внедорожник 5 дв.|2.9|робот|440|бензин|0b9275c0e
Porsche|Macan|I Рестайлинг|2018|н.в.|Внедорожник 5 дв.|3.0|робот|354|бензин|0b9275c0e
Porsche|Macan|I|2014|2018|Внедорожник 5 дв.|2.0|робот|237|бензин|10bc287b1
Porsche|Macan|I|2014|2018|Внедорожник 5 дв.|2.0|робот|252|бензин|10bc287b1
Porsche|Macan|I|2014|2018|Внедорожник 5 дв.|3.0|робот|211|дизель|10bc287b1
Porsche|Macan|I|2014|2018|Внедорожник 5 дв.|3.0|робот|245|дизель|10bc287b1
Porsche|Macan|I|2014|2018|Внедорожник 5 дв.|3.0|робот|340|бензин|10bc287b1
Porsche|Macan|I|2014|2018|Внедорожник 5 дв.|3.0|робот|360|бензин|10bc287b1
Porsche|Macan|I|2014|2018|Внедорожник 5 дв.|3.6|робот|400|бензин|10bc287b1
Porsche|Macan|I|2014|2018|Внедорожник 5 дв.|3.6|робот|440|бензин|10bc287b1
Porsche|Panamera|I Рестайлинг|2013|2016|Хэтчбек 5 дв.|3.0|автомат|211|дизель|5d70c73e1
Porsche|Panamera|I Рестайлинг|2013|2016|Хэтчбек 5 дв.|3.0|автомат|250|дизель|5d70c73e1
Porsche|Panamera|I Рестайлинг|2013|2016|Хэтчбек 5 дв.|3.0|автомат|300|дизель|5d70c73e1
Porsche|Panamera|I Рестайлинг|2013|2016|Хэтчбек 5 дв.|3.0|механика|420|бензин|5d70c73e1
Porsche|Panamera|I Рестайлинг|2013|2016|Хэтчбек 5 дв.|3.0|робот|333|гибрид|5d70c73e1
Porsche|Panamera|I Рестайлинг|2013|2016|Хэтчбек 5 дв.|3.0|робот|420|бензин|5d70c73e1
Porsche|Panamera|I Рестайлинг|2013|2016|Хэтчбек 5 дв.|3.6|механика|310|бензин|5d70c73e1
Porsche|Panamera|I Рестайлинг|2013|2016|Хэтчбек 5 дв.|3.6|робот|310|бензин|5d70c73e1
Porsche|Panamera|I Рестайлинг|2013|2016|Хэтчбек 5 дв.|4.8|робот|400|бензин|5d70c73e1
Porsche|Panamera|I Рестайлинг|2013|2016|Хэтчбек 5 дв.|4.8|робот|440|бензин|5d70c73e1
Porsche|Panamera|I Рестайлинг|2013|2016|Хэтчбек 5 дв.|4.8|робот|520|бензин|5d70c73e1
Porsche|Panamera|I Рестайлинг|2013|2016|Хэтчбек 5 дв.|4.8|робот|570|бензин|5d70c73e1
Porsche|Panamera|II Рестайлинг|2020|н.в.|Универсал 5 дв.|2.9|робот|330|бензин|82c8294ac
Porsche|Panamera|II Рестайлинг|2020|н.в.|Универсал 5 дв.|2.9|робот|330|гибрид|82c8294ac
Porsche|Panamera|II Рестайлинг|2020|н.в.|Универсал 5 дв.|2.9|робот|450|бензин|82c8294ac
Porsche|Panamera|II Рестайлинг|2020|н.в.|Универсал 5 дв.|2.9|робот|450|гибрид|82c8294ac
Porsche|Panamera|II Рестайлинг|2020|н.в.|Универсал 5 дв.|4.0|робот|480|бензин|82c8294ac
Porsche|Panamera|II Рестайлинг|2020|н.в.|Универсал 5 дв.|4.0|робот|571|гибрид|82c8294ac
Porsche|Panamera|II Рестайлинг|2020|н.в.|Универсал 5 дв.|4.0|робот|630|бензин|82c8294ac
Porsche|Panamera|II Рестайлинг|2020|н.в.|Хэтчбек 5 дв. Executive|2.9|робот|330|бензин|b195bfba1
Porsche|Panamera|II Рестайлинг|2020|н.в.|Хэтчбек 5 дв. Executive|2.9|робот|330|гибрид|b195bfba1
Porsche|Panamera|II Рестайлинг|2020|н.в.|Хэтчбек 5 дв. Executive|2.9|робот|450|бензин|b195bfba1
Porsche|Panamera|II Рестайлинг|2020|н.в.|Хэтчбек 5 дв. Executive|2.9|робот|450|гибрид|b195bfba1
Porsche|Panamera|II Рестайлинг|2020|н.в.|Хэтчбек 5 дв. Executive|4.0|робот|571|гибрид|b195bfba1
Porsche|Panamera|II Рестайлинг|2020|н.в.|Хэтчбек 5 дв. Executive|4.0|робот|630|бензин|b195bfba1
Porsche|Panamera|II Рестайлинг|2020|н.в.|Хэтчбек 5 дв.|2.9|робот|330|бензин|88c7e2136
Porsche|Panamera|II Рестайлинг|2020|н.в.|Хэтчбек 5 дв.|2.9|робот|330|гибрид|88c7e2136
Porsche|Panamera|II Рестайлинг|2020|н.в.|Хэтчбек 5 дв.|2.9|робот|450|бензин|88c7e2136
Porsche|Panamera|II Рестайлинг|2020|н.в.|Хэтчбек 5 дв.|2.9|робот|450|гибрид|88c7e2136
Porsche|Panamera|II Рестайлинг|2020|н.в.|Хэтчбек 5 дв.|4.0|робот|480|бензин|88c7e2136
Porsche|Panamera|II Рестайлинг|2020|н.в.|Хэтчбек 5 дв.|4.0|робот|571|гибрид|88c7e2136
Porsche|Panamera|II Рестайлинг|2020|н.в.|Хэтчбек 5 дв.|4.0|робот|630|бензин|88c7e2136
Porsche|Panamera|II|2016|2020|Универсал 5 дв.|2.9|робот|330|гибрид|3f5e54f98
Porsche|Panamera|II|2016|2020|Универсал 5 дв.|2.9|робот|422|дизель|3f5e54f98
Porsche|Panamera|II|2016|2020|Универсал 5 дв.|2.9|робот|440|бензин|3f5e54f98
Porsche|Panamera|II|2016|2020|Универсал 5 дв.|3.0|робот|330|бензин|3f5e54f98
Porsche|Panamera|II|2016|2020|Универсал 5 дв.|4.0|робот|460|бензин|3f5e54f98
Porsche|Panamera|II|2016|2020|Универсал 5 дв.|4.0|робот|550|бензин|3f5e54f98
Porsche|Panamera|II|2016|2020|Универсал 5 дв.|4.0|робот|550|гибрид|3f5e54f98
Porsche|Panamera|II|2016|2020|Хэтчбек 5 дв. Executive|2.9|робот|330|гибрид|9ef0d788d
Porsche|Panamera|II|2016|2020|Хэтчбек 5 дв. Executive|2.9|робот|440|бензин|9ef0d788d
Porsche|Panamera|II|2016|2020|Хэтчбек 5 дв. Executive|3.0|робот|330|бензин|9ef0d788d
Porsche|Panamera|II|2016|2020|Хэтчбек 5 дв. Executive|4.0|робот|550|бензин|9ef0d788d
Porsche|Panamera|II|2016|2020|Хэтчбек 5 дв. Executive|4.0|робот|550|гибрид|9ef0d788d
Porsche|Panamera|II|2016|2020|Хэтчбек 5 дв.|2.9|робот|330|гибрид|a63d974c1
Porsche|Panamera|II|2016|2020|Хэтчбек 5 дв.|2.9|робот|440|бензин|a63d974c1
Porsche|Panamera|II|2016|2020|Хэтчбек 5 дв.|3.0|робот|330|бензин|a63d974c1
Porsche|Panamera|II|2016|2020|Хэтчбек 5 дв.|4.0|робот|422|дизель|a63d974c1
Porsche|Panamera|II|2016|2020|Хэтчбек 5 дв.|4.0|робот|460|бензин|a63d974c1
Porsche|Panamera|II|2016|2020|Хэтчбек 5 дв.|4.0|робот|550|бензин|a63d974c1
Porsche|Panamera|II|2016|2020|Хэтчбек 5 дв.|4.0|робот|550|гибрид|a63d974c1
Porsche|Panamera|I|2009|2013|Хэтчбек 5 дв.|3.0|автомат|250|дизель|178ea05c6
Porsche|Panamera|I|2009|2013|Хэтчбек 5 дв.|3.0|робот|333|гибрид|178ea05c6
Porsche|Panamera|I|2009|2013|Хэтчбек 5 дв.|3.6|механика|300|бензин|178ea05c6
Porsche|Panamera|I|2009|2013|Хэтчбек 5 дв.|3.6|робот|300|бензин|178ea05c6
Porsche|Panamera|I|2009|2013|Хэтчбек 5 дв.|4.8|механика|400|бензин|178ea05c6
Porsche|Panamera|I|2009|2013|Хэтчбек 5 дв.|4.8|робот|400|бензин|178ea05c6
Porsche|Panamera|I|2009|2013|Хэтчбек 5 дв.|4.8|робот|430|бензин|178ea05c6
Porsche|Panamera|I|2009|2013|Хэтчбек 5 дв.|4.8|робот|500|бензин|178ea05c6
Porsche|Panamera|I|2009|2013|Хэтчбек 5 дв.|4.8|робот|550|бензин|178ea05c6
Porsche|Taycan|I|2019|н.в.|Седан||автомат|408|электро|2c73ce35e
Porsche|Taycan|I|2019|н.в.|Седан||автомат|476|электро|2c73ce35e
Porsche|Taycan|I|2019|н.в.|Седан||автомат|530|электро|2c73ce35e
Porsche|Taycan|I|2019|н.в.|Седан||автомат|571|электро|2c73ce35e
Porsche|Taycan|I|2019|н.в.|Седан||автомат|680|электро|2c73ce35e
Porsche|Taycan|I|2019|н.в.|Седан||автомат|761|электро|2c73ce35e
Porsche|Taycan|I|2019|н.в.|Универсал 5 дв. Cross Turismo||автомат|476|электро|7b46bfdda
Porsche|Taycan|I|2019|н.в.|Универсал 5 дв. Cross Turismo||автомат|571|электро|7b46bfdda
Porsche|Taycan|I|2019|н.в.|Универсал 5 дв. Cross Turismo||автомат|680|электро|7b46bfdda
Porsche|Taycan|I|2019|н.в.|Универсал 5 дв. Cross Turismo||автомат|761|электро|7b46bfdda