Rezvani|Beast||2015|н.в.|Кабриолет|2.0|механика|315|бензин|016924908
Rezvani|Beast||2015|н.в.|Кабриолет|2.4|механика|300|бензин|016924908
Rezvani|Beast||2015|н.в.|Кабриолет|2.4|механика|500|бензин|016924908
Rezvani|Beast||2015|н.в.|Тарга Alpha|2.4|механика|500|бензин|41e1240f1
Rezvani|Tank|II|2019|н.в.|Внедорожник 5 дв.|3.0|автомат|285|дизель|8978b5ec8
Rezvani|Tank|II|2019|н.в.|Внедорожник 5 дв.|3.0|механика|285|дизель|8978b5ec8
Rezvani|Tank|II|2019|н.в.|Внедорожник 5 дв.|3.6|автомат|285|бензин|8978b5ec8
Rezvani|Tank|II|2019|н.в.|Внедорожник 5 дв.|3.6|механика|285|бензин|8978b5ec8
Rezvani|Tank|II|2019|н.в.|Внедорожник 5 дв.|6.2|автомат|1014|бензин|8978b5ec8
Rezvani|Tank|II|2019|н.в.|Внедорожник 5 дв.|6.4|автомат|500|бензин|8978b5ec8
Rezvani|Tank|II|2019|н.в.|Внедорожник 5 дв.|6.4|механика|500|бензин|8978b5ec8
Rezvani|Tank|I|2017|2019|Внедорожник 5 дв.|3.6|автомат|285|бензин|365f01083
Rezvani|Tank|I|2017|2019|Внедорожник 5 дв.|6.2|автомат|717|бензин|365f01083
Rezvani|Tank|I|2017|2019|Внедорожник 5 дв.|6.4|автомат|500|бензин|365f01083