SEAT|133||1974|1979|Хэтчбек 3 дв.|0.8|механика|34|бензин|058f43497
SEAT|Alhambra|I Рестайлинг|2000|2010|Минивэн|1.8|автомат|150|бензин|a4052252c
SEAT|Alhambra|I Рестайлинг|2000|2010|Минивэн|1.8|механика|150|бензин|a4052252c
SEAT|Alhambra|I Рестайлинг|2000|2010|Минивэн|1.9|автомат|115|дизель|a4052252c
SEAT|Alhambra|I Рестайлинг|2000|2010|Минивэн|1.9|механика|115|дизель|a4052252c
SEAT|Alhambra|I Рестайлинг|2000|2010|Минивэн|1.9|механика|116|дизель|a4052252c
SEAT|Alhambra|I Рестайлинг|2000|2010|Минивэн|1.9|механика|130|дизель|a4052252c
SEAT|Alhambra|I Рестайлинг|2000|2010|Минивэн|1.9|механика|140|дизель|a4052252c
SEAT|Alhambra|I Рестайлинг|2000|2010|Минивэн|1.9|механика|90|дизель|a4052252c
SEAT|Alhambra|I Рестайлинг|2000|2010|Минивэн|2.0|автомат|115|бензин|a4052252c
SEAT|Alhambra|I Рестайлинг|2000|2010|Минивэн|2.0|механика|115|бензин|a4052252c
SEAT|Alhambra|I Рестайлинг|2000|2010|Минивэн|2.8|автомат|204|бензин|a4052252c
SEAT|Alhambra|I Рестайлинг|2000|2010|Минивэн|2.8|механика|204|бензин|a4052252c
SEAT|Alhambra|II Рестайлинг|2015|н.в.|Минивэн|1.4|механика|150|бензин|688d6c692
SEAT|Alhambra|II Рестайлинг|2015|н.в.|Минивэн|1.4|робот|150|бензин|688d6c692
SEAT|Alhambra|II Рестайлинг|2015|н.в.|Минивэн|2.0|механика|115|дизель|688d6c692
SEAT|Alhambra|II Рестайлинг|2015|н.в.|Минивэн|2.0|механика|150|дизель|688d6c692
SEAT|Alhambra|II Рестайлинг|2015|н.в.|Минивэн|2.0|механика|184|дизель|688d6c692
SEAT|Alhambra|II Рестайлинг|2015|н.в.|Минивэн|2.0|робот|150|дизель|688d6c692
SEAT|Alhambra|II Рестайлинг|2015|н.в.|Минивэн|2.0|робот|177|дизель|688d6c692
SEAT|Alhambra|II Рестайлинг|2015|н.в.|Минивэн|2.0|робот|184|дизель|688d6c692
SEAT|Alhambra|II Рестайлинг|2015|н.в.|Минивэн|2.0|робот|220|бензин|688d6c692
SEAT|Alhambra|II|2010|2015|Минивэн|1.4|механика|150|бензин|12785abab
SEAT|Alhambra|II|2010|2015|Минивэн|1.4|робот|150|бензин|12785abab
SEAT|Alhambra|II|2010|2015|Минивэн|2.0|механика|115|дизель|12785abab
SEAT|Alhambra|II|2010|2015|Минивэн|2.0|механика|140|дизель|12785abab
SEAT|Alhambra|II|2010|2015|Минивэн|2.0|механика|170|дизель|12785abab
SEAT|Alhambra|II|2010|2015|Минивэн|2.0|робот|140|дизель|12785abab
SEAT|Alhambra|II|2010|2015|Минивэн|2.0|робот|170|дизель|12785abab
SEAT|Alhambra|II|2010|2015|Минивэн|2.0|робот|200|бензин|12785abab
SEAT|Alhambra|I|1996|2000|Минивэн|1.8|автомат|150|бензин|cc5a2043c
SEAT|Alhambra|I|1996|2000|Минивэн|1.8|механика|150|бензин|cc5a2043c
SEAT|Alhambra|I|1996|2000|Минивэн|1.9|автомат|110|дизель|cc5a2043c
SEAT|Alhambra|I|1996|2000|Минивэн|1.9|механика|110|дизель|cc5a2043c
SEAT|Alhambra|I|1996|2000|Минивэн|1.9|механика|90|дизель|cc5a2043c
SEAT|Alhambra|I|1996|2000|Минивэн|2.0|автомат|115|бензин|cc5a2043c
SEAT|Alhambra|I|1996|2000|Минивэн|2.0|автомат|150|бензин|cc5a2043c
SEAT|Alhambra|I|1996|2000|Минивэн|2.0|механика|115|бензин|cc5a2043c
SEAT|Alhambra|I|1996|2000|Минивэн|2.0|механика|150|бензин|cc5a2043c
SEAT|Altea|I Рестайлинг|2009|2015|Компактвэн Freetrack|1.4|механика|125|бензин|251daad91
SEAT|Altea|I Рестайлинг|2009|2015|Компактвэн Freetrack|1.6|механика|105|дизель|251daad91
SEAT|Altea|I Рестайлинг|2009|2015|Компактвэн Freetrack|2.0|механика|140|дизель|251daad91
SEAT|Altea|I Рестайлинг|2009|2015|Компактвэн Freetrack|2.0|механика|170|дизель|251daad91
SEAT|Altea|I Рестайлинг|2009|2015|Компактвэн Freetrack|2.0|механика|211|бензин|251daad91
SEAT|Altea|I Рестайлинг|2009|2015|Компактвэн Freetrack|2.0|робот|140|дизель|251daad91
SEAT|Altea|I Рестайлинг|2009|2015|Компактвэн Freetrack|2.0|робот|211|бензин|251daad91
SEAT|Altea|I Рестайлинг|2009|2015|Компактвэн XL|1.2|механика|105|бензин|1e8bfe0f0
SEAT|Altea|I Рестайлинг|2009|2015|Компактвэн XL|1.4|механика|125|бензин|1e8bfe0f0
SEAT|Altea|I Рестайлинг|2009|2015|Компактвэн XL|1.4|механика|85|бензин|1e8bfe0f0
SEAT|Altea|I Рестайлинг|2009|2015|Компактвэн XL|1.6|механика|102|СУГ|1e8bfe0f0
SEAT|Altea|I Рестайлинг|2009|2015|Компактвэн XL|1.6|механика|102|бензин|1e8bfe0f0
SEAT|Altea|I Рестайлинг|2009|2015|Компактвэн XL|1.6|механика|105|дизель|1e8bfe0f0
SEAT|Altea|I Рестайлинг|2009|2015|Компактвэн XL|1.6|механика|90|дизель|1e8bfe0f0
SEAT|Altea|I Рестайлинг|2009|2015|Компактвэн XL|1.6|робот|105|дизель|1e8bfe0f0
SEAT|Altea|I Рестайлинг|2009|2015|Компактвэн XL|1.8|механика|150|бензин|1e8bfe0f0
SEAT|Altea|I Рестайлинг|2009|2015|Компактвэн XL|1.8|робот|160|бензин|1e8bfe0f0
SEAT|Altea|I Рестайлинг|2009|2015|Компактвэн XL|1.9|механика|105|дизель|1e8bfe0f0
SEAT|Altea|I Рестайлинг|2009|2015|Компактвэн XL|2.0|автомат|150|бензин|1e8bfe0f0
SEAT|Altea|I Рестайлинг|2009|2015|Компактвэн XL|2.0|механика|140|дизель|1e8bfe0f0
SEAT|Altea|I Рестайлинг|2009|2015|Компактвэн XL|2.0|робот|140|дизель|1e8bfe0f0
SEAT|Altea|I Рестайлинг|2009|2015|Компактвэн|1.2|механика|105|бензин|63faa3dba
SEAT|Altea|I Рестайлинг|2009|2015|Компактвэн|1.4|механика|125|бензин|63faa3dba
SEAT|Altea|I Рестайлинг|2009|2015|Компактвэн|1.4|механика|85|бензин|63faa3dba
SEAT|Altea|I Рестайлинг|2009|2015|Компактвэн|1.6|механика|102|бензин|63faa3dba
SEAT|Altea|I Рестайлинг|2009|2015|Компактвэн|1.6|механика|105|дизель|63faa3dba
SEAT|Altea|I Рестайлинг|2009|2015|Компактвэн|1.6|механика|90|дизель|63faa3dba
SEAT|Altea|I Рестайлинг|2009|2015|Компактвэн|1.6|робот|105|дизель|63faa3dba
SEAT|Altea|I Рестайлинг|2009|2015|Компактвэн|1.8|робот|160|бензин|63faa3dba
SEAT|Altea|I Рестайлинг|2009|2015|Компактвэн|1.9|автомат|105|дизель|63faa3dba
SEAT|Altea|I Рестайлинг|2009|2015|Компактвэн|1.9|механика|105|дизель|63faa3dba
SEAT|Altea|I Рестайлинг|2009|2015|Компактвэн|2.0|автомат|150|бензин|63faa3dba
SEAT|Altea|I Рестайлинг|2009|2015|Компактвэн|2.0|механика|140|дизель|63faa3dba
SEAT|Altea|I Рестайлинг|2009|2015|Компактвэн|2.0|механика|150|бензин|63faa3dba
SEAT|Altea|I Рестайлинг|2009|2015|Компактвэн|2.0|механика|170|дизель|63faa3dba
SEAT|Altea|I Рестайлинг|2009|2015|Компактвэн|2.0|механика|211|бензин|63faa3dba
SEAT|Altea|I Рестайлинг|2009|2015|Компактвэн|2.0|робот|140|дизель|63faa3dba
SEAT|Altea|I Рестайлинг|2009|2015|Компактвэн|2.0|робот|211|бензин|63faa3dba
SEAT|Altea|I|2004|2009|Компактвэн Freetrack|2.0|автомат|140|дизель|2886c1792
SEAT|Altea|I|2004|2009|Компактвэн Freetrack|2.0|автомат|200|бензин|2886c1792
SEAT|Altea|I|2004|2009|Компактвэн Freetrack|2.0|автомат|211|бензин|2886c1792
SEAT|Altea|I|2004|2009|Компактвэн Freetrack|2.0|механика|140|дизель|2886c1792
SEAT|Altea|I|2004|2009|Компактвэн Freetrack|2.0|механика|170|дизель|2886c1792
SEAT|Altea|I|2004|2009|Компактвэн Freetrack|2.0|механика|200|бензин|2886c1792
SEAT|Altea|I|2004|2009|Компактвэн Freetrack|2.0|механика|211|бензин|2886c1792
SEAT|Altea|I|2004|2009|Компактвэн XL|1.4|механика|125|бензин|a88bedbf6
SEAT|Altea|I|2004|2009|Компактвэн XL|1.6|механика|102|бензин|a88bedbf6
SEAT|Altea|I|2004|2009|Компактвэн XL|1.8|механика|150|бензин|a88bedbf6
SEAT|Altea|I|2004|2009|Компактвэн XL|1.9|механика|105|дизель|a88bedbf6
SEAT|Altea|I|2004|2009|Компактвэн XL|2.0|автомат|150|бензин|a88bedbf6
SEAT|Altea|I|2004|2009|Компактвэн XL|2.0|механика|140|дизель|a88bedbf6
SEAT|Altea|I|2004|2009|Компактвэн XL|2.0|робот|140|дизель|a88bedbf6
SEAT|Altea|I|2004|2009|Компактвэн|1.4|механика|125|бензин|8675e9387
SEAT|Altea|I|2004|2009|Компактвэн|1.4|механика|85|бензин|8675e9387
SEAT|Altea|I|2004|2009|Компактвэн|1.6|механика|102|бензин|8675e9387
SEAT|Altea|I|2004|2009|Компактвэн|1.9|автомат|105|дизель|8675e9387
SEAT|Altea|I|2004|2009|Компактвэн|1.9|механика|105|дизель|8675e9387
SEAT|Altea|I|2004|2009|Компактвэн|2.0|автомат|150|бензин|8675e9387
SEAT|Altea|I|2004|2009|Компактвэн|2.0|механика|140|дизель|8675e9387
SEAT|Altea|I|2004|2009|Компактвэн|2.0|механика|150|бензин|8675e9387
SEAT|Altea|I|2004|2009|Компактвэн|2.0|механика|170|дизель|8675e9387
SEAT|Altea|I|2004|2009|Компактвэн|2.0|механика|200|бензин|8675e9387
SEAT|Altea|I|2004|2009|Компактвэн|2.0|механика|211|бензин|8675e9387
SEAT|Altea|I|2004|2009|Компактвэн|2.0|робот|140|дизель|8675e9387
SEAT|Altea|I|2004|2009|Компактвэн|2.0|робот|211|бензин|8675e9387
SEAT|Arona|I Рестайлинг|2021|н.в.|Внедорожник 5 дв.|1.0|механика|110|бензин|11065854d
SEAT|Arona|I Рестайлинг|2021|н.в.|Внедорожник 5 дв.|1.0|механика|90|СУГ|11065854d
SEAT|Arona|I Рестайлинг|2021|н.в.|Внедорожник 5 дв.|1.0|механика|95|бензин|11065854d
SEAT|Arona|I Рестайлинг|2021|н.в.|Внедорожник 5 дв.|1.0|робот|110|бензин|11065854d
SEAT|Arona|I Рестайлинг|2021|н.в.|Внедорожник 5 дв.|1.5|робот|150|бензин|11065854d
SEAT|Arona|I Рестайлинг|2021|н.в.|Внедорожник 5 дв.|1.6|механика|95|дизель|11065854d
SEAT|Arona|I Рестайлинг|2021|н.в.|Внедорожник 5 дв.|1.6|робот|95|дизель|11065854d
SEAT|Arona|I|2017|н.в.|Внедорожник 5 дв.|1.0|механика|110|бензин|799081e40
SEAT|Arona|I|2017|н.в.|Внедорожник 5 дв.|1.0|механика|115|бензин|799081e40
SEAT|Arona|I|2017|н.в.|Внедорожник 5 дв.|1.0|механика|90|СУГ|799081e40
SEAT|Arona|I|2017|н.в.|Внедорожник 5 дв.|1.0|механика|95|бензин|799081e40
SEAT|Arona|I|2017|н.в.|Внедорожник 5 дв.|1.0|робот|110|бензин|799081e40
SEAT|Arona|I|2017|н.в.|Внедорожник 5 дв.|1.0|робот|115|бензин|799081e40
SEAT|Arona|I|2017|н.в.|Внедорожник 5 дв.|1.5|механика|150|бензин|799081e40
SEAT|Arona|I|2017|н.в.|Внедорожник 5 дв.|1.5|робот|150|бензин|799081e40
SEAT|Arona|I|2017|н.в.|Внедорожник 5 дв.|1.6|механика|115|дизель|799081e40
SEAT|Arona|I|2017|н.в.|Внедорожник 5 дв.|1.6|механика|95|дизель|799081e40
SEAT|Arona|I|2017|н.в.|Внедорожник 5 дв.|1.6|робот|95|дизель|799081e40
SEAT|Arosa|I Рестайлинг|2000|2004|Хэтчбек 3 дв.|1.0|механика|50|бензин|ff42c2c1c
SEAT|Arosa|I Рестайлинг|2000|2004|Хэтчбек 3 дв.|1.2|автомат|61|дизель|ff42c2c1c
SEAT|Arosa|I Рестайлинг|2000|2004|Хэтчбек 3 дв.|1.4|автомат|60|бензин|ff42c2c1c
SEAT|Arosa|I Рестайлинг|2000|2004|Хэтчбек 3 дв.|1.4|механика|100|бензин|ff42c2c1c
SEAT|Arosa|I Рестайлинг|2000|2004|Хэтчбек 3 дв.|1.4|механика|60|бензин|ff42c2c1c
SEAT|Arosa|I Рестайлинг|2000|2004|Хэтчбек 3 дв.|1.4|механика|75|дизель|ff42c2c1c
SEAT|Arosa|I Рестайлинг|2000|2004|Хэтчбек 3 дв.|1.7|механика|60|дизель|ff42c2c1c
SEAT|Arosa|I|1997|2000|Хэтчбек 3 дв.|1.0|механика|50|бензин|179e71ef3
SEAT|Arosa|I|1997|2000|Хэтчбек 3 дв.|1.4|автомат|60|бензин|179e71ef3
SEAT|Arosa|I|1997|2000|Хэтчбек 3 дв.|1.4|механика|60|бензин|179e71ef3
SEAT|Arosa|I|1997|2000|Хэтчбек 3 дв.|1.7|механика|60|дизель|179e71ef3
SEAT|Ateca|I Рестайлинг|2020|н.в.|Внедорожник 5 дв.|1.0|механика|110|бензин|2aef54000
SEAT|Ateca|I Рестайлинг|2020|н.в.|Внедорожник 5 дв.|1.5|механика|150|бензин|2aef54000
SEAT|Ateca|I Рестайлинг|2020|н.в.|Внедорожник 5 дв.|1.5|робот|150|бензин|2aef54000
SEAT|Ateca|I Рестайлинг|2020|н.в.|Внедорожник 5 дв.|2.0|механика|115|дизель|2aef54000
SEAT|Ateca|I Рестайлинг|2020|н.в.|Внедорожник 5 дв.|2.0|механика|150|дизель|2aef54000
SEAT|Ateca|I Рестайлинг|2020|н.в.|Внедорожник 5 дв.|2.0|робот|150|дизель|2aef54000
SEAT|Ateca|I Рестайлинг|2020|н.в.|Внедорожник 5 дв.|2.0|робот|190|бензин|2aef54000
SEAT|Ateca|I|2016|2020|Внедорожник 5 дв.|1.0|механика|115|бензин|311fcf5d7
SEAT|Ateca|I|2016|2020|Внедорожник 5 дв.|1.4|механика|150|бензин|311fcf5d7
SEAT|Ateca|I|2016|2020|Внедорожник 5 дв.|1.4|робот|150|бензин|311fcf5d7
SEAT|Ateca|I|2016|2020|Внедорожник 5 дв.|1.5|механика|150|бензин|311fcf5d7
SEAT|Ateca|I|2016|2020|Внедорожник 5 дв.|1.5|робот|150|бензин|311fcf5d7
SEAT|Ateca|I|2016|2020|Внедорожник 5 дв.|1.6|механика|115|дизель|311fcf5d7
SEAT|Ateca|I|2016|2020|Внедорожник 5 дв.|1.6|робот|115|дизель|311fcf5d7
SEAT|Ateca|I|2016|2020|Внедорожник 5 дв.|2.0|механика|150|дизель|311fcf5d7
SEAT|Ateca|I|2016|2020|Внедорожник 5 дв.|2.0|робот|150|дизель|311fcf5d7
SEAT|Ateca|I|2016|2020|Внедорожник 5 дв.|2.0|робот|190|бензин|311fcf5d7
SEAT|Ateca|I|2016|2020|Внедорожник 5 дв.|2.0|робот|190|дизель|311fcf5d7
SEAT|Cordoba|I Рестайлинг|1999|2003|Купе|1.0|механика|50|бензин|77dda7f99
SEAT|Cordoba|I Рестайлинг|1999|2003|Купе|1.0|механика|70|бензин|77dda7f99
SEAT|Cordoba|I Рестайлинг|1999|2003|Купе|1.4|механика|100|бензин|77dda7f99
SEAT|Cordoba|I Рестайлинг|1999|2003|Купе|1.4|механика|75|бензин|77dda7f99
SEAT|Cordoba|I Рестайлинг|1999|2003|Купе|1.6|автомат|101|бензин|77dda7f99
SEAT|Cordoba|I Рестайлинг|1999|2003|Купе|1.6|механика|101|бензин|77dda7f99
SEAT|Cordoba|I Рестайлинг|1999|2003|Купе|1.6|механика|75|бензин|77dda7f99
SEAT|Cordoba|I Рестайлинг|1999|2003|Купе|1.8|механика|156|бензин|77dda7f99
SEAT|Cordoba|I Рестайлинг|1999|2003|Купе|1.9|механика|110|дизель|77dda7f99
SEAT|Cordoba|I Рестайлинг|1999|2003|Купе|1.9|механика|68|дизель|77dda7f99
SEAT|Cordoba|I Рестайлинг|1999|2003|Купе|1.9|механика|90|дизель|77dda7f99
SEAT|Cordoba|I Рестайлинг|1999|2003|Седан|1.4|механика|60|бензин|86ffa24a6
SEAT|Cordoba|I Рестайлинг|1999|2003|Седан|1.4|механика|75|бензин|86ffa24a6
SEAT|Cordoba|I Рестайлинг|1999|2003|Седан|1.6|автомат|101|бензин|86ffa24a6
SEAT|Cordoba|I Рестайлинг|1999|2003|Седан|1.6|механика|101|бензин|86ffa24a6
SEAT|Cordoba|I Рестайлинг|1999|2003|Седан|1.6|механика|75|бензин|86ffa24a6
SEAT|Cordoba|I Рестайлинг|1999|2003|Седан|1.9|механика|110|дизель|86ffa24a6
SEAT|Cordoba|I Рестайлинг|1999|2003|Седан|1.9|механика|68|дизель|86ffa24a6
SEAT|Cordoba|I Рестайлинг|1999|2003|Седан|1.9|механика|90|дизель|86ffa24a6
SEAT|Cordoba|I Рестайлинг|1999|2003|Универсал 5 дв.|1.4|механика|60|бензин|c6ee2db2c
SEAT|Cordoba|I Рестайлинг|1999|2003|Универсал 5 дв.|1.4|механика|75|бензин|c6ee2db2c
SEAT|Cordoba|I Рестайлинг|1999|2003|Универсал 5 дв.|1.6|механика|101|бензин|c6ee2db2c
SEAT|Cordoba|I Рестайлинг|1999|2003|Универсал 5 дв.|1.6|механика|75|бензин|c6ee2db2c
SEAT|Cordoba|I Рестайлинг|1999|2003|Универсал 5 дв.|1.9|механика|110|дизель|c6ee2db2c
SEAT|Cordoba|I Рестайлинг|1999|2003|Универсал 5 дв.|1.9|механика|68|дизель|c6ee2db2c
SEAT|Cordoba|I Рестайлинг|1999|2003|Универсал 5 дв.|1.9|механика|90|дизель|c6ee2db2c
SEAT|Cordoba|II Рестайлинг|2006|2009|Седан|1.2|механика|69|бензин|1e7e3480c
SEAT|Cordoba|II Рестайлинг|2006|2009|Седан|1.4|автомат|75|бензин|1e7e3480c
SEAT|Cordoba|II Рестайлинг|2006|2009|Седан|1.4|механика|100|бензин|1e7e3480c
SEAT|Cordoba|II Рестайлинг|2006|2009|Седан|1.4|механика|75|бензин|1e7e3480c
SEAT|Cordoba|II Рестайлинг|2006|2009|Седан|1.4|механика|80|дизель|1e7e3480c
SEAT|Cordoba|II Рестайлинг|2006|2009|Седан|1.4|механика|85|бензин|1e7e3480c
SEAT|Cordoba|II Рестайлинг|2006|2009|Седан|1.9|механика|100|дизель|1e7e3480c
SEAT|Cordoba|II Рестайлинг|2006|2009|Седан|1.9|механика|130|дизель|1e7e3480c
SEAT|Cordoba|II Рестайлинг|2006|2009|Седан|1.9|механика|64|дизель|1e7e3480c
SEAT|Cordoba|II Рестайлинг|2006|2009|Седан|2.0|механика|115|бензин|1e7e3480c
SEAT|Cordoba|II|2003|2006|Седан|1.2|механика|64|бензин|d819722d8
SEAT|Cordoba|II|2003|2006|Седан|1.4|автомат|75|бензин|d819722d8
SEAT|Cordoba|II|2003|2006|Седан|1.4|механика|100|бензин|d819722d8
SEAT|Cordoba|II|2003|2006|Седан|1.4|механика|75|бензин|d819722d8
SEAT|Cordoba|II|2003|2006|Седан|1.4|механика|80|дизель|d819722d8
SEAT|Cordoba|II|2003|2006|Седан|1.9|механика|100|дизель|d819722d8
SEAT|Cordoba|II|2003|2006|Седан|1.9|механика|130|дизель|d819722d8
SEAT|Cordoba|II|2003|2006|Седан|1.9|механика|64|дизель|d819722d8
SEAT|Cordoba|II|2003|2006|Седан|2.0|механика|115|бензин|d819722d8
SEAT|Cordoba|I|1993|1999|Купе|1.6|механика|101|бензин|802e03366
SEAT|Cordoba|I|1993|1999|Купе|1.6|механика|75|бензин|802e03366
SEAT|Cordoba|I|1993|1999|Купе|1.8|механика|129|бензин|802e03366
SEAT|Cordoba|I|1993|1999|Купе|1.9|механика|64|дизель|802e03366
SEAT|Cordoba|I|1993|1999|Купе|2.0|механика|116|бензин|802e03366
SEAT|Cordoba|I|1993|1999|Купе|2.0|механика|150|бензин|802e03366
SEAT|Cordoba|I|1993|1999|Седан|1.0|механика|50|бензин|30289afe5
SEAT|Cordoba|I|1993|1999|Седан|1.4|механика|101|бензин|30289afe5
SEAT|Cordoba|I|1993|1999|Седан|1.4|механика|60|бензин|30289afe5
SEAT|Cordoba|I|1993|1999|Седан|1.6|механика|101|бензин|30289afe5
SEAT|Cordoba|I|1993|1999|Седан|1.6|механика|75|бензин|30289afe5
SEAT|Cordoba|I|1993|1999|Седан|1.7|механика|60|дизель|30289afe5
SEAT|Cordoba|I|1993|1999|Седан|1.8|автомат|90|бензин|30289afe5
SEAT|Cordoba|I|1993|1999|Седан|1.8|механика|129|бензин|30289afe5
SEAT|Cordoba|I|1993|1999|Седан|1.8|механика|90|бензин|30289afe5
SEAT|Cordoba|I|1993|1999|Седан|1.9|механика|110|дизель|30289afe5
SEAT|Cordoba|I|1993|1999|Седан|1.9|механика|64|дизель|30289afe5
SEAT|Cordoba|I|1993|1999|Седан|1.9|механика|68|дизель|30289afe5
SEAT|Cordoba|I|1993|1999|Седан|1.9|механика|75|дизель|30289afe5
SEAT|Cordoba|I|1993|1999|Седан|1.9|механика|90|дизель|30289afe5
SEAT|Cordoba|I|1993|1999|Седан|2.0|механика|115|бензин|30289afe5
SEAT|Cordoba|I|1993|1999|Универсал 5 дв.|1.4|механика|60|бензин|a77aabdc0
SEAT|Cordoba|I|1993|1999|Универсал 5 дв.|1.6|автомат|101|бензин|a77aabdc0
SEAT|Cordoba|I|1993|1999|Универсал 5 дв.|1.6|механика|101|бензин|a77aabdc0
SEAT|Cordoba|I|1993|1999|Универсал 5 дв.|1.6|механика|75|бензин|a77aabdc0
SEAT|Cordoba|I|1993|1999|Универсал 5 дв.|1.7|механика|60|дизель|a77aabdc0
SEAT|Cordoba|I|1993|1999|Универсал 5 дв.|1.9|механика|110|дизель|a77aabdc0
SEAT|Cordoba|I|1993|1999|Универсал 5 дв.|1.9|механика|64|дизель|a77aabdc0
SEAT|Cordoba|I|1993|1999|Универсал 5 дв.|1.9|механика|90|дизель|a77aabdc0
SEAT|Exeo||2008|2013|Седан|1.6|механика|102|бензин|bdfc705a1
SEAT|Exeo||2008|2013|Седан|1.8|механика|120|бензин|bdfc705a1
SEAT|Exeo||2008|2013|Седан|1.8|механика|150|бензин|bdfc705a1
SEAT|Exeo||2008|2013|Седан|1.8|механика|160|бензин|bdfc705a1
SEAT|Exeo||2008|2013|Седан|2.0|вариатор|143|дизель|bdfc705a1
SEAT|Exeo||2008|2013|Седан|2.0|вариатор|200|бензин|bdfc705a1
SEAT|Exeo||2008|2013|Седан|2.0|механика|120|дизель|bdfc705a1
SEAT|Exeo||2008|2013|Седан|2.0|механика|143|дизель|bdfc705a1
SEAT|Exeo||2008|2013|Седан|2.0|механика|170|дизель|bdfc705a1
SEAT|Exeo||2008|2013|Седан|2.0|механика|200|бензин|bdfc705a1
SEAT|Exeo||2008|2013|Седан|2.0|механика|211|бензин|bdfc705a1
SEAT|Exeo||2008|2013|Универсал 5 дв.|1.6|механика|102|бензин|d67ba5845
SEAT|Exeo||2008|2013|Универсал 5 дв.|1.8|механика|120|бензин|d67ba5845
SEAT|Exeo||2008|2013|Универсал 5 дв.|1.8|механика|150|бензин|d67ba5845
SEAT|Exeo||2008|2013|Универсал 5 дв.|1.8|механика|160|бензин|d67ba5845
SEAT|Exeo||2008|2013|Универсал 5 дв.|2.0|вариатор|143|дизель|d67ba5845
SEAT|Exeo||2008|2013|Универсал 5 дв.|2.0|вариатор|200|бензин|d67ba5845
SEAT|Exeo||2008|2013|Универсал 5 дв.|2.0|механика|120|дизель|d67ba5845
SEAT|Exeo||2008|2013|Универсал 5 дв.|2.0|механика|143|дизель|d67ba5845
SEAT|Exeo||2008|2013|Универсал 5 дв.|2.0|механика|170|дизель|d67ba5845
SEAT|Exeo||2008|2013|Универсал 5 дв.|2.0|механика|200|бензин|d67ba5845
SEAT|Exeo||2008|2013|Универсал 5 дв.|2.0|механика|211|бензин|d67ba5845
SEAT|Fura||1982|1986|Хэтчбек 3 дв.|0.9|механика|40|бензин|21e006137
SEAT|Fura||1982|1986|Хэтчбек 3 дв.|0.9|механика|44|бензин|21e006137
SEAT|Fura||1982|1986|Хэтчбек 3 дв.|1.4|механика|75|бензин|21e006137
SEAT|Fura||1982|1986|Хэтчбек 5 дв.|0.9|механика|40|бензин|7f4f4047e
SEAT|Ibiza Cupra|II Рестайлинг|2000|2002|Хэтчбек 3 дв.|1.8|механика|156|бензин|60cc30105
SEAT|Ibiza Cupra|II Рестайлинг|2000|2002|Хэтчбек 3 дв.|1.8|механика|180|бензин|60cc30105
SEAT|Ibiza Cupra|III|2004|2008|Хэтчбек 3 дв.|1.8|механика|180|бензин|84b89096e
SEAT|Ibiza Cupra|III|2004|2008|Хэтчбек 3 дв.|1.9|механика|160|дизель|84b89096e
SEAT|Ibiza Cupra|II|1996|1999|Хэтчбек 3 дв.|2.0|механика|150|бензин|097c517b6
SEAT|Ibiza Cupra|IV Рестайлинг 2|2015|2018|Хэтчбек 3 дв.|1.8|механика|192|бензин|2fbacab39
SEAT|Ibiza Cupra|IV Рестайлинг 2|2015|2018|Хэтчбек 3 дв.|1.8|робот|192|бензин|2fbacab39
SEAT|Ibiza Cupra|IV Рестайлинг|2012|2015|Хэтчбек 3 дв.|1.4|робот|180|бензин|085fb0f66
SEAT|Ibiza Cupra|IV|2009|2012|Хэтчбек 3 дв.|1.4|робот|180|бензин|5f222ccfb
SEAT|Ibiza|II Рестайлинг|1999|2002|Хэтчбек 3 дв.|1.0|механика|50|бензин|c6426ae9c
SEAT|Ibiza|II Рестайлинг|1999|2002|Хэтчбек 3 дв.|1.4|механика|100|бензин|c6426ae9c
SEAT|Ibiza|II Рестайлинг|1999|2002|Хэтчбек 3 дв.|1.4|механика|60|бензин|c6426ae9c
SEAT|Ibiza|II Рестайлинг|1999|2002|Хэтчбек 3 дв.|1.4|механика|75|бензин|c6426ae9c
SEAT|Ibiza|II Рестайлинг|1999|2002|Хэтчбек 3 дв.|1.6|автомат|101|бензин|c6426ae9c
SEAT|Ibiza|II Рестайлинг|1999|2002|Хэтчбек 3 дв.|1.6|механика|101|бензин|c6426ae9c
SEAT|Ibiza|II Рестайлинг|1999|2002|Хэтчбек 3 дв.|1.6|механика|75|бензин|c6426ae9c
SEAT|Ibiza|II Рестайлинг|1999|2002|Хэтчбек 3 дв.|1.9|механика|110|дизель|c6426ae9c
SEAT|Ibiza|II Рестайлинг|1999|2002|Хэтчбек 3 дв.|1.9|механика|68|дизель|c6426ae9c
SEAT|Ibiza|II Рестайлинг|1999|2002|Хэтчбек 3 дв.|1.9|механика|90|дизель|c6426ae9c
SEAT|Ibiza|II Рестайлинг|1999|2002|Хэтчбек 5 дв.|1.0|механика|50|бензин|309edb3b5
SEAT|Ibiza|II Рестайлинг|1999|2002|Хэтчбек 5 дв.|1.4|механика|100|бензин|309edb3b5
SEAT|Ibiza|II Рестайлинг|1999|2002|Хэтчбек 5 дв.|1.4|механика|60|бензин|309edb3b5
SEAT|Ibiza|II Рестайлинг|1999|2002|Хэтчбек 5 дв.|1.4|механика|75|бензин|309edb3b5
SEAT|Ibiza|II Рестайлинг|1999|2002|Хэтчбек 5 дв.|1.6|механика|101|бензин|309edb3b5
SEAT|Ibiza|II Рестайлинг|1999|2002|Хэтчбек 5 дв.|1.6|механика|75|бензин|309edb3b5
SEAT|Ibiza|II Рестайлинг|1999|2002|Хэтчбек 5 дв.|1.9|механика|110|дизель|309edb3b5
SEAT|Ibiza|II Рестайлинг|1999|2002|Хэтчбек 5 дв.|1.9|механика|68|дизель|309edb3b5
SEAT|Ibiza|II Рестайлинг|1999|2002|Хэтчбек 5 дв.|1.9|механика|90|дизель|309edb3b5
SEAT|Ibiza|III Рестайлинг|2006|2008|Хэтчбек 3 дв.|1.2|механика|54|бензин|a3db532ab
SEAT|Ibiza|III Рестайлинг|2006|2008|Хэтчбек 3 дв.|1.2|механика|60|бензин|a3db532ab
SEAT|Ibiza|III Рестайлинг|2006|2008|Хэтчбек 3 дв.|1.2|механика|64|бензин|a3db532ab
SEAT|Ibiza|III Рестайлинг|2006|2008|Хэтчбек 3 дв.|1.2|механика|70|бензин|a3db532ab
SEAT|Ibiza|III Рестайлинг|2006|2008|Хэтчбек 3 дв.|1.4|автомат|75|бензин|a3db532ab
SEAT|Ibiza|III Рестайлинг|2006|2008|Хэтчбек 3 дв.|1.4|механика|100|бензин|a3db532ab
SEAT|Ibiza|III Рестайлинг|2006|2008|Хэтчбек 3 дв.|1.4|механика|70|дизель|a3db532ab
SEAT|Ibiza|III Рестайлинг|2006|2008|Хэтчбек 3 дв.|1.4|механика|75|бензин|a3db532ab
SEAT|Ibiza|III Рестайлинг|2006|2008|Хэтчбек 3 дв.|1.4|механика|80|дизель|a3db532ab
SEAT|Ibiza|III Рестайлинг|2006|2008|Хэтчбек 3 дв.|1.4|механика|85|бензин|a3db532ab
SEAT|Ibiza|III Рестайлинг|2006|2008|Хэтчбек 3 дв.|1.6|механика|105|бензин|a3db532ab
SEAT|Ibiza|III Рестайлинг|2006|2008|Хэтчбек 3 дв.|1.8|механика|150|бензин|a3db532ab
SEAT|Ibiza|III Рестайлинг|2006|2008|Хэтчбек 3 дв.|1.9|механика|101|дизель|a3db532ab
SEAT|Ibiza|III Рестайлинг|2006|2008|Хэтчбек 3 дв.|1.9|механика|130|дизель|a3db532ab
SEAT|Ibiza|III Рестайлинг|2006|2008|Хэтчбек 3 дв.|2.0|механика|115|бензин|a3db532ab
SEAT|Ibiza|III Рестайлинг|2006|2008|Хэтчбек 5 дв.|1.2|механика|54|бензин|64b936b78
SEAT|Ibiza|III Рестайлинг|2006|2008|Хэтчбек 5 дв.|1.2|механика|60|бензин|64b936b78
SEAT|Ibiza|III Рестайлинг|2006|2008|Хэтчбек 5 дв.|1.2|механика|64|бензин|64b936b78
SEAT|Ibiza|III Рестайлинг|2006|2008|Хэтчбек 5 дв.|1.2|механика|70|бензин|64b936b78
SEAT|Ibiza|III Рестайлинг|2006|2008|Хэтчбек 5 дв.|1.4|автомат|75|бензин|64b936b78
SEAT|Ibiza|III Рестайлинг|2006|2008|Хэтчбек 5 дв.|1.4|механика|100|бензин|64b936b78
SEAT|Ibiza|III Рестайлинг|2006|2008|Хэтчбек 5 дв.|1.4|механика|70|дизель|64b936b78
SEAT|Ibiza|III Рестайлинг|2006|2008|Хэтчбек 5 дв.|1.4|механика|75|бензин|64b936b78
SEAT|Ibiza|III Рестайлинг|2006|2008|Хэтчбек 5 дв.|1.4|механика|80|дизель|64b936b78
SEAT|Ibiza|III Рестайлинг|2006|2008|Хэтчбек 5 дв.|1.4|механика|85|бензин|64b936b78
SEAT|Ibiza|III Рестайлинг|2006|2008|Хэтчбек 5 дв.|1.6|механика|105|бензин|64b936b78
SEAT|Ibiza|III Рестайлинг|2006|2008|Хэтчбек 5 дв.|1.8|механика|150|бензин|64b936b78
SEAT|Ibiza|III Рестайлинг|2006|2008|Хэтчбек 5 дв.|1.9|механика|101|дизель|64b936b78
SEAT|Ibiza|III Рестайлинг|2006|2008|Хэтчбек 5 дв.|1.9|механика|130|дизель|64b936b78
SEAT|Ibiza|III Рестайлинг|2006|2008|Хэтчбек 5 дв.|2.0|механика|115|бензин|64b936b78
SEAT|Ibiza|III|2001|2008|Хэтчбек 3 дв.|1.2|механика|54|бензин|dc2455727
SEAT|Ibiza|III|2001|2008|Хэтчбек 3 дв.|1.2|механика|64|бензин|dc2455727
SEAT|Ibiza|III|2001|2008|Хэтчбек 3 дв.|1.4|автомат|75|бензин|dc2455727
SEAT|Ibiza|III|2001|2008|Хэтчбек 3 дв.|1.4|механика|100|бензин|dc2455727
SEAT|Ibiza|III|2001|2008|Хэтчбек 3 дв.|1.4|механика|75|бензин|dc2455727
SEAT|Ibiza|III|2001|2008|Хэтчбек 3 дв.|1.4|механика|75|дизель|dc2455727
SEAT|Ibiza|III|2001|2008|Хэтчбек 3 дв.|1.4|механика|80|дизель|dc2455727
SEAT|Ibiza|III|2001|2008|Хэтчбек 3 дв.|1.8|механика|150|бензин|dc2455727
SEAT|Ibiza|III|2001|2008|Хэтчбек 3 дв.|1.9|механика|101|дизель|dc2455727
SEAT|Ibiza|III|2001|2008|Хэтчбек 3 дв.|1.9|механика|130|дизель|dc2455727
SEAT|Ibiza|III|2001|2008|Хэтчбек 3 дв.|1.9|механика|64|дизель|dc2455727
SEAT|Ibiza|III|2001|2008|Хэтчбек 3 дв.|2.0|механика|115|бензин|dc2455727
SEAT|Ibiza|III|2001|2008|Хэтчбек 5 дв.|1.2|механика|54|бензин|0aba91495
SEAT|Ibiza|III|2001|2008|Хэтчбек 5 дв.|1.2|механика|64|бензин|0aba91495
SEAT|Ibiza|III|2001|2008|Хэтчбек 5 дв.|1.4|автомат|75|бензин|0aba91495
SEAT|Ibiza|III|2001|2008|Хэтчбек 5 дв.|1.4|механика|100|бензин|0aba91495
SEAT|Ibiza|III|2001|2008|Хэтчбек 5 дв.|1.4|механика|75|бензин|0aba91495
SEAT|Ibiza|III|2001|2008|Хэтчбек 5 дв.|1.4|механика|75|дизель|0aba91495
SEAT|Ibiza|III|2001|2008|Хэтчбек 5 дв.|1.4|механика|80|дизель|0aba91495
SEAT|Ibiza|III|2001|2008|Хэтчбек 5 дв.|1.8|механика|150|бензин|0aba91495
SEAT|Ibiza|III|2001|2008|Хэтчбек 5 дв.|1.9|механика|101|дизель|0aba91495
SEAT|Ibiza|III|2001|2008|Хэтчбек 5 дв.|1.9|механика|130|дизель|0aba91495
SEAT|Ibiza|III|2001|2008|Хэтчбек 5 дв.|1.9|механика|64|дизель|0aba91495
SEAT|Ibiza|III|2001|2008|Хэтчбек 5 дв.|2.0|механика|115|бензин|0aba91495
SEAT|Ibiza|II|1993|1999|Хэтчбек 3 дв.|1.0|механика|45|бензин|dc5af2703
SEAT|Ibiza|II|1993|1999|Хэтчбек 3 дв.|1.0|механика|50|бензин|dc5af2703
SEAT|Ibiza|II|1993|1999|Хэтчбек 3 дв.|1.4|механика|101|бензин|dc5af2703
SEAT|Ibiza|II|1993|1999|Хэтчбек 3 дв.|1.4|механика|60|бензин|dc5af2703
SEAT|Ibiza|II|1993|1999|Хэтчбек 3 дв.|1.6|автомат|75|бензин|dc5af2703
SEAT|Ibiza|II|1993|1999|Хэтчбек 3 дв.|1.6|механика|101|бензин|dc5af2703
SEAT|Ibiza|II|1993|1999|Хэтчбек 3 дв.|1.6|механика|75|бензин|dc5af2703
SEAT|Ibiza|II|1993|1999|Хэтчбек 3 дв.|1.7|механика|60|дизель|dc5af2703
SEAT|Ibiza|II|1993|1999|Хэтчбек 3 дв.|1.8|автомат|90|бензин|dc5af2703
SEAT|Ibiza|II|1993|1999|Хэтчбек 3 дв.|1.8|механика|129|бензин|dc5af2703
SEAT|Ibiza|II|1993|1999|Хэтчбек 3 дв.|1.8|механика|90|бензин|dc5af2703
SEAT|Ibiza|II|1993|1999|Хэтчбек 3 дв.|1.9|механика|110|дизель|dc5af2703
SEAT|Ibiza|II|1993|1999|Хэтчбек 3 дв.|1.9|механика|64|дизель|dc5af2703
SEAT|Ibiza|II|1993|1999|Хэтчбек 3 дв.|1.9|механика|68|дизель|dc5af2703
SEAT|Ibiza|II|1993|1999|Хэтчбек 3 дв.|1.9|механика|75|дизель|dc5af2703
SEAT|Ibiza|II|1993|1999|Хэтчбек 3 дв.|1.9|механика|90|дизель|dc5af2703
SEAT|Ibiza|II|1993|1999|Хэтчбек 3 дв.|2.0|механика|115|бензин|dc5af2703
SEAT|Ibiza|II|1993|1999|Хэтчбек 5 дв.|1.0|механика|45|бензин|f6ea6915c
SEAT|Ibiza|II|1993|1999|Хэтчбек 5 дв.|1.0|механика|50|бензин|f6ea6915c
SEAT|Ibiza|II|1993|1999|Хэтчбек 5 дв.|1.4|механика|101|бензин|f6ea6915c
SEAT|Ibiza|II|1993|1999|Хэтчбек 5 дв.|1.4|механика|60|бензин|f6ea6915c
SEAT|Ibiza|II|1993|1999|Хэтчбек 5 дв.|1.6|автомат|75|бензин|f6ea6915c
SEAT|Ibiza|II|1993|1999|Хэтчбек 5 дв.|1.6|механика|101|бензин|f6ea6915c
SEAT|Ibiza|II|1993|1999|Хэтчбек 5 дв.|1.6|механика|75|бензин|f6ea6915c
SEAT|Ibiza|II|1993|1999|Хэтчбек 5 дв.|1.8|автомат|90|бензин|f6ea6915c
SEAT|Ibiza|II|1993|1999|Хэтчбек 5 дв.|1.8|механика|129|бензин|f6ea6915c
SEAT|Ibiza|II|1993|1999|Хэтчбек 5 дв.|1.8|механика|90|бензин|f6ea6915c
SEAT|Ibiza|II|1993|1999|Хэтчбек 5 дв.|1.9|механика|110|дизель|f6ea6915c
SEAT|Ibiza|II|1993|1999|Хэтчбек 5 дв.|1.9|механика|64|дизель|f6ea6915c
SEAT|Ibiza|II|1993|1999|Хэтчбек 5 дв.|1.9|механика|90|дизель|f6ea6915c
SEAT|Ibiza|II|1993|1999|Хэтчбек 5 дв.|2.0|механика|115|бензин|f6ea6915c
SEAT|Ibiza|II|1993|1999|Хэтчбек 5 дв.|2.0|механика|150|бензин|f6ea6915c
SEAT|Ibiza|IV Рестайлинг 2|2015|2017|Универсал 5 дв.|1.0|механика|110|бензин|fcd634af6
SEAT|Ibiza|IV Рестайлинг 2|2015|2017|Универсал 5 дв.|1.0|механика|75|бензин|fcd634af6
SEAT|Ibiza|IV Рестайлинг 2|2015|2017|Универсал 5 дв.|1.0|механика|95|бензин|fcd634af6
SEAT|Ibiza|IV Рестайлинг 2|2015|2017|Универсал 5 дв.|1.0|робот|110|бензин|fcd634af6
SEAT|Ibiza|IV Рестайлинг 2|2015|2017|Универсал 5 дв.|1.2|механика|90|бензин|fcd634af6
SEAT|Ibiza|IV Рестайлинг 2|2015|2017|Универсал 5 дв.|1.4|механика|105|дизель|fcd634af6
SEAT|Ibiza|IV Рестайлинг 2|2015|2017|Универсал 5 дв.|1.4|механика|75|дизель|fcd634af6
SEAT|Ibiza|IV Рестайлинг 2|2015|2017|Универсал 5 дв.|1.4|механика|90|дизель|fcd634af6
SEAT|Ibiza|IV Рестайлинг 2|2015|2017|Хэтчбек 3 дв.|1.0|механика|110|бензин|cc8cca1d2
SEAT|Ibiza|IV Рестайлинг 2|2015|2017|Хэтчбек 3 дв.|1.0|механика|75|бензин|cc8cca1d2
SEAT|Ibiza|IV Рестайлинг 2|2015|2017|Хэтчбек 3 дв.|1.0|механика|95|бензин|cc8cca1d2
SEAT|Ibiza|IV Рестайлинг 2|2015|2017|Хэтчбек 3 дв.|1.0|робот|110|бензин|cc8cca1d2
SEAT|Ibiza|IV Рестайлинг 2|2015|2017|Хэтчбек 3 дв.|1.2|механика|90|бензин|cc8cca1d2
SEAT|Ibiza|IV Рестайлинг 2|2015|2017|Хэтчбек 3 дв.|1.4|механика|105|дизель|cc8cca1d2
SEAT|Ibiza|IV Рестайлинг 2|2015|2017|Хэтчбек 3 дв.|1.4|механика|75|дизель|cc8cca1d2
SEAT|Ibiza|IV Рестайлинг 2|2015|2017|Хэтчбек 3 дв.|1.4|механика|90|дизель|cc8cca1d2
SEAT|Ibiza|IV Рестайлинг 2|2015|2017|Хэтчбек 5 дв.|1.0|механика|110|бензин|c88708a7a
SEAT|Ibiza|IV Рестайлинг 2|2015|2017|Хэтчбек 5 дв.|1.0|механика|75|бензин|c88708a7a
SEAT|Ibiza|IV Рестайлинг 2|2015|2017|Хэтчбек 5 дв.|1.0|механика|95|бензин|c88708a7a
SEAT|Ibiza|IV Рестайлинг 2|2015|2017|Хэтчбек 5 дв.|1.0|робот|110|бензин|c88708a7a
SEAT|Ibiza|IV Рестайлинг 2|2015|2017|Хэтчбек 5 дв.|1.2|механика|90|бензин|c88708a7a
SEAT|Ibiza|IV Рестайлинг 2|2015|2017|Хэтчбек 5 дв.|1.4|механика|105|дизель|c88708a7a
SEAT|Ibiza|IV Рестайлинг 2|2015|2017|Хэтчбек 5 дв.|1.4|механика|75|дизель|c88708a7a
SEAT|Ibiza|IV Рестайлинг 2|2015|2017|Хэтчбек 5 дв.|1.4|механика|90|дизель|c88708a7a
SEAT|Ibiza|IV Рестайлинг|2012|2015|Универсал 5 дв.|1.2|механика|105|бензин|a7f34de3e
SEAT|Ibiza|IV Рестайлинг|2012|2015|Универсал 5 дв.|1.2|механика|60|бензин|a7f34de3e
SEAT|Ibiza|IV Рестайлинг|2012|2015|Универсал 5 дв.|1.2|механика|70|бензин|a7f34de3e
SEAT|Ibiza|IV Рестайлинг|2012|2015|Универсал 5 дв.|1.2|механика|75|дизель|a7f34de3e
SEAT|Ibiza|IV Рестайлинг|2012|2015|Универсал 5 дв.|1.2|робот|105|бензин|a7f34de3e
SEAT|Ibiza|IV Рестайлинг|2012|2015|Универсал 5 дв.|1.4|механика|140|бензин|a7f34de3e
SEAT|Ibiza|IV Рестайлинг|2012|2015|Универсал 5 дв.|1.4|механика|85|бензин|a7f34de3e
SEAT|Ibiza|IV Рестайлинг|2012|2015|Универсал 5 дв.|1.4|робот|150|бензин|a7f34de3e
SEAT|Ibiza|IV Рестайлинг|2012|2015|Универсал 5 дв.|1.6|механика|105|бензин|a7f34de3e
SEAT|Ibiza|IV Рестайлинг|2012|2015|Универсал 5 дв.|1.6|механика|105|дизель|a7f34de3e
SEAT|Ibiza|IV Рестайлинг|2012|2015|Универсал 5 дв.|1.6|механика|90|дизель|a7f34de3e
SEAT|Ibiza|IV Рестайлинг|2012|2015|Универсал 5 дв.|1.6|робот|105|бензин|a7f34de3e
SEAT|Ibiza|IV Рестайлинг|2012|2015|Хэтчбек 3 дв.|1.2|механика|105|бензин|53573d756
SEAT|Ibiza|IV Рестайлинг|2012|2015|Хэтчбек 3 дв.|1.2|механика|60|бензин|53573d756
SEAT|Ibiza|IV Рестайлинг|2012|2015|Хэтчбек 3 дв.|1.2|механика|70|бензин|53573d756
SEAT|Ibiza|IV Рестайлинг|2012|2015|Хэтчбек 3 дв.|1.2|механика|75|дизель|53573d756
SEAT|Ibiza|IV Рестайлинг|2012|2015|Хэтчбек 3 дв.|1.2|робот|105|бензин|53573d756
SEAT|Ibiza|IV Рестайлинг|2012|2015|Хэтчбек 3 дв.|1.4|механика|140|бензин|53573d756
SEAT|Ibiza|IV Рестайлинг|2012|2015|Хэтчбек 3 дв.|1.4|механика|85|бензин|53573d756
SEAT|Ibiza|IV Рестайлинг|2012|2015|Хэтчбек 3 дв.|1.4|робот|150|бензин|53573d756
SEAT|Ibiza|IV Рестайлинг|2012|2015|Хэтчбек 3 дв.|1.6|механика|105|бензин|53573d756
SEAT|Ibiza|IV Рестайлинг|2012|2015|Хэтчбек 3 дв.|1.6|механика|105|дизель|53573d756
SEAT|Ibiza|IV Рестайлинг|2012|2015|Хэтчбек 3 дв.|1.6|механика|81|бензин|53573d756
SEAT|Ibiza|IV Рестайлинг|2012|2015|Хэтчбек 3 дв.|1.6|механика|90|дизель|53573d756
SEAT|Ibiza|IV Рестайлинг|2012|2015|Хэтчбек 3 дв.|1.6|робот|105|бензин|53573d756
SEAT|Ibiza|IV Рестайлинг|2012|2015|Хэтчбек 3 дв.|2.0|механика|143|дизель|53573d756
SEAT|Ibiza|IV Рестайлинг|2012|2015|Хэтчбек 5 дв.|1.2|механика|105|бензин|a566a6ac1
SEAT|Ibiza|IV Рестайлинг|2012|2015|Хэтчбек 5 дв.|1.2|механика|60|бензин|a566a6ac1
SEAT|Ibiza|IV Рестайлинг|2012|2015|Хэтчбек 5 дв.|1.2|механика|70|бензин|a566a6ac1
SEAT|Ibiza|IV Рестайлинг|2012|2015|Хэтчбек 5 дв.|1.2|механика|75|дизель|a566a6ac1
SEAT|Ibiza|IV Рестайлинг|2012|2015|Хэтчбек 5 дв.|1.2|робот|105|бензин|a566a6ac1
SEAT|Ibiza|IV Рестайлинг|2012|2015|Хэтчбек 5 дв.|1.4|механика|140|бензин|a566a6ac1
SEAT|Ibiza|IV Рестайлинг|2012|2015|Хэтчбек 5 дв.|1.4|механика|85|бензин|a566a6ac1
SEAT|Ibiza|IV Рестайлинг|2012|2015|Хэтчбек 5 дв.|1.4|робот|150|бензин|a566a6ac1
SEAT|Ibiza|IV Рестайлинг|2012|2015|Хэтчбек 5 дв.|1.6|механика|105|бензин|a566a6ac1
SEAT|Ibiza|IV Рестайлинг|2012|2015|Хэтчбек 5 дв.|1.6|механика|105|дизель|a566a6ac1
SEAT|Ibiza|IV Рестайлинг|2012|2015|Хэтчбек 5 дв.|1.6|механика|90|дизель|a566a6ac1
SEAT|Ibiza|IV Рестайлинг|2012|2015|Хэтчбек 5 дв.|1.6|робот|105|бензин|a566a6ac1
SEAT|Ibiza|IV Рестайлинг|2012|2015|Хэтчбек 5 дв.|2.0|механика|143|дизель|a566a6ac1
SEAT|Ibiza|IV|2008|2012|Универсал 5 дв.|1.2|механика|105|бензин|a96279c57
SEAT|Ibiza|IV|2008|2012|Универсал 5 дв.|1.2|механика|70|бензин|a96279c57
SEAT|Ibiza|IV|2008|2012|Универсал 5 дв.|1.2|механика|75|дизель|a96279c57
SEAT|Ibiza|IV|2008|2012|Универсал 5 дв.|1.2|робот|105|бензин|a96279c57
SEAT|Ibiza|IV|2008|2012|Универсал 5 дв.|1.4|механика|85|бензин|a96279c57
SEAT|Ibiza|IV|2008|2012|Универсал 5 дв.|1.6|механика|105|бензин|a96279c57
SEAT|Ibiza|IV|2008|2012|Универсал 5 дв.|1.6|робот|105|бензин|a96279c57
SEAT|Ibiza|IV|2008|2012|Хэтчбек 3 дв.|1.2|механика|105|бензин|da0ff3383
SEAT|Ibiza|IV|2008|2012|Хэтчбек 3 дв.|1.2|механика|70|бензин|da0ff3383
SEAT|Ibiza|IV|2008|2012|Хэтчбек 3 дв.|1.2|робот|105|бензин|da0ff3383
SEAT|Ibiza|IV|2008|2012|Хэтчбек 3 дв.|1.4|механика|80|дизель|da0ff3383
SEAT|Ibiza|IV|2008|2012|Хэтчбек 3 дв.|1.4|механика|85|бензин|da0ff3383
SEAT|Ibiza|IV|2008|2012|Хэтчбек 3 дв.|1.4|робот|150|бензин|da0ff3383
SEAT|Ibiza|IV|2008|2012|Хэтчбек 3 дв.|1.4|робот|80|дизель|da0ff3383
SEAT|Ibiza|IV|2008|2012|Хэтчбек 3 дв.|1.6|механика|105|бензин|da0ff3383
SEAT|Ibiza|IV|2008|2012|Хэтчбек 3 дв.|1.6|робот|105|бензин|da0ff3383
SEAT|Ibiza|IV|2008|2012|Хэтчбек 3 дв.|1.9|механика|105|дизель|da0ff3383
SEAT|Ibiza|IV|2008|2012|Хэтчбек 3 дв.|1.9|механика|90|дизель|da0ff3383
SEAT|Ibiza|IV|2008|2012|Хэтчбек 5 дв.|1.2|механика|105|бензин|73ddd989c
SEAT|Ibiza|IV|2008|2012|Хэтчбек 5 дв.|1.2|механика|70|бензин|73ddd989c
SEAT|Ibiza|IV|2008|2012|Хэтчбек 5 дв.|1.2|робот|105|бензин|73ddd989c
SEAT|Ibiza|IV|2008|2012|Хэтчбек 5 дв.|1.4|механика|80|дизель|73ddd989c
SEAT|Ibiza|IV|2008|2012|Хэтчбек 5 дв.|1.4|механика|85|бензин|73ddd989c
SEAT|Ibiza|IV|2008|2012|Хэтчбек 5 дв.|1.4|робот|150|бензин|73ddd989c
SEAT|Ibiza|IV|2008|2012|Хэтчбек 5 дв.|1.6|механика|105|бензин|73ddd989c
SEAT|Ibiza|IV|2008|2012|Хэтчбек 5 дв.|1.6|робот|105|бензин|73ddd989c
SEAT|Ibiza|IV|2008|2012|Хэтчбек 5 дв.|1.9|механика|105|дизель|73ddd989c
SEAT|Ibiza|I|1984|1993|Хэтчбек 3 дв.|0.9|механика|40|бензин|a7f80e7de
SEAT|Ibiza|I|1984|1993|Хэтчбек 3 дв.|0.9|механика|44|бензин|a7f80e7de
SEAT|Ibiza|I|1984|1993|Хэтчбек 3 дв.|1.2|механика|63|бензин|a7f80e7de
SEAT|Ibiza|I|1984|1993|Хэтчбек 3 дв.|1.2|механика|70|бензин|a7f80e7de
SEAT|Ibiza|I|1984|1993|Хэтчбек 3 дв.|1.5|механика|100|бензин|a7f80e7de
SEAT|Ibiza|I|1984|1993|Хэтчбек 3 дв.|1.5|механика|85|бензин|a7f80e7de
SEAT|Ibiza|I|1984|1993|Хэтчбек 3 дв.|1.5|механика|89|бензин|a7f80e7de
SEAT|Ibiza|I|1984|1993|Хэтчбек 3 дв.|1.5|механика|90|бензин|a7f80e7de
SEAT|Ibiza|I|1984|1993|Хэтчбек 3 дв.|1.7|механика|100|бензин|a7f80e7de
SEAT|Ibiza|I|1984|1993|Хэтчбек 3 дв.|1.7|механика|54|дизель|a7f80e7de
SEAT|Ibiza|I|1984|1993|Хэтчбек 5 дв.|0.9|механика|40|бензин|99b2aa518
SEAT|Ibiza|I|1984|1993|Хэтчбек 5 дв.|0.9|механика|44|бензин|99b2aa518
SEAT|Ibiza|I|1984|1993|Хэтчбек 5 дв.|1.2|механика|60|бензин|99b2aa518
SEAT|Ibiza|I|1984|1993|Хэтчбек 5 дв.|1.2|механика|71|бензин|99b2aa518
SEAT|Ibiza|I|1984|1993|Хэтчбек 5 дв.|1.5|механика|100|бензин|99b2aa518
SEAT|Ibiza|I|1984|1993|Хэтчбек 5 дв.|1.5|механика|85|бензин|99b2aa518
SEAT|Ibiza|I|1984|1993|Хэтчбек 5 дв.|1.5|механика|89|бензин|99b2aa518
SEAT|Ibiza|I|1984|1993|Хэтчбек 5 дв.|1.5|механика|90|бензин|99b2aa518
SEAT|Ibiza|I|1984|1993|Хэтчбек 5 дв.|1.7|механика|100|бензин|99b2aa518
SEAT|Ibiza|I|1984|1993|Хэтчбек 5 дв.|1.7|механика|54|дизель|99b2aa518
SEAT|Ibiza|V Рестайлинг|2021|н.в.|Хэтчбек 5 дв.|1.0|механика|110|бензин|03362e8c9
SEAT|Ibiza|V Рестайлинг|2021|н.в.|Хэтчбек 5 дв.|1.0|механика|115|бензин|03362e8c9
SEAT|Ibiza|V Рестайлинг|2021|н.в.|Хэтчбек 5 дв.|1.0|механика|75|бензин|03362e8c9
SEAT|Ibiza|V Рестайлинг|2021|н.в.|Хэтчбек 5 дв.|1.0|механика|80|бензин|03362e8c9
SEAT|Ibiza|V Рестайлинг|2021|н.в.|Хэтчбек 5 дв.|1.0|механика|90|СУГ|03362e8c9
SEAT|Ibiza|V Рестайлинг|2021|н.в.|Хэтчбек 5 дв.|1.0|механика|95|бензин|03362e8c9
SEAT|Ibiza|V Рестайлинг|2021|н.в.|Хэтчбек 5 дв.|1.0|робот|110|бензин|03362e8c9
SEAT|Ibiza|V Рестайлинг|2021|н.в.|Хэтчбек 5 дв.|1.5|робот|150|бензин|03362e8c9
SEAT|Ibiza|V Рестайлинг|2021|н.в.|Хэтчбек 5 дв.|1.6|автомат|110|бензин|03362e8c9
SEAT|Ibiza|V Рестайлинг|2021|н.в.|Хэтчбек 5 дв.|1.6|механика|110|бензин|03362e8c9
SEAT|Ibiza|V Рестайлинг|2021|н.в.|Хэтчбек 5 дв.|1.6|механика|95|дизель|03362e8c9
SEAT|Ibiza|V|2017|н.в.|Хэтчбек 5 дв.|1.0|механика|110|бензин|48d7fe917
SEAT|Ibiza|V|2017|н.в.|Хэтчбек 5 дв.|1.0|механика|115|бензин|48d7fe917
SEAT|Ibiza|V|2017|н.в.|Хэтчбек 5 дв.|1.0|механика|65|бензин|48d7fe917
SEAT|Ibiza|V|2017|н.в.|Хэтчбек 5 дв.|1.0|механика|75|бензин|48d7fe917
SEAT|Ibiza|V|2017|н.в.|Хэтчбек 5 дв.|1.0|механика|80|бензин|48d7fe917
SEAT|Ibiza|V|2017|н.в.|Хэтчбек 5 дв.|1.0|механика|90|СУГ|48d7fe917
SEAT|Ibiza|V|2017|н.в.|Хэтчбек 5 дв.|1.0|механика|95|бензин|48d7fe917
SEAT|Ibiza|V|2017|н.в.|Хэтчбек 5 дв.|1.0|робот|110|бензин|48d7fe917
SEAT|Ibiza|V|2017|н.в.|Хэтчбек 5 дв.|1.0|робот|115|бензин|48d7fe917
SEAT|Ibiza|V|2017|н.в.|Хэтчбек 5 дв.|1.5|механика|150|бензин|48d7fe917
SEAT|Ibiza|V|2017|н.в.|Хэтчбек 5 дв.|1.5|робот|150|бензин|48d7fe917
SEAT|Ibiza|V|2017|н.в.|Хэтчбек 5 дв.|1.6|механика|115|дизель|48d7fe917
SEAT|Ibiza|V|2017|н.в.|Хэтчбек 5 дв.|1.6|механика|80|дизель|48d7fe917
SEAT|Ibiza|V|2017|н.в.|Хэтчбек 5 дв.|1.6|механика|95|дизель|48d7fe917
SEAT|Ibiza|V|2017|н.в.|Хэтчбек 5 дв.|1.6|робот|95|дизель|48d7fe917
SEAT|Inca|I|1995|2003|Компактвэн|1.4|механика|60|бензин|52cdc014a
SEAT|Inca|I|1995|2003|Компактвэн|1.6|механика|75|бензин|52cdc014a
SEAT|Inca|I|1995|2003|Компактвэн|1.9|механика|64|дизель|52cdc014a
SEAT|Inca|I|1995|2003|Фургон|1.4|механика|60|бензин|4430fad7a
SEAT|Inca|I|1995|2003|Фургон|1.6|механика|75|бензин|4430fad7a
SEAT|Inca|I|1995|2003|Фургон|1.9|механика|64|дизель|4430fad7a
SEAT|Leon Cupra|II Рестайлинг|2009|2012|Хэтчбек 5 дв. R|2.0|механика|265|бензин|e859b8bac
SEAT|Leon Cupra|II Рестайлинг|2009|2012|Хэтчбек 5 дв.|2.0|механика|240|бензин|a305b7825
SEAT|Leon Cupra|II Рестайлинг|2009|2012|Хэтчбек 5 дв.|2.0|механика|310|бензин|a305b7825
SEAT|Leon Cupra|III Рестайлинг|2017|2020|Универсал 5 дв.|2.0|механика|300|бензин|31877e364
SEAT|Leon Cupra|III Рестайлинг|2017|2020|Универсал 5 дв.|2.0|робот|290|бензин|31877e364
SEAT|Leon Cupra|III Рестайлинг|2017|2020|Универсал 5 дв.|2.0|робот|300|бензин|31877e364
SEAT|Leon Cupra|III Рестайлинг|2017|2020|Хэтчбек 3 дв.|2.0|механика|300|бензин|8442d4e06
SEAT|Leon Cupra|III Рестайлинг|2017|2020|Хэтчбек 3 дв.|2.0|робот|300|бензин|8442d4e06
SEAT|Leon Cupra|III Рестайлинг|2017|2020|Хэтчбек 5 дв.|2.0|механика|300|бензин|e6cf0f5fc
SEAT|Leon Cupra|III Рестайлинг|2017|2020|Хэтчбек 5 дв.|2.0|механика|310|бензин|e6cf0f5fc
SEAT|Leon Cupra|III Рестайлинг|2017|2020|Хэтчбек 5 дв.|2.0|робот|290|бензин|e6cf0f5fc
SEAT|Leon Cupra|III Рестайлинг|2017|2020|Хэтчбек 5 дв.|2.0|робот|300|бензин|e6cf0f5fc
SEAT|Leon Cupra|III|2014|2016|Универсал 5 дв.|2.0|механика|265|бензин|c437d6c2f
SEAT|Leon Cupra|III|2014|2016|Универсал 5 дв.|2.0|механика|280|бензин|c437d6c2f
SEAT|Leon Cupra|III|2014|2016|Универсал 5 дв.|2.0|механика|290|бензин|c437d6c2f
SEAT|Leon Cupra|III|2014|2016|Универсал 5 дв.|2.0|робот|265|бензин|c437d6c2f
SEAT|Leon Cupra|III|2014|2016|Универсал 5 дв.|2.0|робот|280|бензин|c437d6c2f
SEAT|Leon Cupra|III|2014|2016|Универсал 5 дв.|2.0|робот|290|бензин|c437d6c2f
SEAT|Leon Cupra|III|2014|2016|Хэтчбек 3 дв.|2.0|механика|265|бензин|4aca1e995
SEAT|Leon Cupra|III|2014|2016|Хэтчбек 3 дв.|2.0|механика|280|бензин|4aca1e995
SEAT|Leon Cupra|III|2014|2016|Хэтчбек 3 дв.|2.0|механика|290|бензин|4aca1e995
SEAT|Leon Cupra|III|2014|2016|Хэтчбек 3 дв.|2.0|робот|265|бензин|4aca1e995
SEAT|Leon Cupra|III|2014|2016|Хэтчбек 3 дв.|2.0|робот|280|бензин|4aca1e995
SEAT|Leon Cupra|III|2014|2016|Хэтчбек 3 дв.|2.0|робот|290|бензин|4aca1e995
SEAT|Leon Cupra|III|2014|2016|Хэтчбек 5 дв.|2.0|механика|265|бензин|a88d2aa08
SEAT|Leon Cupra|III|2014|2016|Хэтчбек 5 дв.|2.0|механика|280|бензин|a88d2aa08
SEAT|Leon Cupra|III|2014|2016|Хэтчбек 5 дв.|2.0|механика|290|бензин|a88d2aa08
SEAT|Leon Cupra|III|2014|2016|Хэтчбек 5 дв.|2.0|робот|265|бензин|a88d2aa08
SEAT|Leon Cupra|III|2014|2016|Хэтчбек 5 дв.|2.0|робот|280|бензин|a88d2aa08
SEAT|Leon Cupra|III|2014|2016|Хэтчбек 5 дв.|2.0|робот|290|бензин|a88d2aa08
SEAT|Leon Cupra|II|2006|2009|Хэтчбек 5 дв.|2.0|механика|240|бензин|2ce360ae2
SEAT|Leon Cupra|II|2006|2009|Хэтчбек 5 дв.|2.0|механика|310|бензин|2ce360ae2
SEAT|Leon Cupra|I|1999|2005|Хэтчбек 5 дв. R|1.8|механика|210|бензин|b15524b8f
SEAT|Leon Cupra|I|1999|2005|Хэтчбек 5 дв. R|1.8|механика|225|бензин|b15524b8f
SEAT|Leon Cupra|I|1999|2005|Хэтчбек 5 дв.|1.8|механика|180|бензин|ff30600ca
SEAT|Leon Cupra|I|1999|2005|Хэтчбек 5 дв.|2.8|механика|204|бензин|ff30600ca
SEAT|Leon|II Рестайлинг|2009|2012|Хэтчбек 5 дв.|1.2|механика|105|бензин|2b9434889
SEAT|Leon|II Рестайлинг|2009|2012|Хэтчбек 5 дв.|1.4|механика|125|бензин|2b9434889
SEAT|Leon|II Рестайлинг|2009|2012|Хэтчбек 5 дв.|1.4|механика|85|бензин|2b9434889
SEAT|Leon|II Рестайлинг|2009|2012|Хэтчбек 5 дв.|1.6|механика|102|бензин|2b9434889
SEAT|Leon|II Рестайлинг|2009|2012|Хэтчбек 5 дв.|1.6|механика|105|дизель|2b9434889
SEAT|Leon|II Рестайлинг|2009|2012|Хэтчбек 5 дв.|1.8|механика|160|бензин|2b9434889
SEAT|Leon|II Рестайлинг|2009|2012|Хэтчбек 5 дв.|1.8|робот|160|бензин|2b9434889
SEAT|Leon|II Рестайлинг|2009|2012|Хэтчбек 5 дв.|1.9|механика|105|дизель|2b9434889
SEAT|Leon|II Рестайлинг|2009|2012|Хэтчбек 5 дв.|2.0|автомат|150|бензин|2b9434889
SEAT|Leon|II Рестайлинг|2009|2012|Хэтчбек 5 дв.|2.0|механика|150|бензин|2b9434889
SEAT|Leon|II Рестайлинг|2009|2012|Хэтчбек 5 дв.|2.0|механика|170|дизель|2b9434889
SEAT|Leon|II Рестайлинг|2009|2012|Хэтчбек 5 дв.|2.0|механика|200|бензин|2b9434889
SEAT|Leon|II Рестайлинг|2009|2012|Хэтчбек 5 дв.|2.0|механика|211|бензин|2b9434889
SEAT|Leon|II Рестайлинг|2009|2012|Хэтчбек 5 дв.|2.0|робот|140|дизель|2b9434889
SEAT|Leon|II Рестайлинг|2009|2012|Хэтчбек 5 дв.|2.0|робот|170|дизель|2b9434889
SEAT|Leon|II Рестайлинг|2009|2012|Хэтчбек 5 дв.|2.0|робот|200|бензин|2b9434889
SEAT|Leon|II Рестайлинг|2009|2012|Хэтчбек 5 дв.|2.0|робот|211|бензин|2b9434889
SEAT|Leon|III Рестайлинг|2016|2020|Универсал 5 дв. X-PERIENCE|1.4|механика|125|бензин|3e38feb55
SEAT|Leon|III Рестайлинг|2016|2020|Универсал 5 дв. X-PERIENCE|1.6|механика|115|дизель|3e38feb55
SEAT|Leon|III Рестайлинг|2016|2020|Универсал 5 дв. X-PERIENCE|1.8|робот|180|бензин|3e38feb55
SEAT|Leon|III Рестайлинг|2016|2020|Универсал 5 дв. X-PERIENCE|2.0|механика|150|дизель|3e38feb55
SEAT|Leon|III Рестайлинг|2016|2020|Универсал 5 дв. X-PERIENCE|2.0|робот|150|дизель|3e38feb55
SEAT|Leon|III Рестайлинг|2016|2020|Универсал 5 дв. X-PERIENCE|2.0|робот|184|дизель|3e38feb55
SEAT|Leon|III Рестайлинг|2016|2020|Универсал 5 дв.|1.0|механика|115|бензин|da7a6ab47
SEAT|Leon|III Рестайлинг|2016|2020|Универсал 5 дв.|1.0|механика|86|бензин|da7a6ab47
SEAT|Leon|III Рестайлинг|2016|2020|Универсал 5 дв.|1.0|робот|115|бензин|da7a6ab47
SEAT|Leon|III Рестайлинг|2016|2020|Универсал 5 дв.|1.2|механика|110|бензин|da7a6ab47
SEAT|Leon|III Рестайлинг|2016|2020|Универсал 5 дв.|1.2|механика|86|бензин|da7a6ab47
SEAT|Leon|III Рестайлинг|2016|2020|Универсал 5 дв.|1.4|механика|110|СУГ|da7a6ab47
SEAT|Leon|III Рестайлинг|2016|2020|Универсал 5 дв.|1.4|механика|125|бензин|da7a6ab47
SEAT|Leon|III Рестайлинг|2016|2020|Универсал 5 дв.|1.4|механика|150|бензин|da7a6ab47
SEAT|Leon|III Рестайлинг|2016|2020|Универсал 5 дв.|1.4|робот|110|СУГ|da7a6ab47
SEAT|Leon|III Рестайлинг|2016|2020|Универсал 5 дв.|1.4|робот|150|бензин|da7a6ab47
SEAT|Leon|III Рестайлинг|2016|2020|Универсал 5 дв.|1.5|механика|130|СУГ|da7a6ab47
SEAT|Leon|III Рестайлинг|2016|2020|Универсал 5 дв.|1.5|механика|130|бензин|da7a6ab47
SEAT|Leon|III Рестайлинг|2016|2020|Универсал 5 дв.|1.5|механика|150|бензин|da7a6ab47
SEAT|Leon|III Рестайлинг|2016|2020|Универсал 5 дв.|1.5|робот|130|СУГ|da7a6ab47
SEAT|Leon|III Рестайлинг|2016|2020|Универсал 5 дв.|1.5|робот|150|бензин|da7a6ab47
SEAT|Leon|III Рестайлинг|2016|2020|Универсал 5 дв.|1.6|механика|115|дизель|da7a6ab47
SEAT|Leon|III Рестайлинг|2016|2020|Универсал 5 дв.|1.6|механика|90|дизель|da7a6ab47
SEAT|Leon|III Рестайлинг|2016|2020|Универсал 5 дв.|1.6|робот|115|дизель|da7a6ab47
SEAT|Leon|III Рестайлинг|2016|2020|Универсал 5 дв.|1.8|механика|180|бензин|da7a6ab47
SEAT|Leon|III Рестайлинг|2016|2020|Универсал 5 дв.|1.8|робот|180|бензин|da7a6ab47
SEAT|Leon|III Рестайлинг|2016|2020|Универсал 5 дв.|2.0|механика|110|дизель|da7a6ab47
SEAT|Leon|III Рестайлинг|2016|2020|Универсал 5 дв.|2.0|механика|150|дизель|da7a6ab47
SEAT|Leon|III Рестайлинг|2016|2020|Универсал 5 дв.|2.0|механика|184|дизель|da7a6ab47
SEAT|Leon|III Рестайлинг|2016|2020|Универсал 5 дв.|2.0|робот|150|дизель|da7a6ab47
SEAT|Leon|III Рестайлинг|2016|2020|Универсал 5 дв.|2.0|робот|184|дизель|da7a6ab47
SEAT|Leon|III Рестайлинг|2016|2020|Универсал 5 дв.|2.0|робот|190|бензин|da7a6ab47
SEAT|Leon|III Рестайлинг|2016|2020|Хэтчбек 3 дв.|1.0|механика|115|бензин|76c931d0b
SEAT|Leon|III Рестайлинг|2016|2020|Хэтчбек 3 дв.|1.0|робот|115|бензин|76c931d0b
SEAT|Leon|III Рестайлинг|2016|2020|Хэтчбек 3 дв.|1.2|механика|110|бензин|76c931d0b
SEAT|Leon|III Рестайлинг|2016|2020|Хэтчбек 3 дв.|1.2|механика|86|бензин|76c931d0b
SEAT|Leon|III Рестайлинг|2016|2020|Хэтчбек 3 дв.|1.4|механика|125|бензин|76c931d0b
SEAT|Leon|III Рестайлинг|2016|2020|Хэтчбек 3 дв.|1.4|механика|150|бензин|76c931d0b
SEAT|Leon|III Рестайлинг|2016|2020|Хэтчбек 3 дв.|1.4|робот|150|бензин|76c931d0b
SEAT|Leon|III Рестайлинг|2016|2020|Хэтчбек 3 дв.|1.6|механика|115|дизель|76c931d0b
SEAT|Leon|III Рестайлинг|2016|2020|Хэтчбек 3 дв.|1.6|механика|90|дизель|76c931d0b
SEAT|Leon|III Рестайлинг|2016|2020|Хэтчбек 3 дв.|1.6|робот|115|дизель|76c931d0b
SEAT|Leon|III Рестайлинг|2016|2020|Хэтчбек 3 дв.|1.8|механика|180|бензин|76c931d0b
SEAT|Leon|III Рестайлинг|2016|2020|Хэтчбек 3 дв.|1.8|робот|180|бензин|76c931d0b
SEAT|Leon|III Рестайлинг|2016|2020|Хэтчбек 3 дв.|2.0|механика|150|дизель|76c931d0b
SEAT|Leon|III Рестайлинг|2016|2020|Хэтчбек 3 дв.|2.0|механика|184|дизель|76c931d0b
SEAT|Leon|III Рестайлинг|2016|2020|Хэтчбек 3 дв.|2.0|робот|150|дизель|76c931d0b
SEAT|Leon|III Рестайлинг|2016|2020|Хэтчбек 3 дв.|2.0|робот|184|дизель|76c931d0b
SEAT|Leon|III Рестайлинг|2016|2020|Хэтчбек 5 дв.|1.0|механика|115|бензин|353ac8763
SEAT|Leon|III Рестайлинг|2016|2020|Хэтчбек 5 дв.|1.0|механика|86|бензин|353ac8763
SEAT|Leon|III Рестайлинг|2016|2020|Хэтчбек 5 дв.|1.0|робот|115|бензин|353ac8763
SEAT|Leon|III Рестайлинг|2016|2020|Хэтчбек 5 дв.|1.2|механика|110|бензин|353ac8763
SEAT|Leon|III Рестайлинг|2016|2020|Хэтчбек 5 дв.|1.2|механика|86|бензин|353ac8763
SEAT|Leon|III Рестайлинг|2016|2020|Хэтчбек 5 дв.|1.4|механика|110|СУГ|353ac8763
SEAT|Leon|III Рестайлинг|2016|2020|Хэтчбек 5 дв.|1.4|механика|125|бензин|353ac8763
SEAT|Leon|III Рестайлинг|2016|2020|Хэтчбек 5 дв.|1.4|механика|150|бензин|353ac8763
SEAT|Leon|III Рестайлинг|2016|2020|Хэтчбек 5 дв.|1.4|робот|110|СУГ|353ac8763
SEAT|Leon|III Рестайлинг|2016|2020|Хэтчбек 5 дв.|1.4|робот|150|бензин|353ac8763
SEAT|Leon|III Рестайлинг|2016|2020|Хэтчбек 5 дв.|1.5|механика|130|СУГ|353ac8763
SEAT|Leon|III Рестайлинг|2016|2020|Хэтчбек 5 дв.|1.5|механика|130|бензин|353ac8763
SEAT|Leon|III Рестайлинг|2016|2020|Хэтчбек 5 дв.|1.5|механика|150|бензин|353ac8763
SEAT|Leon|III Рестайлинг|2016|2020|Хэтчбек 5 дв.|1.5|робот|130|СУГ|353ac8763
SEAT|Leon|III Рестайлинг|2016|2020|Хэтчбек 5 дв.|1.5|робот|150|бензин|353ac8763
SEAT|Leon|III Рестайлинг|2016|2020|Хэтчбек 5 дв.|1.6|механика|115|дизель|353ac8763
SEAT|Leon|III Рестайлинг|2016|2020|Хэтчбек 5 дв.|1.6|механика|90|дизель|353ac8763
SEAT|Leon|III Рестайлинг|2016|2020|Хэтчбек 5 дв.|1.6|робот|115|дизель|353ac8763
SEAT|Leon|III Рестайлинг|2016|2020|Хэтчбек 5 дв.|1.8|механика|180|бензин|353ac8763
SEAT|Leon|III Рестайлинг|2016|2020|Хэтчбек 5 дв.|1.8|робот|180|бензин|353ac8763
SEAT|Leon|III Рестайлинг|2016|2020|Хэтчбек 5 дв.|2.0|механика|150|дизель|353ac8763
SEAT|Leon|III Рестайлинг|2016|2020|Хэтчбек 5 дв.|2.0|механика|184|дизель|353ac8763
SEAT|Leon|III Рестайлинг|2016|2020|Хэтчбек 5 дв.|2.0|робот|150|дизель|353ac8763
SEAT|Leon|III Рестайлинг|2016|2020|Хэтчбек 5 дв.|2.0|робот|184|дизель|353ac8763
SEAT|Leon|III Рестайлинг|2016|2020|Хэтчбек 5 дв.|2.0|робот|190|бензин|353ac8763
SEAT|Leon|III|2012|2016|Универсал 5 дв. X-PERIENCE|1.6|механика|110|дизель|303438600
SEAT|Leon|III|2012|2016|Универсал 5 дв. X-PERIENCE|1.8|робот|180|бензин|303438600
SEAT|Leon|III|2012|2016|Универсал 5 дв. X-PERIENCE|2.0|механика|150|дизель|303438600
SEAT|Leon|III|2012|2016|Универсал 5 дв. X-PERIENCE|2.0|робот|184|дизель|303438600
SEAT|Leon|III|2012|2016|Универсал 5 дв.|1.2|механика|105|бензин|3773ee186
SEAT|Leon|III|2012|2016|Универсал 5 дв.|1.2|механика|110|бензин|3773ee186
SEAT|Leon|III|2012|2016|Универсал 5 дв.|1.2|механика|86|бензин|3773ee186
SEAT|Leon|III|2012|2016|Универсал 5 дв.|1.2|робот|105|бензин|3773ee186
SEAT|Leon|III|2012|2016|Универсал 5 дв.|1.2|робот|110|бензин|3773ee186
SEAT|Leon|III|2012|2016|Универсал 5 дв.|1.4|механика|110|СУГ|3773ee186
SEAT|Leon|III|2012|2016|Универсал 5 дв.|1.4|механика|122|бензин|3773ee186
SEAT|Leon|III|2012|2016|Универсал 5 дв.|1.4|механика|125|бензин|3773ee186
SEAT|Leon|III|2012|2016|Универсал 5 дв.|1.4|механика|140|бензин|3773ee186
SEAT|Leon|III|2012|2016|Универсал 5 дв.|1.4|механика|150|бензин|3773ee186
SEAT|Leon|III|2012|2016|Универсал 5 дв.|1.4|робот|150|бензин|3773ee186
SEAT|Leon|III|2012|2016|Универсал 5 дв.|1.6|механика|105|дизель|3773ee186
SEAT|Leon|III|2012|2016|Универсал 5 дв.|1.6|механика|110|дизель|3773ee186
SEAT|Leon|III|2012|2016|Универсал 5 дв.|1.6|механика|90|дизель|3773ee186
SEAT|Leon|III|2012|2016|Универсал 5 дв.|1.6|робот|105|дизель|3773ee186
SEAT|Leon|III|2012|2016|Универсал 5 дв.|1.8|механика|180|бензин|3773ee186
SEAT|Leon|III|2012|2016|Универсал 5 дв.|1.8|робот|180|бензин|3773ee186
SEAT|Leon|III|2012|2016|Универсал 5 дв.|2.0|автомат|150|дизель|3773ee186
SEAT|Leon|III|2012|2016|Универсал 5 дв.|2.0|механика|150|дизель|3773ee186
SEAT|Leon|III|2012|2016|Универсал 5 дв.|2.0|механика|184|дизель|3773ee186
SEAT|Leon|III|2012|2016|Универсал 5 дв.|2.0|робот|184|дизель|3773ee186
SEAT|Leon|III|2012|2016|Хэтчбек 3 дв.|1.0|механика|115|бензин|9f5948731
SEAT|Leon|III|2012|2016|Хэтчбек 3 дв.|1.2|механика|105|бензин|9f5948731
SEAT|Leon|III|2012|2016|Хэтчбек 3 дв.|1.2|механика|110|бензин|9f5948731
SEAT|Leon|III|2012|2016|Хэтчбек 3 дв.|1.2|механика|86|бензин|9f5948731
SEAT|Leon|III|2012|2016|Хэтчбек 3 дв.|1.2|робот|105|бензин|9f5948731
SEAT|Leon|III|2012|2016|Хэтчбек 3 дв.|1.2|робот|110|бензин|9f5948731
SEAT|Leon|III|2012|2016|Хэтчбек 3 дв.|1.4|механика|122|бензин|9f5948731
SEAT|Leon|III|2012|2016|Хэтчбек 3 дв.|1.4|механика|125|бензин|9f5948731
SEAT|Leon|III|2012|2016|Хэтчбек 3 дв.|1.4|механика|140|бензин|9f5948731
SEAT|Leon|III|2012|2016|Хэтчбек 3 дв.|1.4|механика|150|бензин|9f5948731
SEAT|Leon|III|2012|2016|Хэтчбек 3 дв.|1.4|робот|140|бензин|9f5948731
SEAT|Leon|III|2012|2016|Хэтчбек 3 дв.|1.4|робот|150|бензин|9f5948731
SEAT|Leon|III|2012|2016|Хэтчбек 3 дв.|1.6|механика|105|дизель|9f5948731
SEAT|Leon|III|2012|2016|Хэтчбек 3 дв.|1.6|механика|110|дизель|9f5948731
SEAT|Leon|III|2012|2016|Хэтчбек 3 дв.|1.6|механика|90|дизель|9f5948731
SEAT|Leon|III|2012|2016|Хэтчбек 3 дв.|1.6|робот|105|дизель|9f5948731
SEAT|Leon|III|2012|2016|Хэтчбек 3 дв.|1.8|механика|180|бензин|9f5948731
SEAT|Leon|III|2012|2016|Хэтчбек 3 дв.|1.8|робот|180|бензин|9f5948731
SEAT|Leon|III|2012|2016|Хэтчбек 3 дв.|2.0|автомат|150|дизель|9f5948731
SEAT|Leon|III|2012|2016|Хэтчбек 3 дв.|2.0|механика|150|дизель|9f5948731
SEAT|Leon|III|2012|2016|Хэтчбек 3 дв.|2.0|механика|184|дизель|9f5948731
SEAT|Leon|III|2012|2016|Хэтчбек 3 дв.|2.0|робот|184|дизель|9f5948731
SEAT|Leon|III|2012|2016|Хэтчбек 5 дв.|1.0|механика|115|бензин|b12b36216
SEAT|Leon|III|2012|2016|Хэтчбек 5 дв.|1.2|механика|105|бензин|b12b36216
SEAT|Leon|III|2012|2016|Хэтчбек 5 дв.|1.2|механика|110|бензин|b12b36216
SEAT|Leon|III|2012|2016|Хэтчбек 5 дв.|1.2|механика|86|бензин|b12b36216
SEAT|Leon|III|2012|2016|Хэтчбек 5 дв.|1.2|робот|105|бензин|b12b36216
SEAT|Leon|III|2012|2016|Хэтчбек 5 дв.|1.2|робот|110|бензин|b12b36216
SEAT|Leon|III|2012|2016|Хэтчбек 5 дв.|1.4|механика|110|СУГ|b12b36216
SEAT|Leon|III|2012|2016|Хэтчбек 5 дв.|1.4|механика|122|бензин|b12b36216
SEAT|Leon|III|2012|2016|Хэтчбек 5 дв.|1.4|механика|125|бензин|b12b36216
SEAT|Leon|III|2012|2016|Хэтчбек 5 дв.|1.4|механика|140|бензин|b12b36216
SEAT|Leon|III|2012|2016|Хэтчбек 5 дв.|1.4|механика|150|бензин|b12b36216
SEAT|Leon|III|2012|2016|Хэтчбек 5 дв.|1.4|робот|122|бензин|b12b36216
SEAT|Leon|III|2012|2016|Хэтчбек 5 дв.|1.4|робот|140|бензин|b12b36216
SEAT|Leon|III|2012|2016|Хэтчбек 5 дв.|1.4|робот|150|бензин|b12b36216
SEAT|Leon|III|2012|2016|Хэтчбек 5 дв.|1.6|механика|105|дизель|b12b36216
SEAT|Leon|III|2012|2016|Хэтчбек 5 дв.|1.6|механика|110|дизель|b12b36216
SEAT|Leon|III|2012|2016|Хэтчбек 5 дв.|1.6|механика|90|дизель|b12b36216
SEAT|Leon|III|2012|2016|Хэтчбек 5 дв.|1.6|робот|105|дизель|b12b36216
SEAT|Leon|III|2012|2016|Хэтчбек 5 дв.|1.8|механика|180|бензин|b12b36216
SEAT|Leon|III|2012|2016|Хэтчбек 5 дв.|1.8|робот|180|бензин|b12b36216
SEAT|Leon|III|2012|2016|Хэтчбек 5 дв.|2.0|автомат|150|дизель|b12b36216
SEAT|Leon|III|2012|2016|Хэтчбек 5 дв.|2.0|механика|150|дизель|b12b36216
SEAT|Leon|III|2012|2016|Хэтчбек 5 дв.|2.0|механика|184|дизель|b12b36216
SEAT|Leon|III|2012|2016|Хэтчбек 5 дв.|2.0|робот|184|дизель|b12b36216
SEAT|Leon|II|2005|2009|Хэтчбек 5 дв.|1.4|механика|125|бензин|7e0ab221f
SEAT|Leon|II|2005|2009|Хэтчбек 5 дв.|1.4|механика|85|бензин|7e0ab221f
SEAT|Leon|II|2005|2009|Хэтчбек 5 дв.|1.6|механика|102|бензин|7e0ab221f
SEAT|Leon|II|2005|2009|Хэтчбек 5 дв.|1.8|механика|160|бензин|7e0ab221f
SEAT|Leon|II|2005|2009|Хэтчбек 5 дв.|1.9|механика|105|дизель|7e0ab221f
SEAT|Leon|II|2005|2009|Хэтчбек 5 дв.|1.9|робот|105|дизель|7e0ab221f
SEAT|Leon|II|2005|2009|Хэтчбек 5 дв.|2.0|автомат|150|бензин|7e0ab221f
SEAT|Leon|II|2005|2009|Хэтчбек 5 дв.|2.0|автомат|170|дизель|7e0ab221f
SEAT|Leon|II|2005|2009|Хэтчбек 5 дв.|2.0|механика|140|дизель|7e0ab221f
SEAT|Leon|II|2005|2009|Хэтчбек 5 дв.|2.0|механика|150|бензин|7e0ab221f
SEAT|Leon|II|2005|2009|Хэтчбек 5 дв.|2.0|механика|170|дизель|7e0ab221f
SEAT|Leon|II|2005|2009|Хэтчбек 5 дв.|2.0|механика|185|бензин|7e0ab221f
SEAT|Leon|II|2005|2009|Хэтчбек 5 дв.|2.0|механика|200|бензин|7e0ab221f
SEAT|Leon|II|2005|2009|Хэтчбек 5 дв.|2.0|механика|286|бензин|7e0ab221f
SEAT|Leon|II|2005|2009|Хэтчбек 5 дв.|2.0|робот|140|дизель|7e0ab221f
SEAT|Leon|II|2005|2009|Хэтчбек 5 дв.|2.0|робот|200|бензин|7e0ab221f
SEAT|Leon|IV|2020|н.в.|Универсал 5 дв.|1.0|механика|90|бензин|211ba253f
SEAT|Leon|IV|2020|н.в.|Универсал 5 дв.|1.4|робот|204|гибрид|211ba253f
SEAT|Leon|IV|2020|н.в.|Универсал 5 дв.|1.5|механика|130|бензин|211ba253f
SEAT|Leon|IV|2020|н.в.|Универсал 5 дв.|1.5|механика|150|бензин|211ba253f
SEAT|Leon|IV|2020|н.в.|Универсал 5 дв.|1.5|робот|130|СУГ|211ba253f
SEAT|Leon|IV|2020|н.в.|Универсал 5 дв.|1.5|робот|150|бензин|211ba253f
SEAT|Leon|IV|2020|н.в.|Универсал 5 дв.|2.0|механика|115|дизель|211ba253f
SEAT|Leon|IV|2020|н.в.|Универсал 5 дв.|2.0|робот|150|дизель|211ba253f
SEAT|Leon|IV|2020|н.в.|Хэтчбек 5 дв.|1.0|механика|110|бензин|f047bfd38
SEAT|Leon|IV|2020|н.в.|Хэтчбек 5 дв.|1.0|механика|90|бензин|f047bfd38
SEAT|Leon|IV|2020|н.в.|Хэтчбек 5 дв.|1.0|робот|110|бензин|f047bfd38
SEAT|Leon|IV|2020|н.в.|Хэтчбек 5 дв.|1.4|робот|204|гибрид|f047bfd38
SEAT|Leon|IV|2020|н.в.|Хэтчбек 5 дв.|1.5|механика|130|СУГ|f047bfd38
SEAT|Leon|IV|2020|н.в.|Хэтчбек 5 дв.|1.5|механика|130|бензин|f047bfd38
SEAT|Leon|IV|2020|н.в.|Хэтчбек 5 дв.|1.5|механика|150|бензин|f047bfd38
SEAT|Leon|IV|2020|н.в.|Хэтчбек 5 дв.|1.5|робот|130|СУГ|f047bfd38
SEAT|Leon|IV|2020|н.в.|Хэтчбек 5 дв.|1.5|робот|150|бензин|f047bfd38
SEAT|Leon|IV|2020|н.в.|Хэтчбек 5 дв.|2.0|механика|115|дизель|f047bfd38
SEAT|Leon|IV|2020|н.в.|Хэтчбек 5 дв.|2.0|робот|150|дизель|f047bfd38
SEAT|Leon|IV|2020|н.в.|Хэтчбек 5 дв.|2.0|робот|190|бензин|f047bfd38
SEAT|Leon|I|1999|2006|Хэтчбек 5 дв.|1.4|механика|75|бензин|02ecfd5f7
SEAT|Leon|I|1999|2006|Хэтчбек 5 дв.|1.6|автомат|100|бензин|02ecfd5f7
SEAT|Leon|I|1999|2006|Хэтчбек 5 дв.|1.6|механика|100|бензин|02ecfd5f7
SEAT|Leon|I|1999|2006|Хэтчбек 5 дв.|1.6|механика|105|бензин|02ecfd5f7
SEAT|Leon|I|1999|2006|Хэтчбек 5 дв.|1.8|автомат|125|бензин|02ecfd5f7
SEAT|Leon|I|1999|2006|Хэтчбек 5 дв.|1.8|механика|125|бензин|02ecfd5f7
SEAT|Leon|I|1999|2006|Хэтчбек 5 дв.|1.9|механика|110|дизель|02ecfd5f7
SEAT|Leon|I|1999|2006|Хэтчбек 5 дв.|1.9|механика|150|дизель|02ecfd5f7
SEAT|Leon|I|1999|2006|Хэтчбек 5 дв.|1.9|механика|68|дизель|02ecfd5f7
SEAT|Leon|I|1999|2006|Хэтчбек 5 дв.|1.9|механика|90|дизель|02ecfd5f7
SEAT|Malaga||1985|1993|Седан|1.2|механика|60|бензин|75cbb12e6
SEAT|Malaga||1985|1993|Седан|1.2|механика|71|бензин|75cbb12e6
SEAT|Malaga||1985|1993|Седан|1.5|механика|100|бензин|75cbb12e6
SEAT|Malaga||1985|1993|Седан|1.5|механика|85|бензин|75cbb12e6
SEAT|Malaga||1985|1993|Седан|1.5|механика|90|бензин|75cbb12e6
SEAT|Malaga||1985|1993|Седан|1.7|механика|55|дизель|75cbb12e6
SEAT|Marbella||1986|1998|Хэтчбек 3 дв.|0.8|механика|34|бензин|54ab3c27d
SEAT|Marbella||1986|1998|Хэтчбек 3 дв.|0.9|механика|40|бензин|54ab3c27d
SEAT|Marbella||1986|1998|Хэтчбек 3 дв.|0.9|механика|44|бензин|54ab3c27d
SEAT|Mii||2011|н.в.|Хэтчбек 3 дв.|1.0|механика|60|бензин|3a7acbf57
SEAT|Mii||2011|н.в.|Хэтчбек 3 дв.|1.0|механика|68|бензин|3a7acbf57
SEAT|Mii||2011|н.в.|Хэтчбек 3 дв.|1.0|механика|75|бензин|3a7acbf57
SEAT|Mii||2011|н.в.|Хэтчбек 3 дв.|1.0|робот|60|бензин|3a7acbf57
SEAT|Mii||2011|н.в.|Хэтчбек 3 дв.|1.0|робот|75|бензин|3a7acbf57
SEAT|Mii||2011|н.в.|Хэтчбек 5 дв.|1.0|механика|60|бензин|4a3927b4b
SEAT|Mii||2011|н.в.|Хэтчбек 5 дв.|1.0|механика|68|бензин|4a3927b4b
SEAT|Mii||2011|н.в.|Хэтчбек 5 дв.|1.0|механика|75|бензин|4a3927b4b
SEAT|Mii||2011|н.в.|Хэтчбек 5 дв.|1.0|робот|60|бензин|4a3927b4b
SEAT|Mii||2011|н.в.|Хэтчбек 5 дв.|1.0|робот|75|бензин|4a3927b4b
SEAT|Ronda||1982|1988|Хэтчбек 5 дв.|1.2|механика|60|бензин|6620df882
SEAT|Ronda||1982|1988|Хэтчбек 5 дв.|1.2|механика|64|бензин|6620df882
SEAT|Ronda||1982|1988|Хэтчбек 5 дв.|1.5|механика|85|бензин|6620df882
SEAT|Ronda||1982|1988|Хэтчбек 5 дв.|1.7|механика|55|дизель|6620df882
SEAT|Tarraco|I|2018|н.в.|Внедорожник 5 дв.|1.4|робот|150|бензин|0286aee48
SEAT|Tarraco|I|2018|н.в.|Внедорожник 5 дв.|1.4|робот|245|гибрид|0286aee48
SEAT|Tarraco|I|2018|н.в.|Внедорожник 5 дв.|1.5|механика|150|бензин|0286aee48
SEAT|Tarraco|I|2018|н.в.|Внедорожник 5 дв.|1.5|робот|150|бензин|0286aee48
SEAT|Tarraco|I|2018|н.в.|Внедорожник 5 дв.|2.0|механика|150|дизель|0286aee48
SEAT|Tarraco|I|2018|н.в.|Внедорожник 5 дв.|2.0|робот|150|дизель|0286aee48
SEAT|Tarraco|I|2018|н.в.|Внедорожник 5 дв.|2.0|робот|190|бензин|0286aee48
SEAT|Tarraco|I|2018|н.в.|Внедорожник 5 дв.|2.0|робот|190|дизель|0286aee48
SEAT|Tarraco|I|2018|н.в.|Внедорожник 5 дв.|2.0|робот|200|дизель|0286aee48
SEAT|Tarraco|I|2018|н.в.|Внедорожник 5 дв.|2.0|робот|245|бензин|0286aee48
SEAT|Toledo|III|2004|2009|Хэтчбек 5 дв.|1.6|механика|102|бензин|4e1aee5a9
SEAT|Toledo|III|2004|2009|Хэтчбек 5 дв.|1.8|механика|160|бензин|4e1aee5a9
SEAT|Toledo|III|2004|2009|Хэтчбек 5 дв.|1.9|механика|105|дизель|4e1aee5a9
SEAT|Toledo|III|2004|2009|Хэтчбек 5 дв.|2.0|автомат|140|дизель|4e1aee5a9
SEAT|Toledo|III|2004|2009|Хэтчбек 5 дв.|2.0|автомат|150|бензин|4e1aee5a9
SEAT|Toledo|III|2004|2009|Хэтчбек 5 дв.|2.0|механика|140|дизель|4e1aee5a9
SEAT|Toledo|III|2004|2009|Хэтчбек 5 дв.|2.0|механика|150|бензин|4e1aee5a9
SEAT|Toledo|III|2004|2009|Хэтчбек 5 дв.|2.0|механика|170|дизель|4e1aee5a9
SEAT|Toledo|II|1998|2004|Седан|1.6|автомат|100|бензин|6ca69bec5
SEAT|Toledo|II|1998|2004|Седан|1.6|механика|100|бензин|6ca69bec5
SEAT|Toledo|II|1998|2004|Седан|1.6|механика|105|бензин|6ca69bec5
SEAT|Toledo|II|1998|2004|Седан|1.8|автомат|125|бензин|6ca69bec5
SEAT|Toledo|II|1998|2004|Седан|1.8|механика|125|бензин|6ca69bec5
SEAT|Toledo|II|1998|2004|Седан|1.8|механика|180|бензин|6ca69bec5
SEAT|Toledo|II|1998|2004|Седан|1.9|механика|110|дизель|6ca69bec5
SEAT|Toledo|II|1998|2004|Седан|1.9|механика|150|дизель|6ca69bec5
SEAT|Toledo|II|1998|2004|Седан|1.9|механика|90|дизель|6ca69bec5
SEAT|Toledo|II|1998|2004|Седан|2.3|механика|150|бензин|6ca69bec5
SEAT|Toledo|II|1998|2004|Седан|2.3|механика|170|бензин|6ca69bec5
SEAT|Toledo|IV|2012|2019|Лифтбек|1.2|механика|105|бензин|a100ca58a
SEAT|Toledo|IV|2012|2019|Лифтбек|1.2|механика|110|бензин|a100ca58a
SEAT|Toledo|IV|2012|2019|Лифтбек|1.2|механика|75|бензин|a100ca58a
SEAT|Toledo|IV|2012|2019|Лифтбек|1.2|механика|86|бензин|a100ca58a
SEAT|Toledo|IV|2012|2019|Лифтбек|1.2|механика|90|бензин|a100ca58a
SEAT|Toledo|IV|2012|2019|Лифтбек|1.4|механика|90|дизель|a100ca58a
SEAT|Toledo|IV|2012|2019|Лифтбек|1.4|робот|122|бензин|a100ca58a
SEAT|Toledo|IV|2012|2019|Лифтбек|1.4|робот|125|бензин|a100ca58a
SEAT|Toledo|IV|2012|2019|Лифтбек|1.4|робот|90|дизель|a100ca58a
SEAT|Toledo|IV|2012|2019|Лифтбек|1.6|механика|105|бензин|a100ca58a
SEAT|Toledo|IV|2012|2019|Лифтбек|1.6|механика|105|дизель|a100ca58a
SEAT|Toledo|IV|2012|2019|Лифтбек|1.6|механика|115|дизель|a100ca58a
SEAT|Toledo|IV|2012|2019|Лифтбек|1.6|механика|90|дизель|a100ca58a
SEAT|Toledo|IV|2012|2019|Лифтбек|1.6|робот|90|дизель|a100ca58a
SEAT|Toledo|I|1991|1999|Лифтбек|1.6|автомат|101|бензин|8effba125
SEAT|Toledo|I|1991|1999|Лифтбек|1.6|механика|100|бензин|8effba125
SEAT|Toledo|I|1991|1999|Лифтбек|1.6|механика|101|бензин|8effba125
SEAT|Toledo|I|1991|1999|Лифтбек|1.6|механика|70|бензин|8effba125
SEAT|Toledo|I|1991|1999|Лифтбек|1.6|механика|72|бензин|8effba125
SEAT|Toledo|I|1991|1999|Лифтбек|1.6|механика|75|бензин|8effba125
SEAT|Toledo|I|1991|1999|Лифтбек|1.8|автомат|125|бензин|8effba125
SEAT|Toledo|I|1991|1999|Лифтбек|1.8|автомат|90|бензин|8effba125
SEAT|Toledo|I|1991|1999|Лифтбек|1.8|механика|125|бензин|8effba125
SEAT|Toledo|I|1991|1999|Лифтбек|1.8|механика|128|бензин|8effba125
SEAT|Toledo|I|1991|1999|Лифтбек|1.8|механика|133|бензин|8effba125
SEAT|Toledo|I|1991|1999|Лифтбек|1.8|механика|90|бензин|8effba125
SEAT|Toledo|I|1991|1999|Лифтбек|1.9|механика|110|дизель|8effba125
SEAT|Toledo|I|1991|1999|Лифтбек|1.9|механика|64|дизель|8effba125
SEAT|Toledo|I|1991|1999|Лифтбек|1.9|механика|68|дизель|8effba125
SEAT|Toledo|I|1991|1999|Лифтбек|1.9|механика|75|дизель|8effba125
SEAT|Toledo|I|1991|1999|Лифтбек|1.9|механика|90|дизель|8effba125
SEAT|Toledo|I|1991|1999|Лифтбек|2.0|автомат|115|бензин|8effba125
SEAT|Toledo|I|1991|1999|Лифтбек|2.0|механика|115|бензин|8effba125
SEAT|Toledo|I|1991|1999|Лифтбек|2.0|механика|150|бензин|8effba125