Spyker|C12||2006|2008|Купе|6.0|автомат|500|бензин|dfd649333
Spyker|C12||2006|2008|Купе|6.0|механика|500|бензин|dfd649333
Spyker|C12||2006|2008|Родстер|6.0|механика|500|бензин|a2099a338
Spyker|C8||2001|н.в.|Купе Aileron|4.2|автомат|400|бензин|3a74adc46
Spyker|C8||2001|н.в.|Купе Aileron|4.2|механика|400|бензин|3a74adc46
Spyker|C8||2001|н.в.|Купе Preliator|4.2|автомат|525|бензин|b993138ba
Spyker|C8||2001|н.в.|Купе Preliator|4.2|механика|525|бензин|b993138ba
Spyker|C8||2001|н.в.|Купе|4.2|автомат|400|бензин|dbdf046df
Spyker|C8||2001|н.в.|Купе|4.2|механика|400|бензин|dbdf046df
Spyker|C8||2001|н.в.|Родстер Aileron Spyder|4.2|автомат|400|бензин|eb90a322c
Spyker|C8||2001|н.в.|Родстер Aileron Spyder|4.2|механика|400|бензин|eb90a322c
Spyker|C8||2001|н.в.|Родстер|4.2|автомат|400|бензин|41141491e
Spyker|C8||2001|н.в.|Родстер|4.2|автомат|525|бензин|41141491e
Spyker|C8||2001|н.в.|Родстер|4.2|механика|400|бензин|41141491e
Spyker|C8||2001|н.в.|Родстер|4.2|механика|525|бензин|41141491e