Suzuki|APV|I|2004|н.в.|Минивэн|1.6|автомат|92|бензин|f2f25f59a
Suzuki|APV|I|2004|н.в.|Минивэн|1.6|механика|92|бензин|f2f25f59a
Suzuki|Aerio||2001|2007|Седан|1.5|автомат|110|бензин|79f23ffaf
Suzuki|Aerio||2001|2007|Седан|1.5|механика|110|бензин|79f23ffaf
Suzuki|Aerio||2001|2007|Седан|1.8|автомат|125|бензин|79f23ffaf
Suzuki|Aerio||2001|2007|Седан|2.0|автомат|145|бензин|79f23ffaf
Suzuki|Aerio||2001|2007|Седан|2.0|механика|145|бензин|79f23ffaf
Suzuki|Aerio||2001|2007|Седан|2.3|автомат|155|бензин|79f23ffaf
Suzuki|Aerio||2001|2007|Седан|2.3|механика|155|бензин|79f23ffaf
Suzuki|Aerio||2001|2007|Универсал 5 дв.|1.5|автомат|110|бензин|f8d421a26
Suzuki|Aerio||2001|2007|Универсал 5 дв.|1.5|механика|110|бензин|f8d421a26
Suzuki|Aerio||2001|2007|Универсал 5 дв.|1.8|автомат|125|бензин|f8d421a26
Suzuki|Aerio||2001|2007|Универсал 5 дв.|2.0|автомат|141|бензин|f8d421a26
Suzuki|Aerio||2001|2007|Универсал 5 дв.|2.0|механика|141|бензин|f8d421a26
Suzuki|Aerio||2001|2007|Универсал 5 дв.|2.3|автомат|155|бензин|f8d421a26
Suzuki|Aerio||2001|2007|Универсал 5 дв.|2.3|механика|155|бензин|f8d421a26
Suzuki|Alto Lapin|III|2015|н.в.|Хэтчбек 5 дв.|0.7|вариатор|52|бензин|d1e39ac6b
Suzuki|Alto Lapin|III|2015|н.в.|Хэтчбек 5 дв.|0.7|робот|52|бензин|d1e39ac6b
Suzuki|Alto Lapin|II|2008|2015|Хэтчбек 5 дв.|0.7|автомат|54|бензин|8cc447943
Suzuki|Alto Lapin|II|2008|2015|Хэтчбек 5 дв.|0.7|вариатор|54|бензин|8cc447943
Suzuki|Alto Lapin|II|2008|2015|Хэтчбек 5 дв.|0.7|вариатор|64|бензин|8cc447943
Suzuki|Alto Lapin|I|2002|2008|Хэтчбек 5 дв.|0.7|автомат|54|бензин|ac27afb52
Suzuki|Alto Lapin|I|2002|2008|Хэтчбек 5 дв.|0.7|автомат|60|бензин|ac27afb52
Suzuki|Alto Lapin|I|2002|2008|Хэтчбек 5 дв.|0.7|автомат|64|бензин|ac27afb52
Suzuki|Alto Lapin|I|2002|2008|Хэтчбек 5 дв.|0.7|механика|64|бензин|ac27afb52
Suzuki|Alto|III|1988|1994|Хэтчбек 3 дв. Works|0.7|автомат|61|бензин|1b2d388ff
Suzuki|Alto|III|1988|1994|Хэтчбек 3 дв. Works|0.7|автомат|64|бензин|1b2d388ff
Suzuki|Alto|III|1988|1994|Хэтчбек 3 дв. Works|0.7|механика|61|бензин|1b2d388ff
Suzuki|Alto|III|1988|1994|Хэтчбек 3 дв. Works|0.7|механика|64|бензин|1b2d388ff
Suzuki|Alto|III|1988|1994|Хэтчбек 3 дв.|0.6|автомат|32|бензин|8de45d762
Suzuki|Alto|III|1988|1994|Хэтчбек 3 дв.|0.6|автомат|34|бензин|8de45d762
Suzuki|Alto|III|1988|1994|Хэтчбек 3 дв.|0.6|автомат|40|бензин|8de45d762
Suzuki|Alto|III|1988|1994|Хэтчбек 3 дв.|0.6|автомат|42|бензин|8de45d762
Suzuki|Alto|III|1988|1994|Хэтчбек 3 дв.|0.6|автомат|44|бензин|8de45d762
Suzuki|Alto|III|1988|1994|Хэтчбек 3 дв.|0.6|автомат|58|бензин|8de45d762
Suzuki|Alto|III|1988|1994|Хэтчбек 3 дв.|0.6|автомат|64|бензин|8de45d762
Suzuki|Alto|III|1988|1994|Хэтчбек 3 дв.|0.6|механика|32|бензин|8de45d762
Suzuki|Alto|III|1988|1994|Хэтчбек 3 дв.|0.6|механика|34|бензин|8de45d762
Suzuki|Alto|III|1988|1994|Хэтчбек 3 дв.|0.6|механика|40|бензин|8de45d762
Suzuki|Alto|III|1988|1994|Хэтчбек 3 дв.|0.6|механика|42|бензин|8de45d762
Suzuki|Alto|III|1988|1994|Хэтчбек 3 дв.|0.6|механика|44|бензин|8de45d762
Suzuki|Alto|III|1988|1994|Хэтчбек 3 дв.|0.6|механика|58|бензин|8de45d762
Suzuki|Alto|III|1988|1994|Хэтчбек 3 дв.|0.6|механика|64|бензин|8de45d762
Suzuki|Alto|III|1988|1994|Хэтчбек 3 дв.|0.7|автомат|36|бензин|8de45d762
Suzuki|Alto|III|1988|1994|Хэтчбек 3 дв.|0.7|автомат|52|бензин|8de45d762
Suzuki|Alto|III|1988|1994|Хэтчбек 3 дв.|0.7|автомат|55|бензин|8de45d762
Suzuki|Alto|III|1988|1994|Хэтчбек 3 дв.|0.7|автомат|61|бензин|8de45d762
Suzuki|Alto|III|1988|1994|Хэтчбек 3 дв.|0.7|механика|36|бензин|8de45d762
Suzuki|Alto|III|1988|1994|Хэтчбек 3 дв.|0.7|механика|52|бензин|8de45d762
Suzuki|Alto|III|1988|1994|Хэтчбек 3 дв.|0.7|механика|55|бензин|8de45d762
Suzuki|Alto|III|1988|1994|Хэтчбек 3 дв.|0.7|механика|61|бензин|8de45d762
Suzuki|Alto|III|1988|1994|Хэтчбек 3 дв.|0.8|автомат|39|бензин|8de45d762
Suzuki|Alto|III|1988|1994|Хэтчбек 3 дв.|0.8|механика|39|бензин|8de45d762
Suzuki|Alto|II|1984|1993|Хэтчбек 3 дв.|0.7|автомат|55|бензин|899d07008
Suzuki|Alto|II|1984|1993|Хэтчбек 3 дв.|0.7|механика|55|бензин|899d07008
Suzuki|Alto|IV|1994|1998|Хэтчбек 3 дв.|0.7|автомат|40|бензин|3c92e2059
Suzuki|Alto|IV|1994|1998|Хэтчбек 3 дв.|0.7|автомат|42|бензин|3c92e2059
Suzuki|Alto|IV|1994|1998|Хэтчбек 3 дв.|0.7|автомат|52|бензин|3c92e2059
Suzuki|Alto|IV|1994|1998|Хэтчбек 3 дв.|0.7|автомат|55|бензин|3c92e2059
Suzuki|Alto|IV|1994|1998|Хэтчбек 3 дв.|0.7|механика|40|бензин|3c92e2059
Suzuki|Alto|IV|1994|1998|Хэтчбек 3 дв.|0.7|механика|42|бензин|3c92e2059
Suzuki|Alto|IV|1994|1998|Хэтчбек 3 дв.|0.7|механика|52|бензин|3c92e2059
Suzuki|Alto|IV|1994|1998|Хэтчбек 3 дв.|1.0|автомат|53|бензин|3c92e2059
Suzuki|Alto|IV|1994|1998|Хэтчбек 3 дв.|1.0|механика|53|бензин|3c92e2059
Suzuki|Alto|IV|1994|1998|Хэтчбек 5 дв.|1.0|автомат|53|бензин|0e1694945
Suzuki|Alto|IV|1994|1998|Хэтчбек 5 дв.|1.0|механика|53|бензин|0e1694945
Suzuki|Alto|I|1979|1984|Хэтчбек 3 дв.|0.8|механика|39|бензин|319281f09
Suzuki|Alto|VI (HA24)|2004|2009|Хэтчбек 5 дв.|0.7|автомат|54|бензин|c8b1a4536
Suzuki|Alto|VI (HA24)|2004|2009|Хэтчбек 5 дв.|0.7|автомат|64|бензин|c8b1a4536
Suzuki|Alto|VI (HA24)|2004|2009|Хэтчбек 5 дв.|0.7|вариатор|64|бензин|c8b1a4536
Suzuki|Alto|VI (HA24)|2004|2009|Хэтчбек 5 дв.|0.7|механика|54|бензин|c8b1a4536
Suzuki|Alto|VI (HA24)|2004|2009|Хэтчбек 5 дв.|0.7|механика|64|бензин|c8b1a4536
Suzuki|Alto|VI (HA24)|2004|2009|Хэтчбек 5 дв.|1.0|автомат|53|бензин|c8b1a4536
Suzuki|Alto|VI (HA24)|2004|2009|Хэтчбек 5 дв.|1.0|механика|53|бензин|c8b1a4536
Suzuki|Alto|VII (HA25)|2009|2014|Хэтчбек 5 дв.|0.7|автомат|54|бензин|28c3cebde
Suzuki|Alto|VII (HA25)|2009|2014|Хэтчбек 5 дв.|0.7|вариатор|54|бензин|28c3cebde
Suzuki|Alto|VII (HA25)|2009|2014|Хэтчбек 5 дв.|0.7|механика|54|бензин|28c3cebde
Suzuki|Alto|VII (HA25)|2009|2014|Хэтчбек 5 дв.|1.0|автомат|68|бензин|28c3cebde
Suzuki|Alto|VII (HA25)|2009|2014|Хэтчбек 5 дв.|1.0|механика|68|бензин|28c3cebde
Suzuki|Alto|VIII (HA36)|2014|н.в.|Хэтчбек 5 дв.|0.7|вариатор|52|бензин|d214c8b48
Suzuki|Alto|VIII (HA36)|2014|н.в.|Хэтчбек 5 дв.|0.7|механика|49|бензин|d214c8b48
Suzuki|Alto|VIII (HA36)|2014|н.в.|Хэтчбек 5 дв.|0.7|механика|64|бензин|d214c8b48
Suzuki|Alto|VIII (HA36)|2014|н.в.|Хэтчбек 5 дв.|0.7|робот|49|бензин|d214c8b48
Suzuki|Alto|VIII (HA36)|2014|н.в.|Хэтчбек 5 дв.|0.7|робот|52|бензин|d214c8b48
Suzuki|Alto|VIII (HA36)|2014|н.в.|Хэтчбек 5 дв.|0.7|робот|64|бензин|d214c8b48
Suzuki|Alto|V|1998|2012|Хэтчбек 3 дв. Works|0.7|автомат|60|бензин|d87f187af
Suzuki|Alto|V|1998|2012|Хэтчбек 3 дв. Works|0.7|автомат|64|бензин|d87f187af
Suzuki|Alto|V|1998|2012|Хэтчбек 3 дв. Works|0.7|механика|60|бензин|d87f187af
Suzuki|Alto|V|1998|2012|Хэтчбек 3 дв. Works|0.7|механика|64|бензин|d87f187af
Suzuki|Alto|V|1998|2012|Хэтчбек 3 дв.|0.7|автомат|54|бензин|cb04b99fa
Suzuki|Alto|V|1998|2012|Хэтчбек 3 дв.|0.7|механика|54|бензин|cb04b99fa
Suzuki|Alto|V|1998|2012|Хэтчбек 3 дв.|1.0|автомат|58|бензин|cb04b99fa
Suzuki|Alto|V|1998|2012|Хэтчбек 3 дв.|1.0|механика|58|бензин|cb04b99fa
Suzuki|Alto|V|1998|2012|Хэтчбек 5 дв. C2|0.7|автомат|54|бензин|78cdaa763
Suzuki|Alto|V|1998|2012|Хэтчбек 5 дв. C|0.7|автомат|60|бензин|bb3bc28af
Suzuki|Alto|V|1998|2012|Хэтчбек 5 дв.|0.7|автомат|54|бензин|6926999da
Suzuki|Alto|V|1998|2012|Хэтчбек 5 дв.|0.7|вариатор|46|бензин|6926999da
Suzuki|Alto|V|1998|2012|Хэтчбек 5 дв.|0.7|механика|46|бензин|6926999da
Suzuki|Alto|V|1998|2012|Хэтчбек 5 дв.|0.7|механика|54|бензин|6926999da
Suzuki|Alto|V|1998|2012|Хэтчбек 5 дв.|1.0|автомат|58|бензин|6926999da
Suzuki|Alto|V|1998|2012|Хэтчбек 5 дв.|1.0|механика|58|бензин|6926999da
Suzuki|Alto|V|1998|2012|Хэтчбек 5 дв.|1.1|автомат|62|бензин|6926999da
Suzuki|Alto|V|1998|2012|Хэтчбек 5 дв.|1.1|механика|62|бензин|6926999da
Suzuki|Baleno|II|2015|н.в.|Хэтчбек 5 дв.|1.0|автомат|112|бензин|48e3c109d
Suzuki|Baleno|II|2015|н.в.|Хэтчбек 5 дв.|1.0|механика|112|бензин|48e3c109d
Suzuki|Baleno|II|2015|н.в.|Хэтчбек 5 дв.|1.2|вариатор|90|бензин|48e3c109d
Suzuki|Baleno|II|2015|н.в.|Хэтчбек 5 дв.|1.2|механика|90|бензин|48e3c109d
Suzuki|Baleno|I|1995|2002|Седан|1.3|автомат|85|бензин|245bf9391
Suzuki|Baleno|I|1995|2002|Седан|1.3|механика|85|бензин|245bf9391
Suzuki|Baleno|I|1995|2002|Седан|1.6|автомат|101|бензин|245bf9391
Suzuki|Baleno|I|1995|2002|Седан|1.6|автомат|96|бензин|245bf9391
Suzuki|Baleno|I|1995|2002|Седан|1.6|механика|101|бензин|245bf9391
Suzuki|Baleno|I|1995|2002|Седан|1.6|механика|96|бензин|245bf9391
Suzuki|Baleno|I|1995|2002|Седан|1.6|механика|98|бензин|245bf9391
Suzuki|Baleno|I|1995|2002|Седан|1.8|автомат|121|бензин|245bf9391
Suzuki|Baleno|I|1995|2002|Седан|1.8|механика|121|бензин|245bf9391
Suzuki|Baleno|I|1995|2002|Седан|1.9|механика|75|дизель|245bf9391
Suzuki|Baleno|I|1995|2002|Универсал 5 дв.|1.3|автомат|86|бензин|c33166a8d
Suzuki|Baleno|I|1995|2002|Универсал 5 дв.|1.3|механика|86|бензин|c33166a8d
Suzuki|Baleno|I|1995|2002|Универсал 5 дв.|1.5|автомат|97|бензин|c33166a8d
Suzuki|Baleno|I|1995|2002|Универсал 5 дв.|1.5|механика|97|бензин|c33166a8d
Suzuki|Baleno|I|1995|2002|Универсал 5 дв.|1.6|автомат|115|бензин|c33166a8d
Suzuki|Baleno|I|1995|2002|Универсал 5 дв.|1.6|автомат|96|бензин|c33166a8d
Suzuki|Baleno|I|1995|2002|Универсал 5 дв.|1.6|механика|101|бензин|c33166a8d
Suzuki|Baleno|I|1995|2002|Универсал 5 дв.|1.6|механика|115|бензин|c33166a8d
Suzuki|Baleno|I|1995|2002|Универсал 5 дв.|1.6|механика|96|бензин|c33166a8d
Suzuki|Baleno|I|1995|2002|Универсал 5 дв.|1.8|автомат|121|бензин|c33166a8d
Suzuki|Baleno|I|1995|2002|Универсал 5 дв.|1.8|автомат|135|бензин|c33166a8d
Suzuki|Baleno|I|1995|2002|Универсал 5 дв.|1.8|механика|121|бензин|c33166a8d
Suzuki|Baleno|I|1995|2002|Универсал 5 дв.|1.8|механика|135|бензин|c33166a8d
Suzuki|Baleno|I|1995|2002|Универсал 5 дв.|1.9|механика|75|дизель|c33166a8d
Suzuki|Baleno|I|1995|2002|Хэтчбек 3 дв.|1.3|автомат|85|бензин|100ad852c
Suzuki|Baleno|I|1995|2002|Хэтчбек 3 дв.|1.3|механика|85|бензин|100ad852c
Suzuki|Baleno|I|1995|2002|Хэтчбек 3 дв.|1.6|автомат|96|бензин|100ad852c
Suzuki|Baleno|I|1995|2002|Хэтчбек 3 дв.|1.6|механика|96|бензин|100ad852c
Suzuki|Baleno|I|1995|2002|Хэтчбек 3 дв.|1.6|механика|98|бензин|100ad852c
Suzuki|Baleno|I|1995|2002|Хэтчбек 3 дв.|1.8|автомат|121|бензин|100ad852c
Suzuki|Baleno|I|1995|2002|Хэтчбек 3 дв.|1.8|механика|121|бензин|100ad852c
Suzuki|Baleno|I|1995|2002|Хэтчбек 3 дв.|1.9|механика|75|дизель|100ad852c
Suzuki|Cappuccino||1990|1997|Родстер|0.7|автомат|64|бензин|93093b5db
Suzuki|Cappuccino||1990|1997|Родстер|0.7|механика|64|бензин|93093b5db
Suzuki|Cara||1993|1995|Купе|0.7|механика|64|бензин|d4ca0c2e3
Suzuki|Carry|IX|1991|1998|Микровэн|0.7|автомат|42|бензин|b2ca653bc
Suzuki|Carry|IX|1991|1998|Микровэн|0.7|механика|42|бензин|b2ca653bc
Suzuki|Carry|VIII|1985|1991|Микровэн|0.7|механика|38|бензин|c9f482f1f
Suzuki|Carry|VIII|1985|1991|Микровэн|0.7|механика|42|бензин|c9f482f1f
Suzuki|Carry|VIII|1985|1991|Микровэн|1.0|автомат|45|бензин|c9f482f1f
Suzuki|Carry|VIII|1985|1991|Микровэн|1.0|механика|45|бензин|c9f482f1f
Suzuki|Celerio||2014|н.в.|Хэтчбек 5 дв.|1.0|механика|68|бензин|3af6c2f13
Suzuki|Celerio||2014|н.в.|Хэтчбек 5 дв.|1.0|робот|68|бензин|3af6c2f13
Suzuki|Cervo|III|1988|1990|Хэтчбек 3 дв.|0.6|автомат|40|бензин|76aa8aada
Suzuki|Cervo|III|1988|1990|Хэтчбек 3 дв.|0.6|механика|40|бензин|76aa8aada
Suzuki|Cervo|IV Рестайлинг 2|1997|1998|Хэтчбек 3 дв. C|0.7|автомат|52|бензин|5b63e0a7d
Suzuki|Cervo|IV Рестайлинг 2|1997|1998|Хэтчбек 3 дв. C|0.7|автомат|55|бензин|5b63e0a7d
Suzuki|Cervo|IV Рестайлинг 2|1997|1998|Хэтчбек 3 дв. C|0.7|механика|52|бензин|5b63e0a7d
Suzuki|Cervo|IV Рестайлинг 2|1997|1998|Хэтчбек 3 дв.|0.7|автомат|42|бензин|9d831bbaf
Suzuki|Cervo|IV Рестайлинг 2|1997|1998|Хэтчбек 3 дв.|0.7|автомат|52|бензин|9d831bbaf
Suzuki|Cervo|IV Рестайлинг 2|1997|1998|Хэтчбек 3 дв.|0.7|автомат|55|бензин|9d831bbaf
Suzuki|Cervo|IV Рестайлинг 2|1997|1998|Хэтчбек 3 дв.|0.7|механика|42|бензин|9d831bbaf
Suzuki|Cervo|IV Рестайлинг 2|1997|1998|Хэтчбек 3 дв.|0.7|механика|52|бензин|9d831bbaf
Suzuki|Cervo|IV Рестайлинг|1995|1997|Хэтчбек 3 дв.|0.7|автомат|42|бензин|f8e256ce9
Suzuki|Cervo|IV Рестайлинг|1995|1997|Хэтчбек 3 дв.|0.7|автомат|52|бензин|f8e256ce9
Suzuki|Cervo|IV Рестайлинг|1995|1997|Хэтчбек 3 дв.|0.7|автомат|55|бензин|f8e256ce9
Suzuki|Cervo|IV Рестайлинг|1995|1997|Хэтчбек 3 дв.|0.7|автомат|64|бензин|f8e256ce9
Suzuki|Cervo|IV Рестайлинг|1995|1997|Хэтчбек 3 дв.|0.7|механика|42|бензин|f8e256ce9
Suzuki|Cervo|IV Рестайлинг|1995|1997|Хэтчбек 3 дв.|0.7|механика|52|бензин|f8e256ce9
Suzuki|Cervo|IV Рестайлинг|1995|1997|Хэтчбек 3 дв.|0.7|механика|55|бензин|f8e256ce9
Suzuki|Cervo|IV Рестайлинг|1995|1997|Хэтчбек 3 дв.|0.7|механика|64|бензин|f8e256ce9
Suzuki|Cervo|IV|1990|1995|Хэтчбек 3 дв.|0.7|автомат|52|бензин|6e6f5f850
Suzuki|Cervo|IV|1990|1995|Хэтчбек 3 дв.|0.7|автомат|55|бензин|6e6f5f850
Suzuki|Cervo|IV|1990|1995|Хэтчбек 3 дв.|0.7|автомат|61|бензин|6e6f5f850
Suzuki|Cervo|IV|1990|1995|Хэтчбек 3 дв.|0.7|механика|52|бензин|6e6f5f850
Suzuki|Cervo|IV|1990|1995|Хэтчбек 3 дв.|0.7|механика|61|бензин|6e6f5f850
Suzuki|Cervo|IV|1990|1995|Хэтчбек 3 дв.|0.7|механика|64|бензин|6e6f5f850
Suzuki|Cervo|I|1977|1982|Хэтчбек 3 дв.|0.6|механика|40|бензин|b7960146c
Suzuki|Cervo|V|2006|2011|Хэтчбек 5 дв.|0.7|автомат|54|бензин|33a3d4106
Suzuki|Cervo|V|2006|2011|Хэтчбек 5 дв.|0.7|автомат|60|бензин|33a3d4106
Suzuki|Cervo|V|2006|2011|Хэтчбек 5 дв.|0.7|вариатор|64|бензин|33a3d4106
Suzuki|Cultus|III Рестайлинг|1998|2002|Седан|1.5|автомат|97|бензин|0cb0a0a70
Suzuki|Cultus|III Рестайлинг|1998|2002|Седан|1.5|механика|97|бензин|0cb0a0a70
Suzuki|Cultus|III Рестайлинг|1998|2002|Седан|1.6|автомат|115|бензин|0cb0a0a70
Suzuki|Cultus|III Рестайлинг|1998|2002|Седан|1.6|механика|115|бензин|0cb0a0a70
Suzuki|Cultus|III Рестайлинг|1998|2002|Универсал 5 дв.|1.5|автомат|97|бензин|e5fe7063e
Suzuki|Cultus|III Рестайлинг|1998|2002|Универсал 5 дв.|1.5|механика|97|бензин|e5fe7063e
Suzuki|Cultus|III Рестайлинг|1998|2002|Универсал 5 дв.|1.6|автомат|115|бензин|e5fe7063e
Suzuki|Cultus|III Рестайлинг|1998|2002|Универсал 5 дв.|1.6|механика|115|бензин|e5fe7063e
Suzuki|Cultus|III Рестайлинг|1998|2002|Универсал 5 дв.|1.8|автомат|135|бензин|e5fe7063e
Suzuki|Cultus|III Рестайлинг|1998|2002|Универсал 5 дв.|1.8|механика|135|бензин|e5fe7063e
Suzuki|Cultus|III Рестайлинг|1998|2002|Хэтчбек 3 дв.|1.3|автомат|85|бензин|b5793036a
Suzuki|Cultus|III Рестайлинг|1998|2002|Хэтчбек 3 дв.|1.3|механика|85|бензин|b5793036a
Suzuki|Cultus|III Рестайлинг|1998|2002|Хэтчбек 3 дв.|1.5|автомат|97|бензин|b5793036a
Suzuki|Cultus|III Рестайлинг|1998|2002|Хэтчбек 3 дв.|1.5|механика|97|бензин|b5793036a
Suzuki|Cultus|III Рестайлинг|1998|2002|Хэтчбек 3 дв.|1.6|автомат|115|бензин|b5793036a
Suzuki|Cultus|III Рестайлинг|1998|2002|Хэтчбек 3 дв.|1.6|механика|115|бензин|b5793036a
Suzuki|Cultus|III|1995|1998|Седан Crescent|1.5|автомат|97|бензин|2caa2c902
Suzuki|Cultus|III|1995|1998|Седан Crescent|1.6|автомат|115|бензин|2caa2c902
Suzuki|Cultus|III|1995|1998|Седан Crescent|1.6|механика|115|бензин|2caa2c902
Suzuki|Cultus|III|1995|1998|Универсал 5 дв. Crescent|1.5|автомат|97|бензин|1ea59283a
Suzuki|Cultus|III|1995|1998|Универсал 5 дв. Crescent|1.5|механика|97|бензин|1ea59283a
Suzuki|Cultus|III|1995|1998|Универсал 5 дв. Crescent|1.6|автомат|115|бензин|1ea59283a
Suzuki|Cultus|III|1995|1998|Универсал 5 дв. Crescent|1.6|механика|115|бензин|1ea59283a
Suzuki|Cultus|III|1995|1998|Универсал 5 дв. Crescent|1.8|автомат|135|бензин|1ea59283a
Suzuki|Cultus|III|1995|1998|Универсал 5 дв. Crescent|1.8|механика|135|бензин|1ea59283a
Suzuki|Cultus|II|1988|1998|Кабриолет|1.3|вариатор|82|бензин|4fd5d7d69
Suzuki|Cultus|II|1988|1998|Кабриолет|1.3|механика|82|бензин|4fd5d7d69
Suzuki|Cultus|II|1988|1998|Седан|1.3|автомат|73|бензин|ff4fc1da8
Suzuki|Cultus|II|1988|1998|Седан|1.3|автомат|82|бензин|ff4fc1da8
Suzuki|Cultus|II|1988|1998|Седан|1.3|механика|73|бензин|ff4fc1da8
Suzuki|Cultus|II|1988|1998|Седан|1.3|механика|82|бензин|ff4fc1da8
Suzuki|Cultus|II|1988|1998|Седан|1.5|автомат|91|бензин|ff4fc1da8
Suzuki|Cultus|II|1988|1998|Седан|1.5|механика|91|бензин|ff4fc1da8
Suzuki|Cultus|II|1988|1998|Седан|1.6|автомат|100|бензин|ff4fc1da8
Suzuki|Cultus|II|1988|1998|Седан|1.6|механика|100|бензин|ff4fc1da8
Suzuki|Cultus|II|1988|1998|Хэтчбек 3 дв.|1.3|автомат|85|бензин|3691c54d4
Suzuki|Cultus|II|1988|1998|Хэтчбек 3 дв.|1.3|вариатор|85|бензин|3691c54d4
Suzuki|Cultus|II|1988|1998|Хэтчбек 3 дв.|1.3|механика|85|бензин|3691c54d4
Suzuki|Cultus|II|1988|1998|Хэтчбек 3 дв.|1.5|автомат|97|бензин|3691c54d4
Suzuki|Cultus|II|1988|1998|Хэтчбек 3 дв.|1.5|механика|97|бензин|3691c54d4
Suzuki|Cultus|II|1988|1998|Хэтчбек 3 дв.|1.6|автомат|115|бензин|3691c54d4
Suzuki|Cultus|II|1988|1998|Хэтчбек 3 дв.|1.6|механика|115|бензин|3691c54d4
Suzuki|Cultus|I|1983|1988|Хэтчбек 3 дв.|1.0|автомат|80|бензин|964b3391d
Suzuki|Equator|I|2008|2012|Пикап Двойная кабина CrewCab|2.5|автомат|152|бензин|3692949e4
Suzuki|Equator|I|2008|2012|Пикап Двойная кабина CrewCab|2.5|механика|152|бензин|3692949e4
Suzuki|Equator|I|2008|2012|Пикап Двойная кабина CrewCab|4.0|автомат|265|бензин|3692949e4
Suzuki|Equator|I|2008|2012|Пикап Полуторная кабина ExtendedCab|2.5|автомат|152|бензин|0ca706bae
Suzuki|Equator|I|2008|2012|Пикап Полуторная кабина ExtendedCab|2.5|механика|152|бензин|0ca706bae
Suzuki|Equator|I|2008|2012|Пикап Полуторная кабина ExtendedCab|4.0|автомат|265|бензин|0ca706bae
Suzuki|Ertiga|II|2018|н.в.|Компактвэн|1.5|автомат|105|бензин|65fea7976
Suzuki|Ertiga|II|2018|н.в.|Компактвэн|1.5|механика|105|бензин|65fea7976
Suzuki|Ertiga|I|2012|2018|Компактвэн|1.3|механика|90|дизель|504c2ac3c
Suzuki|Ertiga|I|2012|2018|Компактвэн|1.4|автомат|95|бензин|504c2ac3c
Suzuki|Ertiga|I|2012|2018|Компактвэн|1.4|механика|95|бензин|504c2ac3c
Suzuki|Escudo|III Рестайлинг|2012|2017|Внедорожник 5 дв.|2.4|автомат|166|бензин|2a62c672c
Suzuki|Escudo|III Рестайлинг|2012|2017|Внедорожник 5 дв.|2.4|механика|166|бензин|2a62c672c
Suzuki|Escudo|III|2005|2012|Внедорожник 5 дв.|1.6|механика|106|бензин|e279c6bb9
Suzuki|Escudo|III|2005|2012|Внедорожник 5 дв.|2.0|автомат|145|бензин|e279c6bb9
Suzuki|Escudo|III|2005|2012|Внедорожник 5 дв.|2.0|механика|145|бензин|e279c6bb9
Suzuki|Escudo|III|2005|2012|Внедорожник 5 дв.|2.4|автомат|166|бензин|e279c6bb9
Suzuki|Escudo|III|2005|2012|Внедорожник 5 дв.|2.4|механика|166|бензин|e279c6bb9
Suzuki|Escudo|III|2005|2012|Внедорожник 5 дв.|2.7|автомат|184|бензин|e279c6bb9
Suzuki|Escudo|III|2005|2012|Внедорожник 5 дв.|3.2|автомат|224|бензин|e279c6bb9
Suzuki|Escudo|II|1997|2005|Внедорожник 3 дв.|1.6|автомат|107|бензин|b129b4d9f
Suzuki|Escudo|II|1997|2005|Внедорожник 3 дв.|1.6|механика|107|бензин|b129b4d9f
Suzuki|Escudo|II|1997|2005|Внедорожник 3 дв.|2.0|автомат|140|бензин|b129b4d9f
Suzuki|Escudo|II|1997|2005|Внедорожник 3 дв.|2.0|механика|140|бензин|b129b4d9f
Suzuki|Escudo|II|1997|2005|Внедорожник 3 дв.|2.5|автомат|160|бензин|b129b4d9f
Suzuki|Escudo|II|1997|2005|Внедорожник 5 дв. Grand|2.5|автомат|160|бензин|54d38570c
Suzuki|Escudo|II|1997|2005|Внедорожник 5 дв. Grand|2.7|автомат|177|бензин|54d38570c
Suzuki|Escudo|II|1997|2005|Внедорожник 5 дв. Grand|2.7|механика|177|бензин|54d38570c
Suzuki|Escudo|II|1997|2005|Внедорожник 5 дв.|1.6|автомат|107|бензин|3a4559dbb
Suzuki|Escudo|II|1997|2005|Внедорожник 5 дв.|1.6|механика|107|бензин|3a4559dbb
Suzuki|Escudo|II|1997|2005|Внедорожник 5 дв.|2.0|автомат|140|бензин|3a4559dbb
Suzuki|Escudo|II|1997|2005|Внедорожник 5 дв.|2.0|автомат|92|дизель|3a4559dbb
Suzuki|Escudo|II|1997|2005|Внедорожник 5 дв.|2.0|механика|140|бензин|3a4559dbb
Suzuki|Escudo|II|1997|2005|Внедорожник 5 дв.|2.5|автомат|160|бензин|3a4559dbb
Suzuki|Escudo|IV|2015|н.в.|Внедорожник 5 дв.|1.4|автомат|136|бензин|7c492b919
Suzuki|Escudo|IV|2015|н.в.|Внедорожник 5 дв.|1.6|автомат|117|бензин|7c492b919
Suzuki|Escudo|I|1988|1998|Внедорожник 3 дв.|1.6|автомат|101|бензин|be739fcda
Suzuki|Escudo|I|1988|1998|Внедорожник 3 дв.|1.6|автомат|82|бензин|be739fcda
Suzuki|Escudo|I|1988|1998|Внедорожник 3 дв.|1.6|механика|101|бензин|be739fcda
Suzuki|Escudo|I|1988|1998|Внедорожник 3 дв.|1.6|механика|82|бензин|be739fcda
Suzuki|Escudo|I|1988|1998|Внедорожник 3 дв.|1.8|автомат|120|бензин|be739fcda
Suzuki|Escudo|I|1988|1998|Внедорожник 3 дв.|1.8|механика|120|бензин|be739fcda
Suzuki|Escudo|I|1988|1998|Внедорожник 3 дв.|2.0|автомат|128|бензин|be739fcda
Suzuki|Escudo|I|1988|1998|Внедорожник 3 дв.|2.0|автомат|140|бензин|be739fcda
Suzuki|Escudo|I|1988|1998|Внедорожник 3 дв.|2.0|автомат|145|бензин|be739fcda
Suzuki|Escudo|I|1988|1998|Внедорожник 3 дв.|2.0|автомат|76|дизель|be739fcda
Suzuki|Escudo|I|1988|1998|Внедорожник 3 дв.|2.0|механика|128|бензин|be739fcda
Suzuki|Escudo|I|1988|1998|Внедорожник 3 дв.|2.0|механика|140|бензин|be739fcda
Suzuki|Escudo|I|1988|1998|Внедорожник 3 дв.|2.0|механика|145|бензин|be739fcda
Suzuki|Escudo|I|1988|1998|Внедорожник 5 дв.|1.3|автомат|64|бензин|8e5647c21
Suzuki|Escudo|I|1988|1998|Внедорожник 5 дв.|1.3|механика|64|бензин|8e5647c21
Suzuki|Escudo|I|1988|1998|Внедорожник 5 дв.|1.6|автомат|100|бензин|8e5647c21
Suzuki|Escudo|I|1988|1998|Внедорожник 5 дв.|1.6|автомат|80|бензин|8e5647c21
Suzuki|Escudo|I|1988|1998|Внедорожник 5 дв.|1.6|автомат|94|бензин|8e5647c21
Suzuki|Escudo|I|1988|1998|Внедорожник 5 дв.|1.6|механика|100|бензин|8e5647c21
Suzuki|Escudo|I|1988|1998|Внедорожник 5 дв.|1.6|механика|80|бензин|8e5647c21
Suzuki|Escudo|I|1988|1998|Внедорожник 5 дв.|1.6|механика|94|бензин|8e5647c21
Suzuki|Escudo|I|1988|1998|Внедорожник 5 дв.|1.8|автомат|120|бензин|8e5647c21
Suzuki|Escudo|I|1988|1998|Внедорожник 5 дв.|1.8|механика|120|бензин|8e5647c21
Suzuki|Escudo|I|1988|1998|Внедорожник 5 дв.|2.0|автомат|128|бензин|8e5647c21
Suzuki|Escudo|I|1988|1998|Внедорожник 5 дв.|2.0|автомат|140|бензин|8e5647c21
Suzuki|Escudo|I|1988|1998|Внедорожник 5 дв.|2.0|автомат|145|бензин|8e5647c21
Suzuki|Escudo|I|1988|1998|Внедорожник 5 дв.|2.0|автомат|76|дизель|8e5647c21
Suzuki|Escudo|I|1988|1998|Внедорожник 5 дв.|2.0|автомат|92|дизель|8e5647c21
Suzuki|Escudo|I|1988|1998|Внедорожник 5 дв.|2.0|механика|128|бензин|8e5647c21
Suzuki|Escudo|I|1988|1998|Внедорожник 5 дв.|2.0|механика|140|бензин|8e5647c21
Suzuki|Escudo|I|1988|1998|Внедорожник 5 дв.|2.0|механика|145|бензин|8e5647c21
Suzuki|Escudo|I|1988|1998|Внедорожник 5 дв.|2.5|автомат|160|бензин|8e5647c21
Suzuki|Esteem||1995|2004|Седан|1.5|автомат|97|бензин|1c76c3ceb
Suzuki|Esteem||1995|2004|Седан|1.5|механика|97|бензин|1c76c3ceb
Suzuki|Esteem||1995|2004|Седан|1.6|автомат|115|бензин|1c76c3ceb
Suzuki|Esteem||1995|2004|Седан|1.6|механика|115|бензин|1c76c3ceb
Suzuki|Esteem||1995|2004|Седан|1.8|автомат|121|бензин|1c76c3ceb
Suzuki|Esteem||1995|2004|Седан|1.8|механика|121|бензин|1c76c3ceb
Suzuki|Esteem||1995|2004|Универсал 5 дв.|1.6|автомат|95|бензин|a16b27989
Suzuki|Esteem||1995|2004|Универсал 5 дв.|1.6|механика|95|бензин|a16b27989
Suzuki|Esteem||1995|2004|Универсал 5 дв.|1.8|автомат|121|бензин|a16b27989
Suzuki|Esteem||1995|2004|Универсал 5 дв.|1.8|механика|121|бензин|a16b27989
Suzuki|Every|II|1985|1990|Микровэн|0.7|механика|38|бензин|bb0b1eb52
Suzuki|Every|II|1985|1990|Микровэн|0.7|механика|42|бензин|bb0b1eb52
Suzuki|Every|II|1985|1990|Микровэн|1.0|автомат|45|бензин|bb0b1eb52
Suzuki|Every|II|1985|1990|Микровэн|1.0|механика|45|бензин|bb0b1eb52
Suzuki|Every|IV|1999|2005|Микровэн|0.7|автомат|49|бензин|29a963f74
Suzuki|Every|IV|1999|2005|Микровэн|0.7|автомат|64|бензин|29a963f74
Suzuki|Every|IV|1999|2005|Микровэн|0.7|механика|49|бензин|29a963f74
Suzuki|Every|IV|1999|2005|Микровэн|0.7|механика|64|бензин|29a963f74
Suzuki|Every|IV|1999|2005|Микровэн|1.3|автомат|86|бензин|29a963f74
Suzuki|Every|VI|2015|н.в.|Микровэн|0.7|автомат|49|бензин|b05bea4c0
Suzuki|Every|VI|2015|н.в.|Микровэн|0.7|автомат|64|бензин|b05bea4c0
Suzuki|Every|VI|2015|н.в.|Микровэн|0.7|механика|49|бензин|b05bea4c0
Suzuki|Every|VI|2015|н.в.|Микровэн|0.7|механика|64|бензин|b05bea4c0
Suzuki|Every|VI|2015|н.в.|Микровэн|0.7|робот|49|бензин|b05bea4c0
Suzuki|Every|V|2005|2015|Микровэн|0.7|автомат|49|бензин|c3913bce8
Suzuki|Every|V|2005|2015|Микровэн|0.7|автомат|64|бензин|c3913bce8
Suzuki|Every|V|2005|2015|Микровэн|0.7|механика|49|бензин|c3913bce8
Suzuki|Every|V|2005|2015|Микровэн|0.7|механика|64|бензин|c3913bce8
Suzuki|Forenza||2003|2008|Седан|2.0|автомат|120|бензин|178a2716f
Suzuki|Forenza||2003|2008|Седан|2.0|автомат|127|бензин|178a2716f
Suzuki|Forenza||2003|2008|Седан|2.0|механика|120|бензин|178a2716f
Suzuki|Forenza||2003|2008|Седан|2.0|механика|127|бензин|178a2716f
Suzuki|Forenza||2003|2008|Универсал 5 дв.|2.0|автомат|126|бензин|c159c5d51
Suzuki|Forenza||2003|2008|Универсал 5 дв.|2.0|механика|126|бензин|c159c5d51
Suzuki|Fronte|CB72|1986|1988|Хэтчбек 5 дв.|0.5|автомат|31|бензин|48ef78723
Suzuki|Fronte|CB72|1986|1988|Хэтчбек 5 дв.|0.5|механика|31|бензин|48ef78723
Suzuki|Fronte|CB72|1986|1988|Хэтчбек 5 дв.|0.5|механика|40|бензин|48ef78723
Suzuki|Fronte|CB72|1986|1988|Хэтчбек 5 дв.|0.8|механика|39|бензин|48ef78723
Suzuki|Grand Vitara|II Рестайлинг|2000|2006|Внедорожник 3 дв.|1.6|автомат|94|бензин|3778f4ea8
Suzuki|Grand Vitara|II Рестайлинг|2000|2006|Внедорожник 3 дв.|1.6|механика|107|бензин|3778f4ea8
Suzuki|Grand Vitara|II Рестайлинг|2000|2006|Внедорожник 3 дв.|1.6|механика|94|бензин|3778f4ea8
Suzuki|Grand Vitara|II Рестайлинг|2000|2006|Внедорожник 3 дв.|2.0|автомат|128|бензин|3778f4ea8
Suzuki|Grand Vitara|II Рестайлинг|2000|2006|Внедорожник 3 дв.|2.0|автомат|140|бензин|3778f4ea8
Suzuki|Grand Vitara|II Рестайлинг|2000|2006|Внедорожник 3 дв.|2.0|механика|128|бензин|3778f4ea8
Suzuki|Grand Vitara|II Рестайлинг|2000|2006|Внедорожник 3 дв.|2.0|механика|140|бензин|3778f4ea8
Suzuki|Grand Vitara|II Рестайлинг|2000|2006|Внедорожник 3 дв.|2.0|механика|87|дизель|3778f4ea8
Suzuki|Grand Vitara|II Рестайлинг|2000|2006|Внедорожник 3 дв.|2.0|механика|92|дизель|3778f4ea8
Suzuki|Grand Vitara|II Рестайлинг|2000|2006|Внедорожник 5 дв. XL-7|2.0|автомат|109|дизель|06c326196
Suzuki|Grand Vitara|II Рестайлинг|2000|2006|Внедорожник 5 дв. XL-7|2.0|механика|109|дизель|06c326196
Suzuki|Grand Vitara|II Рестайлинг|2000|2006|Внедорожник 5 дв. XL-7|2.7|автомат|172|бензин|06c326196
Suzuki|Grand Vitara|II Рестайлинг|2000|2006|Внедорожник 5 дв. XL-7|2.7|автомат|173|бензин|06c326196
Suzuki|Grand Vitara|II Рестайлинг|2000|2006|Внедорожник 5 дв. XL-7|2.7|автомат|185|бензин|06c326196
Suzuki|Grand Vitara|II Рестайлинг|2000|2006|Внедорожник 5 дв. XL-7|2.7|механика|172|бензин|06c326196
Suzuki|Grand Vitara|II Рестайлинг|2000|2006|Внедорожник 5 дв. XL-7|2.7|механика|173|бензин|06c326196
Suzuki|Grand Vitara|II Рестайлинг|2000|2006|Внедорожник 5 дв. XL-7|2.7|механика|185|бензин|06c326196
Suzuki|Grand Vitara|II Рестайлинг|2000|2006|Внедорожник 5 дв.|1.6|автомат|107|бензин|879dd81da
Suzuki|Grand Vitara|II Рестайлинг|2000|2006|Внедорожник 5 дв.|1.6|механика|107|бензин|879dd81da
Suzuki|Grand Vitara|II Рестайлинг|2000|2006|Внедорожник 5 дв.|2.0|автомат|109|дизель|879dd81da
Suzuki|Grand Vitara|II Рестайлинг|2000|2006|Внедорожник 5 дв.|2.0|автомат|128|бензин|879dd81da
Suzuki|Grand Vitara|II Рестайлинг|2000|2006|Внедорожник 5 дв.|2.0|автомат|140|бензин|879dd81da
Suzuki|Grand Vitara|II Рестайлинг|2000|2006|Внедорожник 5 дв.|2.0|автомат|87|дизель|879dd81da
Suzuki|Grand Vitara|II Рестайлинг|2000|2006|Внедорожник 5 дв.|2.0|механика|109|дизель|879dd81da
Suzuki|Grand Vitara|II Рестайлинг|2000|2006|Внедорожник 5 дв.|2.0|механика|128|бензин|879dd81da
Suzuki|Grand Vitara|II Рестайлинг|2000|2006|Внедорожник 5 дв.|2.0|механика|140|бензин|879dd81da
Suzuki|Grand Vitara|II Рестайлинг|2000|2006|Внедорожник 5 дв.|2.0|механика|87|дизель|879dd81da
Suzuki|Grand Vitara|II Рестайлинг|2000|2006|Внедорожник 5 дв.|2.5|автомат|144|бензин|879dd81da
Suzuki|Grand Vitara|II Рестайлинг|2000|2006|Внедорожник 5 дв.|2.5|автомат|158|бензин|879dd81da
Suzuki|Grand Vitara|II Рестайлинг|2000|2006|Внедорожник 5 дв.|2.5|механика|144|бензин|879dd81da
Suzuki|Grand Vitara|II Рестайлинг|2000|2006|Внедорожник 5 дв.|2.5|механика|158|бензин|879dd81da
Suzuki|Grand Vitara|II Рестайлинг|2000|2006|Внедорожник открытый Canvas Top|1.6|механика|94|бензин|c8f6b1d6b
Suzuki|Grand Vitara|II Рестайлинг|2000|2006|Внедорожник открытый Canvas Top|2.0|автомат|128|бензин|c8f6b1d6b
Suzuki|Grand Vitara|II Рестайлинг|2000|2006|Внедорожник открытый Canvas Top|2.0|механика|128|бензин|c8f6b1d6b
Suzuki|Grand Vitara|III Рестайлинг 2|2012|2015|Внедорожник 3 дв.|1.6|механика|106|бензин|39fef96f0
Suzuki|Grand Vitara|III Рестайлинг 2|2012|2015|Внедорожник 3 дв.|1.9|механика|129|дизель|39fef96f0
Suzuki|Grand Vitara|III Рестайлинг 2|2012|2015|Внедорожник 3 дв.|2.4|автомат|169|бензин|39fef96f0
Suzuki|Grand Vitara|III Рестайлинг 2|2012|2015|Внедорожник 3 дв.|2.4|механика|169|бензин|39fef96f0
Suzuki|Grand Vitara|III Рестайлинг 2|2012|2015|Внедорожник 5 дв.|1.9|механика|129|дизель|b3680c2a1
Suzuki|Grand Vitara|III Рестайлинг 2|2012|2015|Внедорожник 5 дв.|2.0|автомат|140|бензин|b3680c2a1
Suzuki|Grand Vitara|III Рестайлинг 2|2012|2015|Внедорожник 5 дв.|2.0|механика|140|бензин|b3680c2a1
Suzuki|Grand Vitara|III Рестайлинг 2|2012|2015|Внедорожник 5 дв.|2.4|автомат|169|бензин|b3680c2a1
Suzuki|Grand Vitara|III Рестайлинг 2|2012|2015|Внедорожник 5 дв.|2.4|механика|169|бензин|b3680c2a1
Suzuki|Grand Vitara|III Рестайлинг|2008|2012|Внедорожник 3 дв.|1.6|механика|106|бензин|b82548945
Suzuki|Grand Vitara|III Рестайлинг|2008|2012|Внедорожник 3 дв.|1.9|механика|129|дизель|b82548945
Suzuki|Grand Vitara|III Рестайлинг|2008|2012|Внедорожник 3 дв.|2.4|автомат|169|бензин|b82548945
Suzuki|Grand Vitara|III Рестайлинг|2008|2012|Внедорожник 3 дв.|2.4|механика|169|бензин|b82548945
Suzuki|Grand Vitara|III Рестайлинг|2008|2012|Внедорожник 5 дв.|1.9|механика|129|дизель|ac52961b2
Suzuki|Grand Vitara|III Рестайлинг|2008|2012|Внедорожник 5 дв.|2.0|автомат|140|бензин|ac52961b2
Suzuki|Grand Vitara|III Рестайлинг|2008|2012|Внедорожник 5 дв.|2.0|механика|140|бензин|ac52961b2
Suzuki|Grand Vitara|III Рестайлинг|2008|2012|Внедорожник 5 дв.|2.4|автомат|169|бензин|ac52961b2
Suzuki|Grand Vitara|III Рестайлинг|2008|2012|Внедорожник 5 дв.|2.4|механика|169|бензин|ac52961b2
Suzuki|Grand Vitara|III Рестайлинг|2008|2012|Внедорожник 5 дв.|3.2|автомат|233|бензин|ac52961b2
Suzuki|Grand Vitara|III|2005|2008|Внедорожник 3 дв.|1.6|механика|106|бензин|45b54712d
Suzuki|Grand Vitara|III|2005|2008|Внедорожник 3 дв.|1.9|механика|129|дизель|45b54712d
Suzuki|Grand Vitara|III|2005|2008|Внедорожник 3 дв.|2.4|автомат|169|бензин|45b54712d
Suzuki|Grand Vitara|III|2005|2008|Внедорожник 3 дв.|2.4|механика|169|бензин|45b54712d
Suzuki|Grand Vitara|III|2005|2008|Внедорожник 5 дв.|1.9|механика|129|дизель|dfbb0006b
Suzuki|Grand Vitara|III|2005|2008|Внедорожник 5 дв.|2.0|автомат|140|бензин|dfbb0006b
Suzuki|Grand Vitara|III|2005|2008|Внедорожник 5 дв.|2.0|механика|140|бензин|dfbb0006b
Suzuki|Grand Vitara|III|2005|2008|Внедорожник 5 дв.|2.4|автомат|169|бензин|dfbb0006b
Suzuki|Grand Vitara|III|2005|2008|Внедорожник 5 дв.|2.4|механика|169|бензин|dfbb0006b
Suzuki|Grand Vitara|III|2005|2008|Внедорожник 5 дв.|2.7|автомат|185|бензин|dfbb0006b
Suzuki|Grand Vitara|III|2005|2008|Внедорожник 5 дв.|2.7|механика|185|бензин|dfbb0006b
Suzuki|Grand Vitara|II|1997|2001|Внедорожник 3 дв.|1.6|автомат|94|бензин|b6cfc09cb
Suzuki|Grand Vitara|II|1997|2001|Внедорожник 3 дв.|1.6|механика|107|бензин|b6cfc09cb
Suzuki|Grand Vitara|II|1997|2001|Внедорожник 3 дв.|1.6|механика|94|бензин|b6cfc09cb
Suzuki|Grand Vitara|II|1997|2001|Внедорожник 3 дв.|2.0|автомат|128|бензин|b6cfc09cb
Suzuki|Grand Vitara|II|1997|2001|Внедорожник 3 дв.|2.0|автомат|140|бензин|b6cfc09cb
Suzuki|Grand Vitara|II|1997|2001|Внедорожник 3 дв.|2.0|механика|128|бензин|b6cfc09cb
Suzuki|Grand Vitara|II|1997|2001|Внедорожник 3 дв.|2.0|механика|140|бензин|b6cfc09cb
Suzuki|Grand Vitara|II|1997|2001|Внедорожник 3 дв.|2.0|механика|87|дизель|b6cfc09cb
Suzuki|Grand Vitara|II|1997|2001|Внедорожник 3 дв.|2.0|механика|92|дизель|b6cfc09cb
Suzuki|Grand Vitara|II|1997|2001|Внедорожник 5 дв.|1.6|автомат|107|бензин|40a176dd1
Suzuki|Grand Vitara|II|1997|2001|Внедорожник 5 дв.|1.6|механика|107|бензин|40a176dd1
Suzuki|Grand Vitara|II|1997|2001|Внедорожник 5 дв.|1.6|механика|94|бензин|40a176dd1
Suzuki|Grand Vitara|II|1997|2001|Внедорожник 5 дв.|2.0|автомат|128|бензин|40a176dd1
Suzuki|Grand Vitara|II|1997|2001|Внедорожник 5 дв.|2.0|автомат|140|бензин|40a176dd1
Suzuki|Grand Vitara|II|1997|2001|Внедорожник 5 дв.|2.0|автомат|87|дизель|40a176dd1
Suzuki|Grand Vitara|II|1997|2001|Внедорожник 5 дв.|2.0|механика|128|бензин|40a176dd1
Suzuki|Grand Vitara|II|1997|2001|Внедорожник 5 дв.|2.0|механика|140|бензин|40a176dd1
Suzuki|Grand Vitara|II|1997|2001|Внедорожник 5 дв.|2.0|механика|87|дизель|40a176dd1
Suzuki|Grand Vitara|II|1997|2001|Внедорожник 5 дв.|2.5|автомат|144|бензин|40a176dd1
Suzuki|Grand Vitara|II|1997|2001|Внедорожник 5 дв.|2.5|автомат|158|бензин|40a176dd1
Suzuki|Grand Vitara|II|1997|2001|Внедорожник 5 дв.|2.5|автомат|160|бензин|40a176dd1
Suzuki|Grand Vitara|II|1997|2001|Внедорожник 5 дв.|2.5|механика|144|бензин|40a176dd1
Suzuki|Grand Vitara|II|1997|2001|Внедорожник 5 дв.|2.5|механика|158|бензин|40a176dd1
Suzuki|Grand Vitara|II|1997|2001|Внедорожник открытый открытый|1.6|механика|94|бензин|dc376c502
Suzuki|Grand Vitara|II|1997|2001|Внедорожник открытый открытый|2.0|автомат|128|бензин|dc376c502
Suzuki|Grand Vitara|II|1997|2001|Внедорожник открытый открытый|2.0|механика|128|бензин|dc376c502
Suzuki|Hustler|II|2020|н.в.|Хэтчбек 5 дв.|0.7|вариатор|49|бензин|d8474dbb3
Suzuki|Hustler|II|2020|н.в.|Хэтчбек 5 дв.|0.7|вариатор|64|бензин|d8474dbb3
Suzuki|Hustler|I|2014|2019|Хэтчбек 5 дв.|0.7|вариатор|52|бензин|a134d9909
Suzuki|Hustler|I|2014|2019|Хэтчбек 5 дв.|0.7|вариатор|64|бензин|a134d9909
Suzuki|Hustler|I|2014|2019|Хэтчбек 5 дв.|0.7|механика|52|бензин|a134d9909
Suzuki|Ignis|I (HT)|2000|2006|Хэтчбек 3 дв. Sport|1.5|механика|109|бензин|f69d2e23b
Suzuki|Ignis|I (HT)|2000|2006|Хэтчбек 3 дв.|1.3|механика|83|бензин|caa1dd802
Suzuki|Ignis|I (HT)|2000|2006|Хэтчбек 5 дв.|1.3|автомат|83|бензин|3b4fb5812
Suzuki|Ignis|I (HT)|2000|2006|Хэтчбек 5 дв.|1.3|механика|83|бензин|3b4fb5812
Suzuki|Ignis|I (HT)|2000|2006|Хэтчбек 5 дв.|1.5|механика|109|бензин|3b4fb5812
Suzuki|Ignis|II (HR)|2003|2008|Хэтчбек 5 дв.|1.3|механика|70|дизель|f9545946a
Suzuki|Ignis|II (HR)|2003|2008|Хэтчбек 5 дв.|1.3|механика|93|бензин|f9545946a
Suzuki|Ignis|II (HR)|2003|2008|Хэтчбек 5 дв.|1.5|автомат|99|бензин|f9545946a
Suzuki|Ignis|II (HR)|2003|2008|Хэтчбек 5 дв.|1.5|механика|99|бензин|f9545946a
Suzuki|Ignis|III Рестайлинг|2020|н.в.|Хэтчбек 5 дв.|1.2|вариатор|83|бензин|d7f9775b8
Suzuki|Ignis|III Рестайлинг|2020|н.в.|Хэтчбек 5 дв.|1.2|вариатор|91|гибрид|d7f9775b8
Suzuki|Ignis|III Рестайлинг|2020|н.в.|Хэтчбек 5 дв.|1.2|механика|83|бензин|d7f9775b8
Suzuki|Ignis|III|2016|2020|Хэтчбек 5 дв.|1.2|вариатор|91|гибрид|75ede48e7
Suzuki|Jimny|III Рестайлинг 1|2005|2012|Внедорожник 3 дв.|0.7|автомат|64|бензин|aac6fd15c
Suzuki|Jimny|III Рестайлинг 1|2005|2012|Внедорожник 3 дв.|0.7|механика|64|бензин|aac6fd15c
Suzuki|Jimny|III Рестайлинг 1|2005|2012|Внедорожник 3 дв.|1.3|автомат|85|бензин|aac6fd15c
Suzuki|Jimny|III Рестайлинг 1|2005|2012|Внедорожник 3 дв.|1.3|автомат|88|бензин|aac6fd15c
Suzuki|Jimny|III Рестайлинг 1|2005|2012|Внедорожник 3 дв.|1.3|механика|85|бензин|aac6fd15c
Suzuki|Jimny|III Рестайлинг 1|2005|2012|Внедорожник 3 дв.|1.3|механика|88|бензин|aac6fd15c
Suzuki|Jimny|III Рестайлинг 1|2005|2012|Внедорожник 3 дв.|1.5|механика|86|дизель|aac6fd15c
Suzuki|Jimny|III Рестайлинг 1|2005|2012|Внедорожник открытый|1.3|автомат|80|бензин|4b50f2560
Suzuki|Jimny|III Рестайлинг 1|2005|2012|Внедорожник открытый|1.3|механика|80|бензин|4b50f2560
Suzuki|Jimny|III Рестайлинг 1|2005|2012|Внедорожник открытый|1.5|механика|86|дизель|4b50f2560
Suzuki|Jimny|III Рестайлинг 2|2012|2019|Внедорожник 3 дв.|0.7|автомат|64|бензин|d7f3ca702
Suzuki|Jimny|III Рестайлинг 2|2012|2019|Внедорожник 3 дв.|0.7|механика|64|бензин|d7f3ca702
Suzuki|Jimny|III Рестайлинг 2|2012|2019|Внедорожник 3 дв.|1.3|автомат|85|бензин|d7f3ca702
Suzuki|Jimny|III Рестайлинг 2|2012|2019|Внедорожник 3 дв.|1.3|механика|85|бензин|d7f3ca702
Suzuki|Jimny|III Рестайлинг 2|2012|2019|Внедорожник 3 дв.|1.5|механика|86|дизель|d7f3ca702
Suzuki|Jimny|III|1998|2005|Внедорожник 3 дв.|0.7|автомат|64|бензин|3c75365b4
Suzuki|Jimny|III|1998|2005|Внедорожник 3 дв.|0.7|механика|64|бензин|3c75365b4
Suzuki|Jimny|III|1998|2005|Внедорожник 3 дв.|1.3|автомат|80|бензин|3c75365b4
Suzuki|Jimny|III|1998|2005|Внедорожник 3 дв.|1.3|механика|80|бензин|3c75365b4
Suzuki|Jimny|III|1998|2005|Внедорожник 3 дв.|1.5|механика|65|дизель|3c75365b4
Suzuki|Jimny|III|1998|2005|Внедорожник открытый|1.3|автомат|80|бензин|a2e5f2598
Suzuki|Jimny|III|1998|2005|Внедорожник открытый|1.3|механика|80|бензин|a2e5f2598
Suzuki|Jimny|III|1998|2005|Внедорожник открытый|1.3|робот|80|бензин|a2e5f2598
Suzuki|Jimny|III|1998|2005|Внедорожник открытый|1.5|автомат|65|дизель|a2e5f2598
Suzuki|Jimny|III|1998|2005|Внедорожник открытый|1.5|механика|65|дизель|a2e5f2598
Suzuki|Jimny|II|1981|1998|Внедорожник 3 дв.|0.7|автомат|55|бензин|44586d33e
Suzuki|Jimny|II|1981|1998|Внедорожник 3 дв.|0.7|механика|55|бензин|44586d33e
Suzuki|Jimny|II|1981|1998|Внедорожник 3 дв.|1.0|механика|45|бензин|44586d33e
Suzuki|Jimny|II|1981|1998|Внедорожник 3 дв.|1.3|автомат|76|бензин|44586d33e
Suzuki|Jimny|II|1981|1998|Внедорожник 3 дв.|1.3|механика|64|бензин|44586d33e
Suzuki|Jimny|II|1981|1998|Внедорожник 3 дв.|1.3|механика|69|бензин|44586d33e
Suzuki|Jimny|II|1981|1998|Внедорожник 3 дв.|1.3|механика|76|бензин|44586d33e
Suzuki|Jimny|II|1981|1998|Внедорожник 3 дв.|1.9|механика|62|дизель|44586d33e
Suzuki|Jimny|IV|2018|н.в.|Внедорожник 3 дв.|1.5|автомат|102|бензин|bc1c383d1
Suzuki|Jimny|IV|2018|н.в.|Внедорожник 3 дв.|1.5|механика|102|бензин|bc1c383d1
Suzuki|Jimny|I|1970|1981|Внедорожник 3 дв.|0.4|механика|25|бензин|77d9e86f8
Suzuki|Jimny|I|1970|1981|Внедорожник 3 дв.|0.4|механика|28|бензин|77d9e86f8
Suzuki|Jimny|I|1970|1981|Внедорожник 3 дв.|0.5|механика|26|бензин|77d9e86f8
Suzuki|Jimny|I|1970|1981|Внедорожник 3 дв.|0.5|механика|33|бензин|77d9e86f8
Suzuki|Jimny|I|1970|1981|Внедорожник 3 дв.|0.8|механика|41|бензин|77d9e86f8
Suzuki|Kei||1998|2009|Хэтчбек 5 дв.|0.7|автомат|54|бензин|08a6a919c
Suzuki|Kei||1998|2009|Хэтчбек 5 дв.|0.7|автомат|60|бензин|08a6a919c
Suzuki|Kei||1998|2009|Хэтчбек 5 дв.|0.7|автомат|64|бензин|08a6a919c
Suzuki|Kei||1998|2009|Хэтчбек 5 дв.|0.7|механика|54|бензин|08a6a919c
Suzuki|Kei||1998|2009|Хэтчбек 5 дв.|0.7|механика|60|бензин|08a6a919c
Suzuki|Kei||1998|2009|Хэтчбек 5 дв.|0.7|механика|64|бензин|08a6a919c
Suzuki|Kizashi||2009|2014|Седан|2.4|вариатор|178|бензин|ce2c8da70
Suzuki|Kizashi||2009|2014|Седан|2.4|механика|178|бензин|ce2c8da70
Suzuki|Landy|II Рестайлинг|2014|2016|Минивэн|2.0|вариатор|144|бензин|c8ee40bac
Suzuki|Landy|II Рестайлинг|2014|2016|Минивэн|2.0|вариатор|147|бензин|c8ee40bac
Suzuki|Landy|III|2016|н.в.|Минивэн|2.0|вариатор|150|бензин|f2c61f8af
Suzuki|Landy|II|2010|2014|Минивэн|2.0|вариатор|144|бензин|5ae9da9b7
Suzuki|Landy|II|2010|2014|Минивэн|2.0|вариатор|147|бензин|5ae9da9b7
Suzuki|Landy|I|2007|2010|Минивэн|2.0|вариатор|129|бензин|52df6b490
Suzuki|Landy|I|2007|2010|Минивэн|2.0|вариатор|137|бензин|52df6b490
Suzuki|Liana|I Рестайлинг|2004|2008|Седан|1.3|механика|90|бензин|3ea5a1fc8
Suzuki|Liana|I Рестайлинг|2004|2008|Седан|1.4|автомат|90|дизель|3ea5a1fc8
Suzuki|Liana|I Рестайлинг|2004|2008|Седан|1.4|механика|90|дизель|3ea5a1fc8
Suzuki|Liana|I Рестайлинг|2004|2008|Седан|1.5|автомат|110|бензин|3ea5a1fc8
Suzuki|Liana|I Рестайлинг|2004|2008|Седан|1.5|механика|110|бензин|3ea5a1fc8
Suzuki|Liana|I Рестайлинг|2004|2008|Седан|1.6|автомат|107|бензин|3ea5a1fc8
Suzuki|Liana|I Рестайлинг|2004|2008|Седан|1.6|механика|107|бензин|3ea5a1fc8
Suzuki|Liana|I Рестайлинг|2004|2008|Универсал 5 дв.|1.3|механика|90|бензин|9bc972dd7
Suzuki|Liana|I Рестайлинг|2004|2008|Универсал 5 дв.|1.4|автомат|90|дизель|9bc972dd7
Suzuki|Liana|I Рестайлинг|2004|2008|Универсал 5 дв.|1.4|механика|90|дизель|9bc972dd7
Suzuki|Liana|I Рестайлинг|2004|2008|Универсал 5 дв.|1.6|автомат|107|бензин|9bc972dd7
Suzuki|Liana|I Рестайлинг|2004|2008|Универсал 5 дв.|1.6|механика|107|бензин|9bc972dd7
Suzuki|Liana|I|2001|2006|Седан|1.3|механика|90|бензин|01f791468
Suzuki|Liana|I|2001|2006|Седан|1.5|механика|110|бензин|01f791468
Suzuki|Liana|I|2001|2006|Седан|1.6|автомат|103|бензин|01f791468
Suzuki|Liana|I|2001|2006|Седан|1.6|механика|103|бензин|01f791468
Suzuki|Liana|I|2001|2006|Универсал 5 дв.|1.3|механика|90|бензин|aa1884013
Suzuki|Liana|I|2001|2006|Универсал 5 дв.|1.6|автомат|103|бензин|aa1884013
Suzuki|Liana|I|2001|2006|Универсал 5 дв.|1.6|автомат|106|бензин|aa1884013
Suzuki|Liana|I|2001|2006|Универсал 5 дв.|1.6|механика|103|бензин|aa1884013
Suzuki|Liana|I|2001|2006|Универсал 5 дв.|1.6|механика|106|бензин|aa1884013
Suzuki|MR Wagon|III|2011|2016|Микровэн|0.7|вариатор|52|бензин|2c4dc354c
Suzuki|MR Wagon|III|2011|2016|Микровэн|0.7|вариатор|64|бензин|2c4dc354c
Suzuki|MR Wagon|II|2005|2011|Хэтчбек 5 дв.|0.7|автомат|54|бензин|fd52e8d48
Suzuki|MR Wagon|II|2005|2011|Хэтчбек 5 дв.|0.7|автомат|64|бензин|fd52e8d48
Suzuki|MR Wagon|I|2001|2005|Хэтчбек 5 дв.|0.7|автомат|54|бензин|ead0715fa
Suzuki|MR Wagon|I|2001|2005|Хэтчбек 5 дв.|0.7|автомат|60|бензин|ead0715fa
Suzuki|MR Wagon|I|2001|2005|Хэтчбек 5 дв.|0.7|автомат|64|бензин|ead0715fa
Suzuki|Palette||2008|2013|Компактвэн|0.7|автомат|54|бензин|45ba2bfdc
Suzuki|Reno||2004|2008|Хэтчбек 5 дв.|2.0|автомат|129|бензин|8201a65e3
Suzuki|Reno||2004|2008|Хэтчбек 5 дв.|2.0|механика|129|бензин|8201a65e3
Suzuki|SX4|I (Classic) Рестайлинг|2009|2014|Седан|1.6|автомат|112|бензин|6f23e2a13
Suzuki|SX4|I (Classic) Рестайлинг|2009|2014|Седан|1.6|механика|112|бензин|6f23e2a13
Suzuki|SX4|I (Classic) Рестайлинг|2009|2014|Седан|2.0|автомат|145|бензин|6f23e2a13
Suzuki|SX4|I (Classic) Рестайлинг|2009|2014|Седан|2.0|механика|145|бензин|6f23e2a13
Suzuki|SX4|I (Classic) Рестайлинг|2009|2014|Хэтчбек 5 дв.|1.5|автомат|111|бензин|b24979786
Suzuki|SX4|I (Classic) Рестайлинг|2009|2014|Хэтчбек 5 дв.|1.6|автомат|112|бензин|b24979786
Suzuki|SX4|I (Classic) Рестайлинг|2009|2014|Хэтчбек 5 дв.|1.6|механика|112|бензин|b24979786
Suzuki|SX4|I (Classic) Рестайлинг|2009|2014|Хэтчбек 5 дв.|1.6|механика|120|бензин|b24979786
Suzuki|SX4|I (Classic) Рестайлинг|2009|2014|Хэтчбек 5 дв.|2.0|автомат|140|бензин|b24979786
Suzuki|SX4|I (Classic) Рестайлинг|2009|2014|Хэтчбек 5 дв.|2.0|механика|135|дизель|b24979786
Suzuki|SX4|I (Classic) Рестайлинг|2009|2014|Хэтчбек 5 дв.|2.0|механика|140|бензин|b24979786
Suzuki|SX4|I (Classic)|2006|2009|Седан|1.5|автомат|110|бензин|4a61dc044
Suzuki|SX4|I (Classic)|2006|2009|Седан|1.6|автомат|106|бензин|4a61dc044
Suzuki|SX4|I (Classic)|2006|2009|Седан|1.6|механика|106|бензин|4a61dc044
Suzuki|SX4|I (Classic)|2006|2009|Седан|2.0|автомат|145|бензин|4a61dc044
Suzuki|SX4|I (Classic)|2006|2009|Седан|2.0|механика|145|бензин|4a61dc044
Suzuki|SX4|I (Classic)|2006|2009|Хэтчбек 5 дв.|1.5|автомат|110|бензин|9a6d6ccf2
Suzuki|SX4|I (Classic)|2006|2009|Хэтчбек 5 дв.|1.5|механика|99|бензин|9a6d6ccf2
Suzuki|SX4|I (Classic)|2006|2009|Хэтчбек 5 дв.|1.6|автомат|106|бензин|9a6d6ccf2
Suzuki|SX4|I (Classic)|2006|2009|Хэтчбек 5 дв.|1.6|механика|106|бензин|9a6d6ccf2
Suzuki|SX4|I (Classic)|2006|2009|Хэтчбек 5 дв.|1.6|механика|90|дизель|9a6d6ccf2
Suzuki|SX4|I (Classic)|2006|2009|Хэтчбек 5 дв.|1.9|механика|129|дизель|9a6d6ccf2
Suzuki|SX4|I (Classic)|2006|2009|Хэтчбек 5 дв.|2.0|автомат|145|бензин|9a6d6ccf2
Suzuki|SX4|I (Classic)|2006|2009|Хэтчбек 5 дв.|2.0|механика|145|бензин|9a6d6ccf2
Suzuki|SX4|II (S-Cross) Рестайлинг|2016|н.в.|Хэтчбек 5 дв.|1.0|автомат|111|бензин|cb2eb994a
Suzuki|SX4|II (S-Cross) Рестайлинг|2016|н.в.|Хэтчбек 5 дв.|1.0|механика|111|бензин|cb2eb994a
Suzuki|SX4|II (S-Cross) Рестайлинг|2016|н.в.|Хэтчбек 5 дв.|1.4|автомат|140|бензин|cb2eb994a
Suzuki|SX4|II (S-Cross) Рестайлинг|2016|н.в.|Хэтчбек 5 дв.|1.4|механика|140|бензин|cb2eb994a
Suzuki|SX4|II (S-Cross) Рестайлинг|2016|н.в.|Хэтчбек 5 дв.|1.6|автомат|117|бензин|cb2eb994a
Suzuki|SX4|II (S-Cross) Рестайлинг|2016|н.в.|Хэтчбек 5 дв.|1.6|автомат|120|дизель|cb2eb994a
Suzuki|SX4|II (S-Cross) Рестайлинг|2016|н.в.|Хэтчбек 5 дв.|1.6|механика|117|бензин|cb2eb994a
Suzuki|SX4|II (S-Cross) Рестайлинг|2016|н.в.|Хэтчбек 5 дв.|1.6|механика|120|дизель|cb2eb994a
Suzuki|SX4|II (S-Cross)|2013|2016|Хэтчбек 5 дв.|1.6|вариатор|117|бензин|b970cae9a
Suzuki|SX4|II (S-Cross)|2013|2016|Хэтчбек 5 дв.|1.6|механика|117|бензин|b970cae9a
Suzuki|SX4|II (S-Cross)|2013|2016|Хэтчбек 5 дв.|1.6|механика|120|дизель|b970cae9a
Suzuki|Samurai||1981|2003|Внедорожник 3 дв.|0.7|автомат|55|бензин|cec113ac8
Suzuki|Samurai||1981|2003|Внедорожник 3 дв.|0.7|механика|55|бензин|cec113ac8
Suzuki|Samurai||1981|2003|Внедорожник 3 дв.|1.0|механика|45|бензин|cec113ac8
Suzuki|Samurai||1981|2003|Внедорожник 3 дв.|1.3|автомат|76|бензин|cec113ac8
Suzuki|Samurai||1981|2003|Внедорожник 3 дв.|1.3|механика|64|бензин|cec113ac8
Suzuki|Samurai||1981|2003|Внедорожник 3 дв.|1.3|механика|69|бензин|cec113ac8
Suzuki|Samurai||1981|2003|Внедорожник 3 дв.|1.3|механика|76|бензин|cec113ac8
Suzuki|Samurai||1981|2003|Внедорожник 3 дв.|1.9|механика|62|дизель|cec113ac8
Suzuki|Samurai||1981|2003|Внедорожник 3 дв.|1.9|механика|63|дизель|cec113ac8
Suzuki|Sidekick|I|1988|1998|Внедорожник 5 дв.|1.6|автомат|97|бензин|7dc26aafa
Suzuki|Sidekick|I|1988|1998|Внедорожник 5 дв.|1.6|механика|97|бензин|7dc26aafa
Suzuki|Sidekick|I|1988|1998|Внедорожник 5 дв.|1.8|автомат|120|бензин|7dc26aafa
Suzuki|Sidekick|I|1988|1998|Внедорожник 5 дв.|1.8|механика|120|бензин|7dc26aafa
Suzuki|Sidekick|I|1988|1998|Внедорожник 5 дв.|2.0|автомат|136|бензин|7dc26aafa
Suzuki|Sidekick|I|1988|1998|Внедорожник 5 дв.|2.0|механика|136|бензин|7dc26aafa
Suzuki|Sidekick|I|1988|1998|Внедорожник открытый|1.6|автомат|80|бензин|3d701cd83
Suzuki|Sidekick|I|1988|1998|Внедорожник открытый|1.6|автомат|97|бензин|3d701cd83
Suzuki|Sidekick|I|1988|1998|Внедорожник открытый|1.6|механика|80|бензин|3d701cd83
Suzuki|Sidekick|I|1988|1998|Внедорожник открытый|1.6|механика|97|бензин|3d701cd83
Suzuki|Sidekick|I|1988|1998|Внедорожник открытый|2.0|автомат|132|бензин|3d701cd83
Suzuki|Sidekick|I|1988|1998|Внедорожник открытый|2.0|механика|132|бензин|3d701cd83
Suzuki|Solio|II Рестайлинг|2013|2015|Микровэн|1.2|вариатор|91|бензин|a3a1bac43
Suzuki|Solio|III|2015|н.в.|Микровэн|1.2|вариатор|91|бензин|a0f0dd2b6
Suzuki|Solio|III|2015|н.в.|Микровэн|1.2|вариатор|91|гибрид|a0f0dd2b6
Suzuki|Solio|III|2015|н.в.|Микровэн|1.2|робот|91|гибрид|a0f0dd2b6
Suzuki|Solio|II|2011|2013|Микровэн|1.2|вариатор|91|бензин|467a60af3
Suzuki|Solio|I|2005|2010|Микровэн|1.3|автомат|88|бензин|cd6be7cb3
Suzuki|Spacia||2013|2017|Микровэн|0.7|вариатор|54|бензин|677b87d45
Suzuki|Spacia||2013|2017|Микровэн|0.7|вариатор|64|бензин|677b87d45
Suzuki|Splash|I Рестайлинг|2012|2015|Хэтчбек 5 дв.|1.0|механика|68|бензин|820568461
Suzuki|Splash|I Рестайлинг|2012|2015|Хэтчбек 5 дв.|1.2|автомат|94|бензин|820568461
Suzuki|Splash|I Рестайлинг|2012|2015|Хэтчбек 5 дв.|1.2|механика|94|бензин|820568461
Suzuki|Splash|I|2008|2012|Хэтчбек 5 дв.|1.0|механика|68|бензин|e327066d0
Suzuki|Splash|I|2008|2012|Хэтчбек 5 дв.|1.2|автомат|86|бензин|e327066d0
Suzuki|Splash|I|2008|2012|Хэтчбек 5 дв.|1.2|автомат|94|бензин|e327066d0
Suzuki|Splash|I|2008|2012|Хэтчбек 5 дв.|1.2|механика|86|бензин|e327066d0
Suzuki|Splash|I|2008|2012|Хэтчбек 5 дв.|1.2|механика|94|бензин|e327066d0
Suzuki|Splash|I|2008|2012|Хэтчбек 5 дв.|1.3|механика|75|дизель|e327066d0
Suzuki|Swift|I (Japan)|2000|2004|Хэтчбек 3 дв.|1.5|механика|115|бензин|cd5da2cf1
Suzuki|Swift|I (Japan)|2000|2004|Хэтчбек 5 дв.|1.3|автомат|88|бензин|eada9caa6
Suzuki|Swift|I (Japan)|2000|2004|Хэтчбек 5 дв.|1.3|механика|88|бензин|eada9caa6
Suzuki|Swift|II Рестайлинг|1995|2003|Седан|1.0|механика|56|бензин|5afc25d5e
Suzuki|Swift|II Рестайлинг|1995|2003|Седан|1.3|автомат|68|бензин|5afc25d5e
Suzuki|Swift|II Рестайлинг|1995|2003|Седан|1.3|автомат|86|бензин|5afc25d5e
Suzuki|Swift|II Рестайлинг|1995|2003|Седан|1.3|механика|68|бензин|5afc25d5e
Suzuki|Swift|II Рестайлинг|1995|2003|Седан|1.3|механика|86|бензин|5afc25d5e
Suzuki|Swift|II Рестайлинг|1995|2003|Седан|1.6|механика|92|бензин|5afc25d5e
Suzuki|Swift|II Рестайлинг|1995|2003|Хэтчбек 3 дв.|1.0|автомат|53|бензин|d72b52ca1
Suzuki|Swift|II Рестайлинг|1995|2003|Хэтчбек 3 дв.|1.0|механика|53|бензин|d72b52ca1
Suzuki|Swift|II Рестайлинг|1995|2003|Хэтчбек 3 дв.|1.3|автомат|68|бензин|d72b52ca1
Suzuki|Swift|II Рестайлинг|1995|2003|Хэтчбек 3 дв.|1.3|автомат|69|бензин|d72b52ca1
Suzuki|Swift|II Рестайлинг|1995|2003|Хэтчбек 3 дв.|1.3|автомат|80|бензин|d72b52ca1
Suzuki|Swift|II Рестайлинг|1995|2003|Хэтчбек 3 дв.|1.3|механика|101|бензин|d72b52ca1
Suzuki|Swift|II Рестайлинг|1995|2003|Хэтчбек 3 дв.|1.3|механика|68|бензин|d72b52ca1
Suzuki|Swift|II Рестайлинг|1995|2003|Хэтчбек 3 дв.|1.3|механика|69|бензин|d72b52ca1
Suzuki|Swift|II Рестайлинг|1995|2003|Хэтчбек 3 дв.|1.3|механика|80|бензин|d72b52ca1
Suzuki|Swift|II Рестайлинг|1995|2003|Хэтчбек 5 дв.|1.0|автомат|53|бензин|65e0ce3b2
Suzuki|Swift|II Рестайлинг|1995|2003|Хэтчбек 5 дв.|1.0|механика|53|бензин|65e0ce3b2
Suzuki|Swift|II Рестайлинг|1995|2003|Хэтчбек 5 дв.|1.3|автомат|68|бензин|65e0ce3b2
Suzuki|Swift|II Рестайлинг|1995|2003|Хэтчбек 5 дв.|1.3|автомат|85|бензин|65e0ce3b2
Suzuki|Swift|II Рестайлинг|1995|2003|Хэтчбек 5 дв.|1.3|механика|68|бензин|65e0ce3b2
Suzuki|Swift|II Рестайлинг|1995|2003|Хэтчбек 5 дв.|1.3|механика|69|бензин|65e0ce3b2
Suzuki|Swift|II Рестайлинг|1995|2003|Хэтчбек 5 дв.|1.3|механика|85|бензин|65e0ce3b2
Suzuki|Swift|III|2004|2011|Хэтчбек 3 дв.|1.3|автомат|92|бензин|21a8b7157
Suzuki|Swift|III|2004|2011|Хэтчбек 3 дв.|1.3|механика|70|дизель|21a8b7157
Suzuki|Swift|III|2004|2011|Хэтчбек 3 дв.|1.3|механика|75|дизель|21a8b7157
Suzuki|Swift|III|2004|2011|Хэтчбек 3 дв.|1.3|механика|92|бензин|21a8b7157
Suzuki|Swift|III|2004|2011|Хэтчбек 3 дв.|1.3|робот|92|бензин|21a8b7157
Suzuki|Swift|III|2004|2011|Хэтчбек 3 дв.|1.5|автомат|102|бензин|21a8b7157
Suzuki|Swift|III|2004|2011|Хэтчбек 3 дв.|1.5|автомат|110|бензин|21a8b7157
Suzuki|Swift|III|2004|2011|Хэтчбек 3 дв.|1.5|механика|102|бензин|21a8b7157
Suzuki|Swift|III|2004|2011|Хэтчбек 3 дв.|1.6|механика|125|бензин|21a8b7157
Suzuki|Swift|III|2004|2011|Хэтчбек 5 дв.|1.2|вариатор|90|бензин|2aa38e758
Suzuki|Swift|III|2004|2011|Хэтчбек 5 дв.|1.3|автомат|92|бензин|2aa38e758
Suzuki|Swift|III|2004|2011|Хэтчбек 5 дв.|1.3|механика|70|дизель|2aa38e758
Suzuki|Swift|III|2004|2011|Хэтчбек 5 дв.|1.3|механика|75|дизель|2aa38e758
Suzuki|Swift|III|2004|2011|Хэтчбек 5 дв.|1.3|механика|92|бензин|2aa38e758
Suzuki|Swift|III|2004|2011|Хэтчбек 5 дв.|1.3|робот|92|бензин|2aa38e758
Suzuki|Swift|III|2004|2011|Хэтчбек 5 дв.|1.5|автомат|102|бензин|2aa38e758
Suzuki|Swift|III|2004|2011|Хэтчбек 5 дв.|1.5|автомат|110|бензин|2aa38e758
Suzuki|Swift|III|2004|2011|Хэтчбек 5 дв.|1.5|механика|102|бензин|2aa38e758
Suzuki|Swift|III|2004|2011|Хэтчбек 5 дв.|1.6|автомат|125|бензин|2aa38e758
Suzuki|Swift|III|2004|2011|Хэтчбек 5 дв.|1.6|механика|125|бензин|2aa38e758
Suzuki|Swift|II|1989|1995|Кабриолет|1.0|механика|56|бензин|4ceb2eaa9
Suzuki|Swift|II|1989|1995|Кабриолет|1.3|механика|68|бензин|4ceb2eaa9
Suzuki|Swift|II|1989|1995|Кабриолет|1.3|механика|69|бензин|4ceb2eaa9
Suzuki|Swift|II|1989|1995|Седан|1.3|механика|68|бензин|60a64201c
Suzuki|Swift|II|1989|1995|Седан|1.3|механика|69|бензин|60a64201c
Suzuki|Swift|II|1989|1995|Седан|1.6|автомат|95|бензин|60a64201c
Suzuki|Swift|II|1989|1995|Седан|1.6|механика|92|бензин|60a64201c
Suzuki|Swift|II|1989|1995|Седан|1.6|механика|95|бензин|60a64201c
Suzuki|Swift|II|1989|1995|Хэтчбек 3 дв.|1.0|механика|53|бензин|1e8c91e3d
Suzuki|Swift|II|1989|1995|Хэтчбек 3 дв.|1.3|автомат|69|бензин|1e8c91e3d
Suzuki|Swift|II|1989|1995|Хэтчбек 3 дв.|1.3|механика|101|бензин|1e8c91e3d
Suzuki|Swift|II|1989|1995|Хэтчбек 3 дв.|1.3|механика|68|бензин|1e8c91e3d
Suzuki|Swift|II|1989|1995|Хэтчбек 3 дв.|1.3|механика|69|бензин|1e8c91e3d
Suzuki|Swift|II|1989|1995|Хэтчбек 5 дв.|1.0|механика|53|бензин|ef5fe44ec
Suzuki|Swift|II|1989|1995|Хэтчбек 5 дв.|1.3|автомат|68|бензин|ef5fe44ec
Suzuki|Swift|II|1989|1995|Хэтчбек 5 дв.|1.3|механика|68|бензин|ef5fe44ec
Suzuki|Swift|II|1989|1995|Хэтчбек 5 дв.|1.3|механика|69|бензин|ef5fe44ec
Suzuki|Swift|IV Рестайлинг|2013|2017|Хэтчбек 3 дв.|1.2|автомат|94|бензин|03d435bde
Suzuki|Swift|IV Рестайлинг|2013|2017|Хэтчбек 3 дв.|1.2|механика|94|бензин|03d435bde
Suzuki|Swift|IV Рестайлинг|2013|2017|Хэтчбек 3 дв.|1.6|механика|136|бензин|03d435bde
Suzuki|Swift|IV Рестайлинг|2013|2017|Хэтчбек 5 дв.|1.2|автомат|94|бензин|201779dad
Suzuki|Swift|IV Рестайлинг|2013|2017|Хэтчбек 5 дв.|1.2|вариатор|91|бензин|201779dad
Suzuki|Swift|IV Рестайлинг|2013|2017|Хэтчбек 5 дв.|1.2|механика|91|бензин|201779dad
Suzuki|Swift|IV Рестайлинг|2013|2017|Хэтчбек 5 дв.|1.2|механика|94|бензин|201779dad
Suzuki|Swift|IV Рестайлинг|2013|2017|Хэтчбек 5 дв.|1.3|механика|75|дизель|201779dad
Suzuki|Swift|IV Рестайлинг|2013|2017|Хэтчбек 5 дв.|1.6|вариатор|136|бензин|201779dad
Suzuki|Swift|IV Рестайлинг|2013|2017|Хэтчбек 5 дв.|1.6|механика|136|бензин|201779dad
Suzuki|Swift|IV|2011|2013|Хэтчбек 3 дв.|1.2|автомат|94|бензин|efeb8e3ca
Suzuki|Swift|IV|2011|2013|Хэтчбек 3 дв.|1.2|механика|94|бензин|efeb8e3ca
Suzuki|Swift|IV|2011|2013|Хэтчбек 3 дв.|1.6|механика|136|бензин|efeb8e3ca
Suzuki|Swift|IV|2011|2013|Хэтчбек 5 дв.|1.2|автомат|94|бензин|9370eeb3d
Suzuki|Swift|IV|2011|2013|Хэтчбек 5 дв.|1.2|механика|94|бензин|9370eeb3d
Suzuki|Swift|IV|2011|2013|Хэтчбек 5 дв.|1.3|механика|75|дизель|9370eeb3d
Suzuki|Swift|IV|2011|2013|Хэтчбек 5 дв.|1.6|механика|136|бензин|9370eeb3d
Suzuki|Swift|I|1983|1989|Хэтчбек 3 дв.|1.0|автомат|50|бензин|59b46e291
Suzuki|Swift|I|1983|1989|Хэтчбек 3 дв.|1.0|автомат|71|бензин|59b46e291
Suzuki|Swift|I|1983|1989|Хэтчбек 3 дв.|1.0|механика|50|бензин|59b46e291
Suzuki|Swift|I|1983|1989|Хэтчбек 3 дв.|1.0|механика|71|бензин|59b46e291
Suzuki|Swift|I|1983|1989|Хэтчбек 3 дв.|1.3|автомат|100|бензин|59b46e291
Suzuki|Swift|I|1983|1989|Хэтчбек 3 дв.|1.3|автомат|64|бензин|59b46e291
Suzuki|Swift|I|1983|1989|Хэтчбек 3 дв.|1.3|автомат|68|бензин|59b46e291
Suzuki|Swift|I|1983|1989|Хэтчбек 3 дв.|1.3|автомат|73|бензин|59b46e291
Suzuki|Swift|I|1983|1989|Хэтчбек 3 дв.|1.3|механика|100|бензин|59b46e291
Suzuki|Swift|I|1983|1989|Хэтчбек 3 дв.|1.3|механика|64|бензин|59b46e291
Suzuki|Swift|I|1983|1989|Хэтчбек 3 дв.|1.3|механика|68|бензин|59b46e291
Suzuki|Swift|I|1983|1989|Хэтчбек 3 дв.|1.3|механика|73|бензин|59b46e291
Suzuki|Swift|V|2016|н.в.|Хэтчбек 5 дв.|1.0|автомат|102|бензин|81b4e9771
Suzuki|Swift|V|2016|н.в.|Хэтчбек 5 дв.|1.2|вариатор|91|бензин|81b4e9771
Suzuki|Swift|V|2016|н.в.|Хэтчбек 5 дв.|1.2|вариатор|91|гибрид|81b4e9771
Suzuki|Swift|V|2016|н.в.|Хэтчбек 5 дв.|1.2|механика|91|бензин|81b4e9771
Suzuki|Swift|V|2016|н.в.|Хэтчбек 5 дв.|1.2|робот|91|гибрид|81b4e9771
Suzuki|Swift|V|2016|н.в.|Хэтчбек 5 дв.|1.4|автомат|140|бензин|81b4e9771
Suzuki|Swift|V|2016|н.в.|Хэтчбек 5 дв.|1.4|механика|140|бензин|81b4e9771
Suzuki|Twin||2003|2005|Хэтчбек 3 дв.|0.7|автомат|44|бензин|b9a1ea73c
Suzuki|Twin||2003|2005|Хэтчбек 3 дв.|0.7|механика|44|бензин|b9a1ea73c
Suzuki|Verona||2003|2006|Седан|2.0|автомат|116|бензин|c9a09f527
Suzuki|Verona||2003|2006|Седан|2.0|автомат|131|бензин|c9a09f527
Suzuki|Verona||2003|2006|Седан|2.5|автомат|156|бензин|c9a09f527
Suzuki|Vitara|II Рестайлинг|2018|н.в.|Внедорожник 5 дв.|1.4|автомат|140|бензин|7711052a6
Suzuki|Vitara|II Рестайлинг|2018|н.в.|Внедорожник 5 дв.|1.6|автомат|117|бензин|7711052a6
Suzuki|Vitara|II Рестайлинг|2018|н.в.|Внедорожник 5 дв.|1.6|механика|117|бензин|7711052a6
Suzuki|Vitara|II|2014|2019|Внедорожник 5 дв.|1.4|автомат|140|бензин|c9ff9c15e
Suzuki|Vitara|II|2014|2019|Внедорожник 5 дв.|1.4|механика|140|бензин|c9ff9c15e
Suzuki|Vitara|II|2014|2019|Внедорожник 5 дв.|1.6|автомат|117|бензин|c9ff9c15e
Suzuki|Vitara|II|2014|2019|Внедорожник 5 дв.|1.6|механика|117|бензин|c9ff9c15e
Suzuki|Vitara|I|1988|2006|Внедорожник 3 дв.|1.6|автомат|80|бензин|6b145d022
Suzuki|Vitara|I|1988|2006|Внедорожник 3 дв.|1.6|автомат|97|бензин|6b145d022
Suzuki|Vitara|I|1988|2006|Внедорожник 3 дв.|1.6|механика|80|бензин|6b145d022
Suzuki|Vitara|I|1988|2006|Внедорожник 3 дв.|1.6|механика|97|бензин|6b145d022
Suzuki|Vitara|I|1988|2006|Внедорожник 3 дв.|1.9|механика|75|дизель|6b145d022
Suzuki|Vitara|I|1988|2006|Внедорожник 3 дв.|2.0|автомат|132|бензин|6b145d022
Suzuki|Vitara|I|1988|2006|Внедорожник 3 дв.|2.0|механика|132|бензин|6b145d022
Suzuki|Vitara|I|1988|2006|Внедорожник 5 дв.|1.6|автомат|80|бензин|01dd3bebe
Suzuki|Vitara|I|1988|2006|Внедорожник 5 дв.|1.6|автомат|97|бензин|01dd3bebe
Suzuki|Vitara|I|1988|2006|Внедорожник 5 дв.|1.6|механика|80|бензин|01dd3bebe
Suzuki|Vitara|I|1988|2006|Внедорожник 5 дв.|1.6|механика|97|бензин|01dd3bebe
Suzuki|Vitara|I|1988|2006|Внедорожник 5 дв.|1.9|автомат|90|дизель|01dd3bebe
Suzuki|Vitara|I|1988|2006|Внедорожник 5 дв.|1.9|механика|68|дизель|01dd3bebe
Suzuki|Vitara|I|1988|2006|Внедорожник 5 дв.|1.9|механика|75|дизель|01dd3bebe
Suzuki|Vitara|I|1988|2006|Внедорожник 5 дв.|1.9|механика|90|дизель|01dd3bebe
Suzuki|Vitara|I|1988|2006|Внедорожник 5 дв.|2.0|автомат|128|бензин|01dd3bebe
Suzuki|Vitara|I|1988|2006|Внедорожник 5 дв.|2.0|автомат|136|бензин|01dd3bebe
Suzuki|Vitara|I|1988|2006|Внедорожник 5 дв.|2.0|автомат|71|дизель|01dd3bebe
Suzuki|Vitara|I|1988|2006|Внедорожник 5 дв.|2.0|механика|109|дизель|01dd3bebe
Suzuki|Vitara|I|1988|2006|Внедорожник 5 дв.|2.0|механика|128|бензин|01dd3bebe
Suzuki|Vitara|I|1988|2006|Внедорожник 5 дв.|2.0|механика|132|бензин|01dd3bebe
Suzuki|Vitara|I|1988|2006|Внедорожник 5 дв.|2.0|механика|136|бензин|01dd3bebe
Suzuki|Vitara|I|1988|2006|Внедорожник открытый|1.6|автомат|80|бензин|6c1811a37
Suzuki|Vitara|I|1988|2006|Внедорожник открытый|1.6|автомат|97|бензин|6c1811a37
Suzuki|Vitara|I|1988|2006|Внедорожник открытый|1.6|механика|80|бензин|6c1811a37
Suzuki|Vitara|I|1988|2006|Внедорожник открытый|1.6|механика|97|бензин|6c1811a37
Suzuki|Vitara|I|1988|2006|Внедорожник открытый|1.9|механика|75|дизель|6c1811a37
Suzuki|Vitara|I|1988|2006|Внедорожник открытый|2.0|автомат|132|бензин|6c1811a37
Suzuki|Vitara|I|1988|2006|Внедорожник открытый|2.0|механика|132|бензин|6c1811a37
Suzuki|Wagon R+|II|2000|2008|Микровэн|1.0|автомат|101|бензин|a46d327f8
Suzuki|Wagon R+|II|2000|2008|Микровэн|1.0|автомат|70|бензин|a46d327f8
Suzuki|Wagon R+|II|2000|2008|Микровэн|1.0|механика|53|бензин|a46d327f8
Suzuki|Wagon R+|II|2000|2008|Микровэн|1.3|автомат|76|бензин|a46d327f8
Suzuki|Wagon R+|II|2000|2008|Микровэн|1.3|автомат|88|бензин|a46d327f8
Suzuki|Wagon R+|II|2000|2008|Микровэн|1.3|автомат|93|бензин|a46d327f8
Suzuki|Wagon R+|II|2000|2008|Микровэн|1.3|механика|70|дизель|a46d327f8
Suzuki|Wagon R+|II|2000|2008|Микровэн|1.3|механика|76|бензин|a46d327f8
Suzuki|Wagon R+|II|2000|2008|Микровэн|1.3|механика|93|бензин|a46d327f8
Suzuki|Wagon R+|I|1997|2000|Микровэн|1.0|механика|65|бензин|7c47c43bb
Suzuki|Wagon R+|I|1997|2000|Микровэн|1.0|механика|69|бензин|7c47c43bb
Suzuki|Wagon R+|I|1997|2000|Микровэн|1.2|автомат|69|бензин|7c47c43bb
Suzuki|Wagon R+|I|1997|2000|Микровэн|1.2|механика|69|бензин|7c47c43bb
Suzuki|Wagon R|III|2003|2008|Хэтчбек 5 дв.|0.7|автомат|54|бензин|7525c020f
Suzuki|Wagon R|III|2003|2008|Хэтчбек 5 дв.|0.7|автомат|60|бензин|7525c020f
Suzuki|Wagon R|III|2003|2008|Хэтчбек 5 дв.|0.7|автомат|64|бензин|7525c020f
Suzuki|Wagon R|III|2003|2008|Хэтчбек 5 дв.|0.7|механика|54|бензин|7525c020f
Suzuki|Wagon R|II|1998|2003|Хэтчбек 5 дв. Solio|1.0|автомат|70|бензин|31603c2da
Suzuki|Wagon R|II|1998|2003|Хэтчбек 5 дв. Solio|1.3|автомат|88|бензин|31603c2da
Suzuki|Wagon R|II|1998|2003|Хэтчбек 5 дв.|0.7|автомат|55|бензин|9543cb5b1
Suzuki|Wagon R|II|1998|2003|Хэтчбек 5 дв.|0.7|автомат|60|бензин|9543cb5b1
Suzuki|Wagon R|II|1998|2003|Хэтчбек 5 дв.|0.7|автомат|64|бензин|9543cb5b1
Suzuki|Wagon R|II|1998|2003|Хэтчбек 5 дв.|0.7|механика|55|бензин|9543cb5b1
Suzuki|Wagon R|II|1998|2003|Хэтчбек 5 дв.|0.7|механика|64|бензин|9543cb5b1
Suzuki|Wagon R|IV|2008|2012|Хэтчбек 5 дв.|0.7|автомат|54|бензин|f140865de
Suzuki|Wagon R|IV|2008|2012|Хэтчбек 5 дв.|0.7|вариатор|54|бензин|f140865de
Suzuki|Wagon R|IV|2008|2012|Хэтчбек 5 дв.|0.7|вариатор|64|бензин|f140865de
Suzuki|Wagon R|IV|2008|2012|Хэтчбек 5 дв.|0.7|механика|54|бензин|f140865de
Suzuki|Wagon R|I|1993|1998|Хэтчбек 5 дв. Wide|1.0|автомат|100|бензин|ffa25f097
Suzuki|Wagon R|I|1993|1998|Хэтчбек 5 дв. Wide|1.0|автомат|70|бензин|ffa25f097
Suzuki|Wagon R|I|1993|1998|Хэтчбек 5 дв. Wide|1.0|механика|100|бензин|ffa25f097
Suzuki|Wagon R|I|1993|1998|Хэтчбек 5 дв. Wide|1.0|механика|70|бензин|ffa25f097
Suzuki|Wagon R|I|1993|1998|Хэтчбек 5 дв.|0.7|автомат|55|бензин|cdd67be7d
Suzuki|Wagon R|I|1993|1998|Хэтчбек 5 дв.|0.7|автомат|58|бензин|cdd67be7d
Suzuki|Wagon R|I|1993|1998|Хэтчбек 5 дв.|0.7|автомат|61|бензин|cdd67be7d
Suzuki|Wagon R|I|1993|1998|Хэтчбек 5 дв.|0.7|автомат|64|бензин|cdd67be7d
Suzuki|Wagon R|I|1993|1998|Хэтчбек 5 дв.|0.7|механика|55|бензин|cdd67be7d
Suzuki|Wagon R|I|1993|1998|Хэтчбек 5 дв.|0.7|механика|58|бензин|cdd67be7d
Suzuki|Wagon R|I|1993|1998|Хэтчбек 5 дв.|0.7|механика|61|бензин|cdd67be7d
Suzuki|Wagon R|I|1993|1998|Хэтчбек 5 дв.|0.7|механика|64|бензин|cdd67be7d
Suzuki|Wagon R|V Рестайлинг|2014|2017|Хэтчбек 5 дв.|0.7|вариатор|52|бензин|1f03d0bf2
Suzuki|Wagon R|V Рестайлинг|2014|2017|Хэтчбек 5 дв.|0.7|вариатор|64|бензин|1f03d0bf2
Suzuki|Wagon R|V Рестайлинг|2014|2017|Хэтчбек 5 дв.|0.7|механика|52|бензин|1f03d0bf2
Suzuki|Wagon R|VI|2017|н.в.|Хэтчбек 5 дв.|0.7|вариатор|52|бензин|491afedb2
Suzuki|Wagon R|VI|2017|н.в.|Хэтчбек 5 дв.|0.7|вариатор|64|бензин|491afedb2
Suzuki|Wagon R|VI|2017|н.в.|Хэтчбек 5 дв.|0.7|механика|52|бензин|491afedb2
Suzuki|Wagon R|V|2012|2014|Хэтчбек 5 дв.|0.7|вариатор|52|бензин|7e923117e
Suzuki|Wagon R|V|2012|2014|Хэтчбек 5 дв.|0.7|вариатор|64|бензин|7e923117e
Suzuki|Wagon R|V|2012|2014|Хэтчбек 5 дв.|0.7|механика|52|бензин|7e923117e
Suzuki|X-90||1995|2000|Внедорожник открытый|1.6|автомат|97|бензин|7cd8fc06a
Suzuki|X-90||1995|2000|Внедорожник открытый|1.6|механика|97|бензин|7cd8fc06a
Suzuki|XL7||2007|2009|Внедорожник 5 дв.|3.6|автомат|252|бензин|05b38778b
Suzuki|Xbee|I|2017|н.в.|Внедорожник 5 дв.|1.0|автомат|99|гибрид|ffedbcde8