Vauxhall|Adam|I|2013|2019|Хэтчбек 3 дв. Rocks|1.0|механика|115|бензин|ff3b393b3
Vauxhall|Adam|I|2013|2019|Хэтчбек 3 дв. Rocks|1.0|механика|90|бензин|ff3b393b3
Vauxhall|Adam|I|2013|2019|Хэтчбек 3 дв. Rocks|1.2|механика|70|бензин|ff3b393b3
Vauxhall|Adam|I|2013|2019|Хэтчбек 3 дв. Rocks|1.4|механика|100|бензин|ff3b393b3
Vauxhall|Adam|I|2013|2019|Хэтчбек 3 дв. Rocks|1.4|механика|150|бензин|ff3b393b3
Vauxhall|Adam|I|2013|2019|Хэтчбек 3 дв. Rocks|1.4|механика|87|бензин|ff3b393b3
Vauxhall|Adam|I|2013|2019|Хэтчбек 3 дв. Rocks|1.4|робот|87|бензин|ff3b393b3
Vauxhall|Adam|I|2013|2019|Хэтчбек 3 дв.|1.0|механика|115|бензин|565f0d1fc
Vauxhall|Adam|I|2013|2019|Хэтчбек 3 дв.|1.2|механика|70|бензин|565f0d1fc
Vauxhall|Adam|I|2013|2019|Хэтчбек 3 дв.|1.4|механика|100|бензин|565f0d1fc
Vauxhall|Adam|I|2013|2019|Хэтчбек 3 дв.|1.4|механика|150|бензин|565f0d1fc
Vauxhall|Adam|I|2013|2019|Хэтчбек 3 дв.|1.4|механика|87|бензин|565f0d1fc
Vauxhall|Ampera|I|2011|2015|Хэтчбек 5 дв.|1.4|вариатор|151|гибрид|71005458e
Vauxhall|Astra|D|1979|1984|Универсал 5 дв.|1.2|механика|52|бензин|1bd940f56
Vauxhall|Astra|D|1979|1984|Универсал 5 дв.|1.2|механика|60|бензин|1bd940f56
Vauxhall|Astra|D|1979|1984|Универсал 5 дв.|1.3|механика|60|бензин|1bd940f56
Vauxhall|Astra|D|1979|1984|Универсал 5 дв.|1.6|механика|54|дизель|1bd940f56
Vauxhall|Astra|D|1979|1984|Универсал 5 дв.|1.6|механика|90|бензин|1bd940f56
Vauxhall|Astra|D|1979|1984|Хэтчбек 3 дв.|1.2|механика|52|бензин|8b3a81e8d
Vauxhall|Astra|D|1979|1984|Хэтчбек 5 дв.|1.2|механика|52|бензин|f4837037f
Vauxhall|Astra|D|1979|1984|Хэтчбек 5 дв.|1.2|механика|55|бензин|f4837037f
Vauxhall|Astra|D|1979|1984|Хэтчбек 5 дв.|1.2|механика|60|бензин|f4837037f
Vauxhall|Astra|D|1979|1984|Хэтчбек 5 дв.|1.3|механика|60|бензин|f4837037f
Vauxhall|Astra|D|1979|1984|Хэтчбек 5 дв.|1.3|механика|75|бензин|f4837037f
Vauxhall|Astra|D|1979|1984|Хэтчбек 5 дв.|1.6|механика|54|дизель|f4837037f
Vauxhall|Astra|D|1979|1984|Хэтчбек 5 дв.|1.6|механика|90|бензин|f4837037f
Vauxhall|Astra|D|1979|1984|Хэтчбек 5 дв.|1.8|механика|115|бензин|f4837037f
Vauxhall|Astra|E|1984|1993|Кабриолет|1.3|автомат|75|бензин|5ce34394e
Vauxhall|Astra|E|1984|1993|Кабриолет|1.3|механика|75|бензин|5ce34394e
Vauxhall|Astra|E|1984|1993|Кабриолет|1.4|автомат|75|бензин|5ce34394e
Vauxhall|Astra|E|1984|1993|Кабриолет|1.4|механика|75|бензин|5ce34394e
Vauxhall|Astra|E|1984|1993|Кабриолет|1.6|автомат|75|бензин|5ce34394e
Vauxhall|Astra|E|1984|1993|Кабриолет|1.6|автомат|82|бензин|5ce34394e
Vauxhall|Astra|E|1984|1993|Кабриолет|1.6|автомат|90|бензин|5ce34394e
Vauxhall|Astra|E|1984|1993|Кабриолет|1.6|механика|75|бензин|5ce34394e
Vauxhall|Astra|E|1984|1993|Кабриолет|1.6|механика|82|бензин|5ce34394e
Vauxhall|Astra|E|1984|1993|Кабриолет|1.6|механика|90|бензин|5ce34394e
Vauxhall|Astra|E|1984|1993|Кабриолет|2.0|автомат|115|бензин|5ce34394e
Vauxhall|Astra|E|1984|1993|Кабриолет|2.0|автомат|116|бензин|5ce34394e
Vauxhall|Astra|E|1984|1993|Кабриолет|2.0|механика|115|бензин|5ce34394e
Vauxhall|Astra|E|1984|1993|Кабриолет|2.0|механика|116|бензин|5ce34394e
Vauxhall|Astra|E|1984|1993|Седан|1.2|механика|55|бензин|7e040c71d
Vauxhall|Astra|E|1984|1993|Седан|1.3|механика|60|бензин|7e040c71d
Vauxhall|Astra|E|1984|1993|Седан|1.3|механика|75|бензин|7e040c71d
Vauxhall|Astra|E|1984|1993|Седан|1.4|автомат|75|бензин|7e040c71d
Vauxhall|Astra|E|1984|1993|Седан|1.4|механика|75|бензин|7e040c71d
Vauxhall|Astra|E|1984|1993|Седан|1.5|механика|72|дизель|7e040c71d
Vauxhall|Astra|E|1984|1993|Седан|1.6|автомат|75|бензин|7e040c71d
Vauxhall|Astra|E|1984|1993|Седан|1.6|автомат|82|бензин|7e040c71d
Vauxhall|Astra|E|1984|1993|Седан|1.6|автомат|90|бензин|7e040c71d
Vauxhall|Astra|E|1984|1993|Седан|1.6|механика|54|дизель|7e040c71d
Vauxhall|Astra|E|1984|1993|Седан|1.6|механика|75|бензин|7e040c71d
Vauxhall|Astra|E|1984|1993|Седан|1.6|механика|82|бензин|7e040c71d
Vauxhall|Astra|E|1984|1993|Седан|1.6|механика|90|бензин|7e040c71d
Vauxhall|Astra|E|1984|1993|Седан|1.7|механика|57|дизель|7e040c71d
Vauxhall|Astra|E|1984|1993|Седан|1.8|автомат|115|бензин|7e040c71d
Vauxhall|Astra|E|1984|1993|Седан|1.8|механика|115|бензин|7e040c71d
Vauxhall|Astra|E|1984|1993|Седан|2.0|автомат|115|бензин|7e040c71d
Vauxhall|Astra|E|1984|1993|Седан|2.0|автомат|116|бензин|7e040c71d
Vauxhall|Astra|E|1984|1993|Седан|2.0|механика|115|бензин|7e040c71d
Vauxhall|Astra|E|1984|1993|Седан|2.0|механика|116|бензин|7e040c71d
Vauxhall|Astra|E|1984|1993|Универсал 5 дв.|1.2|механика|55|бензин|d1c857bb0
Vauxhall|Astra|E|1984|1993|Универсал 5 дв.|1.3|механика|60|бензин|d1c857bb0
Vauxhall|Astra|E|1984|1993|Универсал 5 дв.|1.3|механика|75|бензин|d1c857bb0
Vauxhall|Astra|E|1984|1993|Универсал 5 дв.|1.4|автомат|75|бензин|d1c857bb0
Vauxhall|Astra|E|1984|1993|Универсал 5 дв.|1.5|механика|72|дизель|d1c857bb0
Vauxhall|Astra|E|1984|1993|Универсал 5 дв.|1.6|автомат|75|бензин|d1c857bb0
Vauxhall|Astra|E|1984|1993|Универсал 5 дв.|1.6|механика|54|дизель|d1c857bb0
Vauxhall|Astra|E|1984|1993|Универсал 5 дв.|1.6|механика|75|бензин|d1c857bb0
Vauxhall|Astra|E|1984|1993|Универсал 5 дв.|1.6|механика|82|бензин|d1c857bb0
Vauxhall|Astra|E|1984|1993|Универсал 5 дв.|1.6|механика|90|бензин|d1c857bb0
Vauxhall|Astra|E|1984|1993|Универсал 5 дв.|1.7|механика|57|дизель|d1c857bb0
Vauxhall|Astra|E|1984|1993|Универсал 5 дв.|1.8|автомат|115|бензин|d1c857bb0
Vauxhall|Astra|E|1984|1993|Универсал 5 дв.|1.8|механика|115|бензин|d1c857bb0
Vauxhall|Astra|E|1984|1993|Универсал 5 дв.|2.0|автомат|115|бензин|d1c857bb0
Vauxhall|Astra|E|1984|1993|Универсал 5 дв.|2.0|механика|115|бензин|d1c857bb0
Vauxhall|Astra|E|1984|1993|Хэтчбек 3 дв.|1.2|механика|55|бензин|6299de0ff
Vauxhall|Astra|E|1984|1993|Хэтчбек 3 дв.|1.3|автомат|60|бензин|6299de0ff
Vauxhall|Astra|E|1984|1993|Хэтчбек 3 дв.|1.3|автомат|75|бензин|6299de0ff
Vauxhall|Astra|E|1984|1993|Хэтчбек 3 дв.|1.3|механика|60|бензин|6299de0ff
Vauxhall|Astra|E|1984|1993|Хэтчбек 3 дв.|1.3|механика|75|бензин|6299de0ff
Vauxhall|Astra|E|1984|1993|Хэтчбек 3 дв.|1.4|автомат|75|бензин|6299de0ff
Vauxhall|Astra|E|1984|1993|Хэтчбек 3 дв.|1.4|механика|75|бензин|6299de0ff
Vauxhall|Astra|E|1984|1993|Хэтчбек 3 дв.|1.6|автомат|75|бензин|6299de0ff
Vauxhall|Astra|E|1984|1993|Хэтчбек 3 дв.|1.6|автомат|82|бензин|6299de0ff
Vauxhall|Astra|E|1984|1993|Хэтчбек 3 дв.|1.6|автомат|90|бензин|6299de0ff
Vauxhall|Astra|E|1984|1993|Хэтчбек 3 дв.|1.6|механика|54|дизель|6299de0ff
Vauxhall|Astra|E|1984|1993|Хэтчбек 3 дв.|1.6|механика|75|бензин|6299de0ff
Vauxhall|Astra|E|1984|1993|Хэтчбек 3 дв.|1.6|механика|82|бензин|6299de0ff
Vauxhall|Astra|E|1984|1993|Хэтчбек 3 дв.|1.6|механика|90|бензин|6299de0ff
Vauxhall|Astra|E|1984|1993|Хэтчбек 3 дв.|1.7|механика|57|дизель|6299de0ff
Vauxhall|Astra|E|1984|1993|Хэтчбек 3 дв.|1.8|автомат|115|бензин|6299de0ff
Vauxhall|Astra|E|1984|1993|Хэтчбек 3 дв.|1.8|механика|115|бензин|6299de0ff
Vauxhall|Astra|E|1984|1993|Хэтчбек 3 дв.|2.0|автомат|115|бензин|6299de0ff
Vauxhall|Astra|E|1984|1993|Хэтчбек 3 дв.|2.0|автомат|116|бензин|6299de0ff
Vauxhall|Astra|E|1984|1993|Хэтчбек 3 дв.|2.0|механика|115|бензин|6299de0ff
Vauxhall|Astra|E|1984|1993|Хэтчбек 3 дв.|2.0|механика|116|бензин|6299de0ff
Vauxhall|Astra|E|1984|1993|Хэтчбек 3 дв.|2.0|механика|129|бензин|6299de0ff
Vauxhall|Astra|E|1984|1993|Хэтчбек 3 дв.|2.0|механика|150|бензин|6299de0ff
Vauxhall|Astra|E|1984|1993|Хэтчбек 5 дв.|1.2|механика|55|бензин|65e28e7ee
Vauxhall|Astra|E|1984|1993|Хэтчбек 5 дв.|1.3|механика|60|бензин|65e28e7ee
Vauxhall|Astra|E|1984|1993|Хэтчбек 5 дв.|1.3|механика|75|бензин|65e28e7ee
Vauxhall|Astra|E|1984|1993|Хэтчбек 5 дв.|1.4|автомат|75|бензин|65e28e7ee
Vauxhall|Astra|E|1984|1993|Хэтчбек 5 дв.|1.4|механика|75|бензин|65e28e7ee
Vauxhall|Astra|E|1984|1993|Хэтчбек 5 дв.|1.5|механика|72|дизель|65e28e7ee
Vauxhall|Astra|E|1984|1993|Хэтчбек 5 дв.|1.6|автомат|75|бензин|65e28e7ee
Vauxhall|Astra|E|1984|1993|Хэтчбек 5 дв.|1.6|автомат|82|бензин|65e28e7ee
Vauxhall|Astra|E|1984|1993|Хэтчбек 5 дв.|1.6|автомат|90|бензин|65e28e7ee
Vauxhall|Astra|E|1984|1993|Хэтчбек 5 дв.|1.6|механика|54|дизель|65e28e7ee
Vauxhall|Astra|E|1984|1993|Хэтчбек 5 дв.|1.6|механика|75|бензин|65e28e7ee
Vauxhall|Astra|E|1984|1993|Хэтчбек 5 дв.|1.6|механика|82|бензин|65e28e7ee
Vauxhall|Astra|E|1984|1993|Хэтчбек 5 дв.|1.6|механика|90|бензин|65e28e7ee
Vauxhall|Astra|E|1984|1993|Хэтчбек 5 дв.|1.7|механика|57|дизель|65e28e7ee
Vauxhall|Astra|E|1984|1993|Хэтчбек 5 дв.|1.8|автомат|115|бензин|65e28e7ee
Vauxhall|Astra|E|1984|1993|Хэтчбек 5 дв.|1.8|механика|115|бензин|65e28e7ee
Vauxhall|Astra|E|1984|1993|Хэтчбек 5 дв.|2.0|автомат|115|бензин|65e28e7ee
Vauxhall|Astra|E|1984|1993|Хэтчбек 5 дв.|2.0|автомат|116|бензин|65e28e7ee
Vauxhall|Astra|E|1984|1993|Хэтчбек 5 дв.|2.0|механика|115|бензин|65e28e7ee
Vauxhall|Astra|E|1984|1993|Хэтчбек 5 дв.|2.0|механика|116|бензин|65e28e7ee
Vauxhall|Astra|F|1991|2001|Кабриолет|1.4|механика|82|бензин|a7ecd0fbb
Vauxhall|Astra|F|1991|2001|Кабриолет|1.6|механика|75|бензин|a7ecd0fbb
Vauxhall|Astra|F|1991|2001|Кабриолет|1.8|механика|116|бензин|a7ecd0fbb
Vauxhall|Astra|F|1991|2001|Хэтчбек 3 дв.|1.4|механика|60|бензин|11e4a73e5
Vauxhall|Astra|F|1991|2001|Хэтчбек 3 дв.|1.8|механика|90|бензин|11e4a73e5
Vauxhall|Astra|F|1991|2001|Хэтчбек 3 дв.|2.0|механика|160|бензин|11e4a73e5
Vauxhall|Astra|F|1991|2001|Хэтчбек 5 дв.|1.2|механика|65|бензин|d609a80db
Vauxhall|Astra|F|1991|2001|Хэтчбек 5 дв.|1.6|механика|100|бензин|d609a80db
Vauxhall|Astra|F|1991|2001|Хэтчбек 5 дв.|2.0|механика|136|бензин|d609a80db
Vauxhall|Astra|G|1998|2005|Купе|1.6|механика|103|бензин|ae15a76b1
Vauxhall|Astra|G|1998|2005|Купе|2.0|механика|190|бензин|ae15a76b1
Vauxhall|Astra|G|1998|2005|Купе|2.2|механика|125|дизель|ae15a76b1
Vauxhall|Astra|G|1998|2005|Универсал 5 дв.|1.4|механика|90|бензин|90d984225
Vauxhall|Astra|G|1998|2005|Хэтчбек 3 дв.|1.4|механика|90|бензин|647bdaa13
Vauxhall|Astra|G|1998|2005|Хэтчбек 5 дв.|1.2|механика|65|бензин|1135b6f23
Vauxhall|Astra|H|2004|2010|Кабриолет|1.6|механика|105|бензин|899ae8e7b
Vauxhall|Astra|H|2004|2010|Универсал 5 дв.|1.6|автомат|112|СУГ|f58a6aef5
Vauxhall|Astra|H|2004|2010|Универсал 5 дв.|1.6|механика|105|бензин|f58a6aef5
Vauxhall|Astra|H|2004|2010|Хэтчбек 3 дв.|1.6|автомат|105|бензин|d2507cdbc
Vauxhall|Astra|H|2004|2010|Хэтчбек 5 дв.|1.6|механика|105|бензин|4889d3a1c
Vauxhall|Astra|J|2009|2015|Универсал 5 дв.|1.4|механика|140|бензин|b685e1ad5
Vauxhall|Astra|J|2009|2015|Хэтчбек 3 дв.|1.4|механика|140|бензин|a42622c3e
Vauxhall|Astra|J|2009|2015|Хэтчбек 5 дв.|1.4|автомат|140|бензин|78d9e5dff
Vauxhall|Carlton||1984|1994|Седан|1.8|автомат|115|бензин|a40cce705
Vauxhall|Carlton||1984|1994|Седан|1.8|механика|115|бензин|a40cce705
Vauxhall|Carlton||1984|1994|Седан|1.8|механика|84|бензин|a40cce705
Vauxhall|Carlton||1984|1994|Седан|1.8|механика|88|бензин|a40cce705
Vauxhall|Carlton||1984|1994|Седан|1.8|механика|90|бензин|a40cce705
Vauxhall|Carlton||1984|1994|Седан|2.0|автомат|100|бензин|a40cce705
Vauxhall|Carlton||1984|1994|Седан|2.0|автомат|115|бензин|a40cce705
Vauxhall|Carlton||1984|1994|Седан|2.0|автомат|120|бензин|a40cce705
Vauxhall|Carlton||1984|1994|Седан|2.0|автомат|99|бензин|a40cce705
Vauxhall|Carlton||1984|1994|Седан|2.0|механика|100|бензин|a40cce705
Vauxhall|Carlton||1984|1994|Седан|2.0|механика|115|бензин|a40cce705
Vauxhall|Carlton||1984|1994|Седан|2.0|механика|120|бензин|a40cce705
Vauxhall|Carlton||1984|1994|Седан|2.0|механика|99|бензин|a40cce705
Vauxhall|Carlton||1984|1994|Седан|2.3|автомат|100|дизель|a40cce705
Vauxhall|Carlton||1984|1994|Седан|2.3|механика|100|дизель|a40cce705
Vauxhall|Carlton||1984|1994|Седан|2.3|механика|73|дизель|a40cce705
Vauxhall|Carlton||1984|1994|Седан|2.3|механика|89|дизель|a40cce705
Vauxhall|Carlton||1984|1994|Седан|2.4|автомат|125|бензин|a40cce705
Vauxhall|Carlton||1984|1994|Седан|2.4|механика|125|бензин|a40cce705
Vauxhall|Carlton||1984|1994|Седан|2.6|автомат|150|бензин|a40cce705
Vauxhall|Carlton||1984|1994|Седан|2.6|механика|150|бензин|a40cce705
Vauxhall|Carlton||1984|1994|Седан|3.0|автомат|154|бензин|a40cce705
Vauxhall|Carlton||1984|1994|Седан|3.0|автомат|177|бензин|a40cce705
Vauxhall|Carlton||1984|1994|Седан|3.0|автомат|204|бензин|a40cce705
Vauxhall|Carlton||1984|1994|Седан|3.0|механика|154|бензин|a40cce705
Vauxhall|Carlton||1984|1994|Седан|3.0|механика|177|бензин|a40cce705
Vauxhall|Carlton||1984|1994|Седан|3.0|механика|204|бензин|a40cce705
Vauxhall|Carlton||1984|1994|Седан|3.6|механика|377|бензин|a40cce705
Vauxhall|Carlton||1984|1994|Универсал 5 дв.|1.8|автомат|115|бензин|2610f0a95
Vauxhall|Carlton||1984|1994|Универсал 5 дв.|1.8|автомат|88|бензин|2610f0a95
Vauxhall|Carlton||1984|1994|Универсал 5 дв.|1.8|механика|115|бензин|2610f0a95
Vauxhall|Carlton||1984|1994|Универсал 5 дв.|1.8|механика|84|бензин|2610f0a95
Vauxhall|Carlton||1984|1994|Универсал 5 дв.|1.8|механика|88|бензин|2610f0a95
Vauxhall|Carlton||1984|1994|Универсал 5 дв.|2.0|автомат|100|бензин|2610f0a95
Vauxhall|Carlton||1984|1994|Универсал 5 дв.|2.0|автомат|115|бензин|2610f0a95
Vauxhall|Carlton||1984|1994|Универсал 5 дв.|2.0|автомат|120|бензин|2610f0a95
Vauxhall|Carlton||1984|1994|Универсал 5 дв.|2.0|механика|100|бензин|2610f0a95
Vauxhall|Carlton||1984|1994|Универсал 5 дв.|2.0|механика|115|бензин|2610f0a95
Vauxhall|Carlton||1984|1994|Универсал 5 дв.|2.0|механика|120|бензин|2610f0a95
Vauxhall|Carlton||1984|1994|Универсал 5 дв.|2.0|механика|99|бензин|2610f0a95
Vauxhall|Carlton||1984|1994|Универсал 5 дв.|2.3|автомат|100|дизель|2610f0a95
Vauxhall|Carlton||1984|1994|Универсал 5 дв.|2.3|автомат|89|дизель|2610f0a95
Vauxhall|Carlton||1984|1994|Универсал 5 дв.|2.3|механика|100|дизель|2610f0a95
Vauxhall|Carlton||1984|1994|Универсал 5 дв.|2.3|механика|73|дизель|2610f0a95
Vauxhall|Carlton||1984|1994|Универсал 5 дв.|2.3|механика|89|дизель|2610f0a95
Vauxhall|Carlton||1984|1994|Универсал 5 дв.|2.4|автомат|125|бензин|2610f0a95
Vauxhall|Carlton||1984|1994|Универсал 5 дв.|2.4|механика|125|бензин|2610f0a95
Vauxhall|Carlton||1984|1994|Универсал 5 дв.|2.6|автомат|150|бензин|2610f0a95
Vauxhall|Carlton||1984|1994|Универсал 5 дв.|2.6|механика|150|бензин|2610f0a95
Vauxhall|Carlton||1984|1994|Универсал 5 дв.|3.0|автомат|154|бензин|2610f0a95
Vauxhall|Carlton||1984|1994|Универсал 5 дв.|3.0|автомат|177|бензин|2610f0a95
Vauxhall|Carlton||1984|1994|Универсал 5 дв.|3.0|механика|154|бензин|2610f0a95
Vauxhall|Carlton||1984|1994|Универсал 5 дв.|3.0|механика|177|бензин|2610f0a95
Vauxhall|Carlton||1984|1994|Универсал 5 дв.|3.0|механика|200|бензин|2610f0a95
Vauxhall|Cavalier|I|1975|1981|Купе|1.6|механика|60|бензин|bec6751c5
Vauxhall|Cavalier|I|1975|1981|Купе|1.6|механика|75|бензин|bec6751c5
Vauxhall|Cavalier|I|1975|1981|Купе|1.9|автомат|90|бензин|bec6751c5
Vauxhall|Cavalier|I|1975|1981|Купе|1.9|механика|90|бензин|bec6751c5
Vauxhall|Cavalier|I|1975|1981|Купе|2.0|автомат|100|бензин|bec6751c5
Vauxhall|Cavalier|I|1975|1981|Купе|2.0|механика|100|бензин|bec6751c5
Vauxhall|Cavalier|I|1975|1981|Седан|1.3|механика|58|бензин|1025f1dcb
Vauxhall|Cavalier|I|1975|1981|Седан|1.6|механика|60|бензин|1025f1dcb
Vauxhall|Cavalier|I|1975|1981|Седан|1.6|механика|75|бензин|1025f1dcb
Vauxhall|Cavalier|I|1975|1981|Седан|1.9|автомат|90|бензин|1025f1dcb
Vauxhall|Cavalier|I|1975|1981|Седан|1.9|механика|90|бензин|1025f1dcb
Vauxhall|Cavalier|I|1975|1981|Седан|2.0|автомат|100|бензин|1025f1dcb
Vauxhall|Cavalier|I|1975|1981|Седан|2.0|механика|100|бензин|1025f1dcb
Vauxhall|Cavalier|I|1975|1981|Хэтчбек 3 дв.|1.6|механика|60|бензин|9d58f70a6
Vauxhall|Cavalier|I|1975|1981|Хэтчбек 3 дв.|1.6|механика|75|бензин|9d58f70a6
Vauxhall|Cavalier|I|1975|1981|Хэтчбек 3 дв.|1.9|автомат|90|бензин|9d58f70a6
Vauxhall|Cavalier|I|1975|1981|Хэтчбек 3 дв.|1.9|механика|90|бензин|9d58f70a6
Vauxhall|Cavalier|I|1975|1981|Хэтчбек 3 дв.|2.0|автомат|100|бензин|9d58f70a6
Vauxhall|Cavalier|I|1975|1981|Хэтчбек 3 дв.|2.0|механика|100|бензин|9d58f70a6
Vauxhall|Chevette|I|1975|1984|Седан|1.3|механика|58|бензин|3bcd30539
Vauxhall|Chevette|I|1975|1984|Седан|1.3|механика|58|бензин|a7435cc9c
Vauxhall|Chevette|I|1975|1984|Хэтчбек 3 дв.|1.3|механика|58|бензин|3c17b4a5a
Vauxhall|Corsa|B|1993|2000|Хэтчбек 3 дв.|1.0|механика|54|бензин|cb74389dd
Vauxhall|Corsa|B|1993|2000|Хэтчбек 3 дв.|1.2|автомат|65|бензин|cb74389dd
Vauxhall|Corsa|B|1993|2000|Хэтчбек 3 дв.|1.2|механика|45|бензин|cb74389dd
Vauxhall|Corsa|B|1993|2000|Хэтчбек 3 дв.|1.2|механика|65|бензин|cb74389dd
Vauxhall|Corsa|B|1993|2000|Хэтчбек 3 дв.|1.4|автомат|60|бензин|cb74389dd
Vauxhall|Corsa|B|1993|2000|Хэтчбек 3 дв.|1.4|автомат|90|бензин|cb74389dd
Vauxhall|Corsa|B|1993|2000|Хэтчбек 3 дв.|1.4|механика|60|бензин|cb74389dd
Vauxhall|Corsa|B|1993|2000|Хэтчбек 3 дв.|1.4|механика|90|бензин|cb74389dd
Vauxhall|Corsa|B|1993|2000|Хэтчбек 3 дв.|1.5|механика|50|дизель|cb74389dd
Vauxhall|Corsa|B|1993|2000|Хэтчбек 3 дв.|1.5|механика|67|дизель|cb74389dd
Vauxhall|Corsa|B|1993|2000|Хэтчбек 3 дв.|1.6|механика|109|бензин|cb74389dd
Vauxhall|Corsa|B|1993|2000|Хэтчбек 3 дв.|1.7|механика|60|дизель|cb74389dd
Vauxhall|Corsa|B|1993|2000|Хэтчбек 5 дв.|1.0|механика|54|бензин|ac79d2a1b
Vauxhall|Corsa|B|1993|2000|Хэтчбек 5 дв.|1.2|автомат|65|бензин|ac79d2a1b
Vauxhall|Corsa|B|1993|2000|Хэтчбек 5 дв.|1.2|механика|45|бензин|ac79d2a1b
Vauxhall|Corsa|B|1993|2000|Хэтчбек 5 дв.|1.2|механика|65|бензин|ac79d2a1b
Vauxhall|Corsa|B|1993|2000|Хэтчбек 5 дв.|1.4|автомат|60|бензин|ac79d2a1b
Vauxhall|Corsa|B|1993|2000|Хэтчбек 5 дв.|1.4|автомат|90|бензин|ac79d2a1b
Vauxhall|Corsa|B|1993|2000|Хэтчбек 5 дв.|1.4|механика|60|бензин|ac79d2a1b
Vauxhall|Corsa|B|1993|2000|Хэтчбек 5 дв.|1.4|механика|90|бензин|ac79d2a1b
Vauxhall|Corsa|B|1993|2000|Хэтчбек 5 дв.|1.5|механика|50|дизель|ac79d2a1b
Vauxhall|Corsa|B|1993|2000|Хэтчбек 5 дв.|1.5|механика|67|дизель|ac79d2a1b
Vauxhall|Corsa|B|1993|2000|Хэтчбек 5 дв.|1.6|механика|109|бензин|ac79d2a1b
Vauxhall|Corsa|B|1993|2000|Хэтчбек 5 дв.|1.7|механика|60|дизель|ac79d2a1b
Vauxhall|Corsa|C Рестайлинг|2003|2006|Хэтчбек 3 дв.|1.0|механика|60|бензин|a11094036
Vauxhall|Corsa|C Рестайлинг|2003|2006|Хэтчбек 3 дв.|1.0|робот|60|бензин|a11094036
Vauxhall|Corsa|C Рестайлинг|2003|2006|Хэтчбек 3 дв.|1.2|механика|75|бензин|a11094036
Vauxhall|Corsa|C Рестайлинг|2003|2006|Хэтчбек 3 дв.|1.2|механика|80|бензин|a11094036
Vauxhall|Corsa|C Рестайлинг|2003|2006|Хэтчбек 3 дв.|1.2|робот|75|бензин|a11094036
Vauxhall|Corsa|C Рестайлинг|2003|2006|Хэтчбек 3 дв.|1.2|робот|80|бензин|a11094036
Vauxhall|Corsa|C Рестайлинг|2003|2006|Хэтчбек 3 дв.|1.3|механика|70|дизель|a11094036
Vauxhall|Corsa|C Рестайлинг|2003|2006|Хэтчбек 3 дв.|1.3|робот|70|дизель|a11094036
Vauxhall|Corsa|C Рестайлинг|2003|2006|Хэтчбек 3 дв.|1.4|автомат|90|бензин|a11094036
Vauxhall|Corsa|C Рестайлинг|2003|2006|Хэтчбек 3 дв.|1.4|механика|90|бензин|a11094036
Vauxhall|Corsa|C Рестайлинг|2003|2006|Хэтчбек 3 дв.|1.7|механика|100|дизель|a11094036
Vauxhall|Corsa|C Рестайлинг|2003|2006|Хэтчбек 3 дв.|1.8|механика|125|бензин|a11094036
Vauxhall|Corsa|C Рестайлинг|2003|2006|Хэтчбек 5 дв.|1.0|механика|60|бензин|692e33e6b
Vauxhall|Corsa|C Рестайлинг|2003|2006|Хэтчбек 5 дв.|1.0|робот|60|бензин|692e33e6b
Vauxhall|Corsa|C Рестайлинг|2003|2006|Хэтчбек 5 дв.|1.2|механика|75|бензин|692e33e6b
Vauxhall|Corsa|C Рестайлинг|2003|2006|Хэтчбек 5 дв.|1.2|механика|80|бензин|692e33e6b
Vauxhall|Corsa|C Рестайлинг|2003|2006|Хэтчбек 5 дв.|1.2|робот|75|бензин|692e33e6b
Vauxhall|Corsa|C Рестайлинг|2003|2006|Хэтчбек 5 дв.|1.2|робот|80|бензин|692e33e6b
Vauxhall|Corsa|C Рестайлинг|2003|2006|Хэтчбек 5 дв.|1.3|механика|70|дизель|692e33e6b
Vauxhall|Corsa|C Рестайлинг|2003|2006|Хэтчбек 5 дв.|1.3|робот|70|дизель|692e33e6b
Vauxhall|Corsa|C Рестайлинг|2003|2006|Хэтчбек 5 дв.|1.4|автомат|90|бензин|692e33e6b
Vauxhall|Corsa|C Рестайлинг|2003|2006|Хэтчбек 5 дв.|1.4|механика|90|бензин|692e33e6b
Vauxhall|Corsa|C Рестайлинг|2003|2006|Хэтчбек 5 дв.|1.7|механика|100|дизель|692e33e6b
Vauxhall|Corsa|C Рестайлинг|2003|2006|Хэтчбек 5 дв.|1.8|механика|125|бензин|692e33e6b
Vauxhall|Corsa|C|2000|2003|Хэтчбек 3 дв.|1.0|механика|58|бензин|f749f5d07
Vauxhall|Corsa|C|2000|2003|Хэтчбек 3 дв.|1.0|робот|58|бензин|f749f5d07
Vauxhall|Corsa|C|2000|2003|Хэтчбек 3 дв.|1.2|механика|75|бензин|f749f5d07
Vauxhall|Corsa|C|2000|2003|Хэтчбек 3 дв.|1.2|робот|75|бензин|f749f5d07
Vauxhall|Corsa|C|2000|2003|Хэтчбек 3 дв.|1.4|механика|90|бензин|f749f5d07
Vauxhall|Corsa|C|2000|2003|Хэтчбек 3 дв.|1.7|механика|65|дизель|f749f5d07
Vauxhall|Corsa|C|2000|2003|Хэтчбек 3 дв.|1.7|механика|75|дизель|f749f5d07
Vauxhall|Corsa|C|2000|2003|Хэтчбек 3 дв.|1.8|механика|125|бензин|f749f5d07
Vauxhall|Corsa|C|2000|2003|Хэтчбек 5 дв.|1.0|механика|58|бензин|a8cf5cc3a
Vauxhall|Corsa|C|2000|2003|Хэтчбек 5 дв.|1.0|робот|58|бензин|a8cf5cc3a
Vauxhall|Corsa|C|2000|2003|Хэтчбек 5 дв.|1.2|механика|75|бензин|a8cf5cc3a
Vauxhall|Corsa|C|2000|2003|Хэтчбек 5 дв.|1.2|робот|75|бензин|a8cf5cc3a
Vauxhall|Corsa|C|2000|2003|Хэтчбек 5 дв.|1.4|механика|90|бензин|a8cf5cc3a
Vauxhall|Corsa|C|2000|2003|Хэтчбек 5 дв.|1.7|механика|65|дизель|a8cf5cc3a
Vauxhall|Corsa|C|2000|2003|Хэтчбек 5 дв.|1.7|механика|75|дизель|a8cf5cc3a
Vauxhall|Corsa|C|2000|2003|Хэтчбек 5 дв.|1.8|механика|125|бензин|a8cf5cc3a
Vauxhall|Corsa|D Рестайлинг|2010|2014|Хэтчбек 3 дв.|1.0|механика|65|бензин|e5c1232ab
Vauxhall|Corsa|D Рестайлинг|2010|2014|Хэтчбек 3 дв.|1.2|механика|85|бензин|e5c1232ab
Vauxhall|Corsa|D Рестайлинг|2010|2014|Хэтчбек 3 дв.|1.2|робот|85|бензин|e5c1232ab
Vauxhall|Corsa|D Рестайлинг|2010|2014|Хэтчбек 3 дв.|1.3|механика|75|дизель|e5c1232ab
Vauxhall|Corsa|D Рестайлинг|2010|2014|Хэтчбек 3 дв.|1.3|механика|95|дизель|e5c1232ab
Vauxhall|Corsa|D Рестайлинг|2010|2014|Хэтчбек 3 дв.|1.4|автомат|100|бензин|e5c1232ab
Vauxhall|Corsa|D Рестайлинг|2010|2014|Хэтчбек 3 дв.|1.4|механика|100|бензин|e5c1232ab
Vauxhall|Corsa|D Рестайлинг|2010|2014|Хэтчбек 3 дв.|1.4|механика|120|бензин|e5c1232ab
Vauxhall|Corsa|D Рестайлинг|2010|2014|Хэтчбек 3 дв.|1.7|механика|130|дизель|e5c1232ab
Vauxhall|Corsa|D Рестайлинг|2010|2014|Хэтчбек 5 дв.|1.0|механика|65|бензин|51c99aa5a
Vauxhall|Corsa|D Рестайлинг|2010|2014|Хэтчбек 5 дв.|1.2|механика|85|бензин|51c99aa5a
Vauxhall|Corsa|D Рестайлинг|2010|2014|Хэтчбек 5 дв.|1.2|робот|85|бензин|51c99aa5a
Vauxhall|Corsa|D Рестайлинг|2010|2014|Хэтчбек 5 дв.|1.3|механика|75|дизель|51c99aa5a
Vauxhall|Corsa|D Рестайлинг|2010|2014|Хэтчбек 5 дв.|1.3|механика|95|дизель|51c99aa5a
Vauxhall|Corsa|D Рестайлинг|2010|2014|Хэтчбек 5 дв.|1.4|автомат|100|бензин|51c99aa5a
Vauxhall|Corsa|D Рестайлинг|2010|2014|Хэтчбек 5 дв.|1.4|механика|100|бензин|51c99aa5a
Vauxhall|Corsa|D Рестайлинг|2010|2014|Хэтчбек 5 дв.|1.4|механика|120|бензин|51c99aa5a
Vauxhall|Corsa|D Рестайлинг|2010|2014|Хэтчбек 5 дв.|1.7|механика|130|дизель|51c99aa5a
Vauxhall|Corsa|D|2006|2010|Хэтчбек 3 дв.|1.0|механика|60|бензин|86042b795
Vauxhall|Corsa|D|2006|2010|Хэтчбек 3 дв.|1.2|механика|80|бензин|86042b795
Vauxhall|Corsa|D|2006|2010|Хэтчбек 3 дв.|1.2|робот|80|бензин|86042b795
Vauxhall|Corsa|D|2006|2010|Хэтчбек 3 дв.|1.3|механика|75|дизель|86042b795
Vauxhall|Corsa|D|2006|2010|Хэтчбек 3 дв.|1.3|механика|90|дизель|86042b795
Vauxhall|Corsa|D|2006|2010|Хэтчбек 3 дв.|1.3|робот|90|дизель|86042b795
Vauxhall|Corsa|D|2006|2010|Хэтчбек 3 дв.|1.4|автомат|90|бензин|86042b795
Vauxhall|Corsa|D|2006|2010|Хэтчбек 3 дв.|1.4|механика|90|бензин|86042b795
Vauxhall|Corsa|D|2006|2010|Хэтчбек 3 дв.|1.6|механика|150|бензин|86042b795
Vauxhall|Corsa|D|2006|2010|Хэтчбек 3 дв.|1.7|механика|125|дизель|86042b795
Vauxhall|Corsa|D|2006|2010|Хэтчбек 5 дв.|1.0|механика|60|бензин|934b763d6
Vauxhall|Corsa|D|2006|2010|Хэтчбек 5 дв.|1.2|механика|80|бензин|934b763d6
Vauxhall|Corsa|D|2006|2010|Хэтчбек 5 дв.|1.2|робот|80|бензин|934b763d6
Vauxhall|Corsa|D|2006|2010|Хэтчбек 5 дв.|1.3|механика|75|дизель|934b763d6
Vauxhall|Corsa|D|2006|2010|Хэтчбек 5 дв.|1.3|механика|90|дизель|934b763d6
Vauxhall|Corsa|D|2006|2010|Хэтчбек 5 дв.|1.3|робот|90|дизель|934b763d6
Vauxhall|Corsa|D|2006|2010|Хэтчбек 5 дв.|1.4|автомат|90|бензин|934b763d6
Vauxhall|Corsa|D|2006|2010|Хэтчбек 5 дв.|1.4|механика|90|бензин|934b763d6
Vauxhall|Corsa|D|2006|2010|Хэтчбек 5 дв.|1.6|механика|150|бензин|934b763d6
Vauxhall|Corsa|D|2006|2010|Хэтчбек 5 дв.|1.7|механика|125|дизель|934b763d6
Vauxhall|Corsa|E|2014|2019|Хэтчбек 3 дв.|1.0|механика|115|бензин|e87ee2547
Vauxhall|Corsa|E|2014|2019|Хэтчбек 3 дв.|1.0|механика|90|бензин|e87ee2547
Vauxhall|Corsa|E|2014|2019|Хэтчбек 3 дв.|1.2|механика|70|бензин|e87ee2547
Vauxhall|Corsa|E|2014|2019|Хэтчбек 3 дв.|1.3|механика|75|дизель|e87ee2547
Vauxhall|Corsa|E|2014|2019|Хэтчбек 3 дв.|1.3|механика|95|дизель|e87ee2547
Vauxhall|Corsa|E|2014|2019|Хэтчбек 3 дв.|1.3|робот|95|дизель|e87ee2547
Vauxhall|Corsa|E|2014|2019|Хэтчбек 3 дв.|1.4|автомат|90|бензин|e87ee2547
Vauxhall|Corsa|E|2014|2019|Хэтчбек 3 дв.|1.4|механика|100|бензин|e87ee2547
Vauxhall|Corsa|E|2014|2019|Хэтчбек 3 дв.|1.4|механика|150|бензин|e87ee2547
Vauxhall|Corsa|E|2014|2019|Хэтчбек 3 дв.|1.4|механика|75|бензин|e87ee2547
Vauxhall|Corsa|E|2014|2019|Хэтчбек 3 дв.|1.4|механика|90|бензин|e87ee2547
Vauxhall|Corsa|E|2014|2019|Хэтчбек 3 дв.|1.4|робот|90|бензин|e87ee2547
Vauxhall|Corsa|E|2014|2019|Хэтчбек 5 дв.|1.0|механика|115|бензин|d552c2916
Vauxhall|Corsa|E|2014|2019|Хэтчбек 5 дв.|1.0|механика|90|бензин|d552c2916
Vauxhall|Corsa|E|2014|2019|Хэтчбек 5 дв.|1.2|механика|70|бензин|d552c2916
Vauxhall|Corsa|E|2014|2019|Хэтчбек 5 дв.|1.3|механика|75|дизель|d552c2916
Vauxhall|Corsa|E|2014|2019|Хэтчбек 5 дв.|1.3|механика|95|дизель|d552c2916
Vauxhall|Corsa|E|2014|2019|Хэтчбек 5 дв.|1.3|робот|95|дизель|d552c2916
Vauxhall|Corsa|E|2014|2019|Хэтчбек 5 дв.|1.4|автомат|90|бензин|d552c2916
Vauxhall|Corsa|E|2014|2019|Хэтчбек 5 дв.|1.4|механика|100|бензин|d552c2916
Vauxhall|Corsa|E|2014|2019|Хэтчбек 5 дв.|1.4|механика|150|бензин|d552c2916
Vauxhall|Corsa|E|2014|2019|Хэтчбек 5 дв.|1.4|механика|75|бензин|d552c2916
Vauxhall|Corsa|E|2014|2019|Хэтчбек 5 дв.|1.4|механика|90|бензин|d552c2916
Vauxhall|Corsa|E|2014|2019|Хэтчбек 5 дв.|1.4|робот|90|бензин|d552c2916
Vauxhall|Corsa|F|2019|н.в.|Хэтчбек 5 дв.|1.2|автомат|100|бензин|262172d43
Vauxhall|Corsa|F|2019|н.в.|Хэтчбек 5 дв.|1.2|механика|100|бензин|262172d43
Vauxhall|Corsa|F|2019|н.в.|Хэтчбек 5 дв.|1.2|механика|75|бензин|262172d43
Vauxhall|Corsa|F|2019|н.в.|Хэтчбек 5 дв.|1.5|механика|102|дизель|262172d43
Vauxhall|Corsa|F|2019|н.в.|Хэтчбек 5 дв.||автомат|136|электро|262172d43
Vauxhall|Firenza|I|1970|1975|Купе|1.3|механика|54|бензин|edc246800
Vauxhall|Firenza|I|1970|1975|Купе|1.3|механика|64|бензин|edc246800
Vauxhall|Firenza|I|1970|1975|Купе|1.8|механика|78|бензин|edc246800
Vauxhall|Firenza|I|1970|1975|Купе|2.3|механика|111|бензин|edc246800
Vauxhall|Firenza|I|1970|1975|Купе|2.3|механика|132|бензин|edc246800
Vauxhall|Frontera|A|1991|1998|Внедорожник 3 дв.|2.0|механика|115|бензин|53335ced0
Vauxhall|Frontera|A|1991|1998|Внедорожник 3 дв.|2.5|механика|115|дизель|53335ced0
Vauxhall|Frontera|A|1991|1998|Внедорожник 3 дв.|2.8|механика|113|дизель|53335ced0
Vauxhall|Frontera|A|1991|1998|Внедорожник 5 дв.|2.2|механика|136|бензин|20ccad80a
Vauxhall|Frontera|A|1991|1998|Внедорожник 5 дв.|2.3|механика|100|дизель|20ccad80a
Vauxhall|Frontera|A|1991|1998|Внедорожник 5 дв.|2.4|механика|125|бензин|20ccad80a
Vauxhall|Frontera|A|1991|1998|Внедорожник 5 дв.|2.5|механика|115|дизель|20ccad80a
Vauxhall|Frontera|B Рестайлинг|2001|2004|Внедорожник 3 дв.|2.2|автомат|116|дизель|c44d0754c
Vauxhall|Frontera|B Рестайлинг|2001|2004|Внедорожник 3 дв.|2.2|механика|116|дизель|c44d0754c
Vauxhall|Frontera|B Рестайлинг|2001|2004|Внедорожник 3 дв.|2.2|механика|120|дизель|c44d0754c
Vauxhall|Frontera|B Рестайлинг|2001|2004|Внедорожник 3 дв.|2.2|механика|136|бензин|c44d0754c
Vauxhall|Frontera|B Рестайлинг|2001|2004|Внедорожник 3 дв.|3.2|автомат|205|бензин|c44d0754c
Vauxhall|Frontera|B Рестайлинг|2001|2004|Внедорожник 3 дв.|3.2|механика|205|бензин|c44d0754c
Vauxhall|Frontera|B Рестайлинг|2001|2004|Внедорожник 5 дв.|2.2|автомат|116|дизель|2443fac8d
Vauxhall|Frontera|B Рестайлинг|2001|2004|Внедорожник 5 дв.|2.2|автомат|136|бензин|2443fac8d
Vauxhall|Frontera|B Рестайлинг|2001|2004|Внедорожник 5 дв.|2.2|механика|116|дизель|2443fac8d
Vauxhall|Frontera|B Рестайлинг|2001|2004|Внедорожник 5 дв.|2.2|механика|120|дизель|2443fac8d
Vauxhall|Frontera|B Рестайлинг|2001|2004|Внедорожник 5 дв.|2.2|механика|136|бензин|2443fac8d
Vauxhall|Frontera|B Рестайлинг|2001|2004|Внедорожник 5 дв.|3.2|автомат|205|бензин|2443fac8d
Vauxhall|Frontera|B Рестайлинг|2001|2004|Внедорожник 5 дв.|3.2|механика|205|бензин|2443fac8d
Vauxhall|Frontera|B|1998|2001|Внедорожник 3 дв.|2.0|механика|116|бензин|b94633b38
Vauxhall|Frontera|B|1998|2001|Внедорожник 3 дв.|2.2|автомат|116|дизель|b94633b38
Vauxhall|Frontera|B|1998|2001|Внедорожник 3 дв.|2.2|механика|116|дизель|b94633b38
Vauxhall|Frontera|B|1998|2001|Внедорожник 3 дв.|2.2|механика|136|бензин|b94633b38
Vauxhall|Frontera|B|1998|2001|Внедорожник 5 дв.|2.2|автомат|116|дизель|f74048f5b
Vauxhall|Frontera|B|1998|2001|Внедорожник 5 дв.|2.2|автомат|136|бензин|f74048f5b
Vauxhall|Frontera|B|1998|2001|Внедорожник 5 дв.|2.2|механика|116|дизель|f74048f5b
Vauxhall|Frontera|B|1998|2001|Внедорожник 5 дв.|2.2|механика|136|бензин|f74048f5b
Vauxhall|Frontera|B|1998|2001|Внедорожник 5 дв.|3.2|автомат|205|бензин|f74048f5b
Vauxhall|Frontera|B|1998|2001|Внедорожник 5 дв.|3.2|механика|205|бензин|f74048f5b
Vauxhall|Insignia|I Рестайлинг|2013|2017|Лифтбек|1.4|механика|140|бензин|ff6d659b9
Vauxhall|Insignia|I Рестайлинг|2013|2017|Лифтбек|1.6|автомат|136|дизель|ff6d659b9
Vauxhall|Insignia|I Рестайлинг|2013|2017|Лифтбек|1.6|автомат|170|бензин|ff6d659b9
Vauxhall|Insignia|I Рестайлинг|2013|2017|Лифтбек|1.6|механика|120|дизель|ff6d659b9
Vauxhall|Insignia|I Рестайлинг|2013|2017|Лифтбек|1.6|механика|136|дизель|ff6d659b9
Vauxhall|Insignia|I Рестайлинг|2013|2017|Лифтбек|1.6|механика|170|бензин|ff6d659b9
Vauxhall|Insignia|I Рестайлинг|2013|2017|Лифтбек|1.8|механика|140|бензин|ff6d659b9
Vauxhall|Insignia|I Рестайлинг|2013|2017|Лифтбек|2.0|автомат|130|дизель|ff6d659b9
Vauxhall|Insignia|I Рестайлинг|2013|2017|Лифтбек|2.0|автомат|163|дизель|ff6d659b9
Vauxhall|Insignia|I Рестайлинг|2013|2017|Лифтбек|2.0|автомат|170|дизель|ff6d659b9
Vauxhall|Insignia|I Рестайлинг|2013|2017|Лифтбек|2.0|автомат|195|дизель|ff6d659b9
Vauxhall|Insignia|I Рестайлинг|2013|2017|Лифтбек|2.0|автомат|250|бензин|ff6d659b9
Vauxhall|Insignia|I Рестайлинг|2013|2017|Лифтбек|2.0|механика|120|дизель|ff6d659b9
Vauxhall|Insignia|I Рестайлинг|2013|2017|Лифтбек|2.0|механика|130|дизель|ff6d659b9
Vauxhall|Insignia|I Рестайлинг|2013|2017|Лифтбек|2.0|механика|140|дизель|ff6d659b9
Vauxhall|Insignia|I Рестайлинг|2013|2017|Лифтбек|2.0|механика|163|дизель|ff6d659b9
Vauxhall|Insignia|I Рестайлинг|2013|2017|Лифтбек|2.0|механика|170|дизель|ff6d659b9
Vauxhall|Insignia|I Рестайлинг|2013|2017|Лифтбек|2.0|механика|195|дизель|ff6d659b9
Vauxhall|Insignia|I Рестайлинг|2013|2017|Лифтбек|2.0|механика|250|бензин|ff6d659b9
Vauxhall|Insignia|I Рестайлинг|2013|2017|Универсал 5 дв. Country Tourer|1.6|механика|136|дизель|ba0d75cd5
Vauxhall|Insignia|I Рестайлинг|2013|2017|Универсал 5 дв. Country Tourer|2.0|автомат|163|дизель|ba0d75cd5
Vauxhall|Insignia|I Рестайлинг|2013|2017|Универсал 5 дв. Country Tourer|2.0|автомат|170|дизель|ba0d75cd5
Vauxhall|Insignia|I Рестайлинг|2013|2017|Универсал 5 дв. Country Tourer|2.0|автомат|195|дизель|ba0d75cd5
Vauxhall|Insignia|I Рестайлинг|2013|2017|Универсал 5 дв. Country Tourer|2.0|автомат|250|бензин|ba0d75cd5
Vauxhall|Insignia|I Рестайлинг|2013|2017|Универсал 5 дв. Country Tourer|2.0|механика|163|дизель|ba0d75cd5
Vauxhall|Insignia|I Рестайлинг|2013|2017|Универсал 5 дв. Country Tourer|2.0|механика|170|дизель|ba0d75cd5
Vauxhall|Insignia|I Рестайлинг|2013|2017|Универсал 5 дв. Country Tourer|2.0|механика|250|бензин|ba0d75cd5
Vauxhall|Insignia|I Рестайлинг|2013|2017|Универсал 5 дв.|1.4|механика|140|бензин|d266ae385
Vauxhall|Insignia|I Рестайлинг|2013|2017|Универсал 5 дв.|1.6|автомат|136|дизель|d266ae385
Vauxhall|Insignia|I Рестайлинг|2013|2017|Универсал 5 дв.|1.6|автомат|170|бензин|d266ae385
Vauxhall|Insignia|I Рестайлинг|2013|2017|Универсал 5 дв.|1.6|механика|120|дизель|d266ae385
Vauxhall|Insignia|I Рестайлинг|2013|2017|Универсал 5 дв.|1.6|механика|136|дизель|d266ae385
Vauxhall|Insignia|I Рестайлинг|2013|2017|Универсал 5 дв.|1.6|механика|170|бензин|d266ae385
Vauxhall|Insignia|I Рестайлинг|2013|2017|Универсал 5 дв.|2.0|автомат|163|дизель|d266ae385
Vauxhall|Insignia|I Рестайлинг|2013|2017|Универсал 5 дв.|2.0|автомат|170|дизель|d266ae385
Vauxhall|Insignia|I Рестайлинг|2013|2017|Универсал 5 дв.|2.0|автомат|195|дизель|d266ae385
Vauxhall|Insignia|I Рестайлинг|2013|2017|Универсал 5 дв.|2.0|автомат|250|бензин|d266ae385
Vauxhall|Insignia|I Рестайлинг|2013|2017|Универсал 5 дв.|2.0|механика|120|дизель|d266ae385
Vauxhall|Insignia|I Рестайлинг|2013|2017|Универсал 5 дв.|2.0|механика|130|дизель|d266ae385
Vauxhall|Insignia|I Рестайлинг|2013|2017|Универсал 5 дв.|2.0|механика|140|дизель|d266ae385
Vauxhall|Insignia|I Рестайлинг|2013|2017|Универсал 5 дв.|2.0|механика|163|дизель|d266ae385
Vauxhall|Insignia|I Рестайлинг|2013|2017|Универсал 5 дв.|2.0|механика|170|дизель|d266ae385
Vauxhall|Insignia|I Рестайлинг|2013|2017|Универсал 5 дв.|2.0|механика|195|дизель|d266ae385
Vauxhall|Insignia|I Рестайлинг|2013|2017|Универсал 5 дв.|2.0|механика|250|бензин|d266ae385
Vauxhall|Insignia|II|2017|н.в.|Лифтбек|1.5|автомат|165|бензин|36e9d5ccd
Vauxhall|Insignia|II|2017|н.в.|Лифтбек|1.5|механика|140|бензин|36e9d5ccd
Vauxhall|Insignia|II|2017|н.в.|Лифтбек|1.5|механика|165|бензин|36e9d5ccd
Vauxhall|Insignia|II|2017|н.в.|Лифтбек|1.6|автомат|136|дизель|36e9d5ccd
Vauxhall|Insignia|II|2017|н.в.|Лифтбек|1.6|механика|110|дизель|36e9d5ccd
Vauxhall|Insignia|II|2017|н.в.|Лифтбек|1.6|механика|136|дизель|36e9d5ccd
Vauxhall|Insignia|II|2017|н.в.|Лифтбек|2.0|автомат|170|дизель|36e9d5ccd
Vauxhall|Insignia|II|2017|н.в.|Лифтбек|2.0|автомат|210|дизель|36e9d5ccd
Vauxhall|Insignia|II|2017|н.в.|Лифтбек|2.0|автомат|260|бензин|36e9d5ccd
Vauxhall|Insignia|II|2017|н.в.|Лифтбек|2.0|механика|170|дизель|36e9d5ccd
Vauxhall|Insignia|II|2017|н.в.|Универсал 5 дв. Country Tourer|2.0|автомат|170|дизель|e3534d187
Vauxhall|Insignia|II|2017|н.в.|Универсал 5 дв. Country Tourer|2.0|механика|170|дизель|e3534d187
Vauxhall|Insignia|II|2017|н.в.|Универсал 5 дв.|1.5|автомат|165|бензин|8a6c82232
Vauxhall|Insignia|II|2017|н.в.|Универсал 5 дв.|1.5|механика|140|бензин|8a6c82232
Vauxhall|Insignia|II|2017|н.в.|Универсал 5 дв.|1.5|механика|165|бензин|8a6c82232
Vauxhall|Insignia|II|2017|н.в.|Универсал 5 дв.|2.0|автомат|170|дизель|8a6c82232
Vauxhall|Insignia|II|2017|н.в.|Универсал 5 дв.|2.0|автомат|260|бензин|8a6c82232
Vauxhall|Insignia|II|2017|н.в.|Универсал 5 дв.|2.0|механика|170|дизель|8a6c82232
Vauxhall|Insignia|I|2008|2013|Лифтбек|1.6|механика|115|бензин|4c40a9b7b
Vauxhall|Insignia|I|2008|2013|Лифтбек|1.6|механика|180|бензин|4c40a9b7b
Vauxhall|Insignia|I|2008|2013|Лифтбек|1.8|механика|140|бензин|4c40a9b7b
Vauxhall|Insignia|I|2008|2013|Лифтбек|2.0|автомат|130|дизель|4c40a9b7b
Vauxhall|Insignia|I|2008|2013|Лифтбек|2.0|автомат|160|дизель|4c40a9b7b
Vauxhall|Insignia|I|2008|2013|Лифтбек|2.0|автомат|194|дизель|4c40a9b7b
Vauxhall|Insignia|I|2008|2013|Лифтбек|2.0|автомат|220|бензин|4c40a9b7b
Vauxhall|Insignia|I|2008|2013|Лифтбек|2.0|автомат|250|бензин|4c40a9b7b
Vauxhall|Insignia|I|2008|2013|Лифтбек|2.0|механика|110|дизель|4c40a9b7b
Vauxhall|Insignia|I|2008|2013|Лифтбек|2.0|механика|130|дизель|4c40a9b7b
Vauxhall|Insignia|I|2008|2013|Лифтбек|2.0|механика|160|дизель|4c40a9b7b
Vauxhall|Insignia|I|2008|2013|Лифтбек|2.0|механика|194|дизель|4c40a9b7b
Vauxhall|Insignia|I|2008|2013|Лифтбек|2.0|механика|220|бензин|4c40a9b7b
Vauxhall|Insignia|I|2008|2013|Лифтбек|2.0|механика|250|бензин|4c40a9b7b
Vauxhall|Insignia|I|2008|2013|Лифтбек|2.8|автомат|260|бензин|4c40a9b7b
Vauxhall|Insignia|I|2008|2013|Лифтбек|2.8|механика|260|бензин|4c40a9b7b
Vauxhall|Insignia|I|2008|2013|Седан|1.6|механика|115|бензин|5e54c1bb8
Vauxhall|Insignia|I|2008|2013|Седан|1.6|механика|180|бензин|5e54c1bb8
Vauxhall|Insignia|I|2008|2013|Седан|1.8|механика|140|бензин|5e54c1bb8
Vauxhall|Insignia|I|2008|2013|Седан|2.0|автомат|130|дизель|5e54c1bb8
Vauxhall|Insignia|I|2008|2013|Седан|2.0|автомат|160|дизель|5e54c1bb8
Vauxhall|Insignia|I|2008|2013|Седан|2.0|автомат|194|дизель|5e54c1bb8
Vauxhall|Insignia|I|2008|2013|Седан|2.0|автомат|220|бензин|5e54c1bb8
Vauxhall|Insignia|I|2008|2013|Седан|2.0|автомат|250|бензин|5e54c1bb8
Vauxhall|Insignia|I|2008|2013|Седан|2.0|механика|110|дизель|5e54c1bb8
Vauxhall|Insignia|I|2008|2013|Седан|2.0|механика|130|дизель|5e54c1bb8
Vauxhall|Insignia|I|2008|2013|Седан|2.0|механика|160|дизель|5e54c1bb8
Vauxhall|Insignia|I|2008|2013|Седан|2.0|механика|194|дизель|5e54c1bb8
Vauxhall|Insignia|I|2008|2013|Седан|2.0|механика|220|бензин|5e54c1bb8
Vauxhall|Insignia|I|2008|2013|Седан|2.0|механика|250|бензин|5e54c1bb8
Vauxhall|Insignia|I|2008|2013|Седан|2.8|автомат|260|бензин|5e54c1bb8
Vauxhall|Insignia|I|2008|2013|Седан|2.8|механика|260|бензин|5e54c1bb8
Vauxhall|Insignia|I|2008|2013|Универсал 5 дв.|1.6|механика|115|бензин|75966d6b1
Vauxhall|Insignia|I|2008|2013|Универсал 5 дв.|1.6|механика|180|бензин|75966d6b1
Vauxhall|Insignia|I|2008|2013|Универсал 5 дв.|1.8|механика|140|бензин|75966d6b1
Vauxhall|Insignia|I|2008|2013|Универсал 5 дв.|2.0|автомат|130|дизель|75966d6b1
Vauxhall|Insignia|I|2008|2013|Универсал 5 дв.|2.0|автомат|160|дизель|75966d6b1
Vauxhall|Insignia|I|2008|2013|Универсал 5 дв.|2.0|автомат|194|дизель|75966d6b1
Vauxhall|Insignia|I|2008|2013|Универсал 5 дв.|2.0|автомат|220|бензин|75966d6b1
Vauxhall|Insignia|I|2008|2013|Универсал 5 дв.|2.0|автомат|250|бензин|75966d6b1
Vauxhall|Insignia|I|2008|2013|Универсал 5 дв.|2.0|механика|110|дизель|75966d6b1
Vauxhall|Insignia|I|2008|2013|Универсал 5 дв.|2.0|механика|130|дизель|75966d6b1
Vauxhall|Insignia|I|2008|2013|Универсал 5 дв.|2.0|механика|160|дизель|75966d6b1
Vauxhall|Insignia|I|2008|2013|Универсал 5 дв.|2.0|механика|194|дизель|75966d6b1
Vauxhall|Insignia|I|2008|2013|Универсал 5 дв.|2.0|механика|220|бензин|75966d6b1
Vauxhall|Insignia|I|2008|2013|Универсал 5 дв.|2.0|механика|250|бензин|75966d6b1
Vauxhall|Insignia|I|2008|2013|Универсал 5 дв.|2.8|автомат|260|бензин|75966d6b1
Vauxhall|Insignia|I|2008|2013|Универсал 5 дв.|2.8|механика|260|бензин|75966d6b1
Vauxhall|Meriva|A Рестайлинг|2006|2010|Компактвэн|1.3|механика|70|дизель|33d6ff05c
Vauxhall|Meriva|A Рестайлинг|2006|2010|Компактвэн|1.4|механика|90|бензин|33d6ff05c
Vauxhall|Meriva|A Рестайлинг|2006|2010|Компактвэн|1.6|механика|100|бензин|33d6ff05c
Vauxhall|Meriva|A Рестайлинг|2006|2010|Компактвэн|1.6|механика|105|бензин|33d6ff05c
Vauxhall|Meriva|A Рестайлинг|2006|2010|Компактвэн|1.6|механика|180|бензин|33d6ff05c
Vauxhall|Meriva|A Рестайлинг|2006|2010|Компактвэн|1.6|механика|87|бензин|33d6ff05c
Vauxhall|Meriva|A Рестайлинг|2006|2010|Компактвэн|1.7|механика|101|дизель|33d6ff05c
Vauxhall|Meriva|A Рестайлинг|2006|2010|Компактвэн|1.7|механика|125|дизель|33d6ff05c
Vauxhall|Meriva|A Рестайлинг|2006|2010|Компактвэн|1.7|механика|75|дизель|33d6ff05c
Vauxhall|Meriva|A Рестайлинг|2006|2010|Компактвэн|1.8|механика|125|бензин|33d6ff05c
Vauxhall|Meriva|A|2003|2006|Компактвэн|1.3|механика|70|дизель|e1385e608
Vauxhall|Meriva|A|2003|2006|Компактвэн|1.4|механика|90|бензин|e1385e608
Vauxhall|Meriva|A|2003|2006|Компактвэн|1.6|механика|100|бензин|e1385e608
Vauxhall|Meriva|A|2003|2006|Компактвэн|1.6|механика|105|бензин|e1385e608
Vauxhall|Meriva|A|2003|2006|Компактвэн|1.6|механика|180|бензин|e1385e608
Vauxhall|Meriva|A|2003|2006|Компактвэн|1.6|механика|87|бензин|e1385e608
Vauxhall|Meriva|A|2003|2006|Компактвэн|1.7|механика|101|дизель|e1385e608
Vauxhall|Meriva|A|2003|2006|Компактвэн|1.7|механика|125|дизель|e1385e608
Vauxhall|Meriva|A|2003|2006|Компактвэн|1.7|механика|75|дизель|e1385e608
Vauxhall|Meriva|A|2003|2006|Компактвэн|1.8|механика|125|бензин|e1385e608
Vauxhall|Meriva|B Рестайлинг|2014|2018|Компактвэн|1.3|механика|95|дизель|778e937ea
Vauxhall|Meriva|B Рестайлинг|2014|2018|Компактвэн|1.4|автомат|140|бензин|778e937ea
Vauxhall|Meriva|B Рестайлинг|2014|2018|Компактвэн|1.4|механика|100|бензин|778e937ea
Vauxhall|Meriva|B Рестайлинг|2014|2018|Компактвэн|1.4|механика|120|СУГ|778e937ea
Vauxhall|Meriva|B Рестайлинг|2014|2018|Компактвэн|1.4|механика|120|бензин|778e937ea
Vauxhall|Meriva|B Рестайлинг|2014|2018|Компактвэн|1.4|механика|140|бензин|778e937ea
Vauxhall|Meriva|B Рестайлинг|2014|2018|Компактвэн|1.6|механика|110|дизель|778e937ea
Vauxhall|Meriva|B Рестайлинг|2014|2018|Компактвэн|1.6|механика|136|дизель|778e937ea
Vauxhall|Meriva|B Рестайлинг|2014|2018|Компактвэн|1.7|автомат|110|дизель|778e937ea
Vauxhall|Meriva|B Рестайлинг|2014|2018|Компактвэн|1.7|автомат|130|дизель|778e937ea
Vauxhall|Meriva|B|2010|2014|Компактвэн|1.3|механика|75|дизель|d1d2fbb30
Vauxhall|Meriva|B|2010|2014|Компактвэн|1.3|механика|95|дизель|d1d2fbb30
Vauxhall|Meriva|B|2010|2014|Компактвэн|1.4|механика|100|бензин|d1d2fbb30
Vauxhall|Meriva|B|2010|2014|Компактвэн|1.4|механика|120|бензин|d1d2fbb30
Vauxhall|Meriva|B|2010|2014|Компактвэн|1.4|механика|140|бензин|d1d2fbb30
Vauxhall|Meriva|B|2010|2014|Компактвэн|1.7|автомат|101|дизель|d1d2fbb30
Vauxhall|Meriva|B|2010|2014|Компактвэн|1.7|автомат|130|дизель|d1d2fbb30
Vauxhall|Meriva|B|2010|2014|Компактвэн|1.7|механика|110|дизель|d1d2fbb30
Vauxhall|Meriva|B|2010|2014|Компактвэн|1.7|механика|130|дизель|d1d2fbb30
Vauxhall|Mokka|I Рестайлинг|2016|2019|Внедорожник 5 дв.|1.4|автомат|140|бензин|1b1071e4c
Vauxhall|Mokka|I Рестайлинг|2016|2019|Внедорожник 5 дв.|1.4|автомат|152|бензин|1b1071e4c
Vauxhall|Mokka|I Рестайлинг|2016|2019|Внедорожник 5 дв.|1.4|механика|140|бензин|1b1071e4c
Vauxhall|Mokka|I Рестайлинг|2016|2019|Внедорожник 5 дв.|1.6|автомат|136|дизель|1b1071e4c
Vauxhall|Mokka|I Рестайлинг|2016|2019|Внедорожник 5 дв.|1.6|механика|110|дизель|1b1071e4c
Vauxhall|Mokka|I Рестайлинг|2016|2019|Внедорожник 5 дв.|1.6|механика|115|бензин|1b1071e4c
Vauxhall|Mokka|I Рестайлинг|2016|2019|Внедорожник 5 дв.|1.6|механика|136|дизель|1b1071e4c
Vauxhall|Mokka|I|2012|2016|Внедорожник 5 дв.|1.4|автомат|140|бензин|8855d9c24
Vauxhall|Mokka|I|2012|2016|Внедорожник 5 дв.|1.4|механика|140|бензин|8855d9c24
Vauxhall|Mokka|I|2012|2016|Внедорожник 5 дв.|1.6|автомат|136|дизель|8855d9c24
Vauxhall|Mokka|I|2012|2016|Внедорожник 5 дв.|1.6|механика|115|бензин|8855d9c24
Vauxhall|Mokka|I|2012|2016|Внедорожник 5 дв.|1.6|механика|136|дизель|8855d9c24
Vauxhall|Mokka|I|2012|2016|Внедорожник 5 дв.|1.7|автомат|130|дизель|8855d9c24
Vauxhall|Mokka|I|2012|2016|Внедорожник 5 дв.|1.7|механика|130|дизель|8855d9c24
Vauxhall|Monaro||2001|2007|Купе VXR|5.7|механика|387|бензин|2ab5d5581
Vauxhall|Monaro||2001|2007|Купе VXR|6.0|механика|404|бензин|2ab5d5581
Vauxhall|Monaro||2001|2007|Купе|5.7|механика|354|бензин|ae02b75d7
Vauxhall|Omega|B Рестайлинг|1999|2003|Седан|2.0|автомат|136|бензин|f891a136b
Vauxhall|Omega|B Рестайлинг|1999|2003|Седан|2.0|механика|101|дизель|f891a136b
Vauxhall|Omega|B Рестайлинг|1999|2003|Седан|2.0|механика|136|бензин|f891a136b
Vauxhall|Omega|B Рестайлинг|1999|2003|Седан|2.2|автомат|144|бензин|f891a136b
Vauxhall|Omega|B Рестайлинг|1999|2003|Седан|2.2|механика|120|дизель|f891a136b
Vauxhall|Omega|B Рестайлинг|1999|2003|Седан|2.2|механика|144|бензин|f891a136b
Vauxhall|Omega|B Рестайлинг|1999|2003|Седан|2.5|автомат|131|дизель|f891a136b
Vauxhall|Omega|B Рестайлинг|1999|2003|Седан|2.5|автомат|150|дизель|f891a136b
Vauxhall|Omega|B Рестайлинг|1999|2003|Седан|2.5|автомат|170|бензин|f891a136b
Vauxhall|Omega|B Рестайлинг|1999|2003|Седан|2.5|механика|131|дизель|f891a136b
Vauxhall|Omega|B Рестайлинг|1999|2003|Седан|2.5|механика|150|дизель|f891a136b
Vauxhall|Omega|B Рестайлинг|1999|2003|Седан|2.5|механика|170|бензин|f891a136b
Vauxhall|Omega|B Рестайлинг|1999|2003|Седан|2.6|автомат|180|бензин|f891a136b
Vauxhall|Omega|B Рестайлинг|1999|2003|Седан|2.6|механика|180|бензин|f891a136b
Vauxhall|Omega|B Рестайлинг|1999|2003|Седан|3.0|автомат|211|бензин|f891a136b
Vauxhall|Omega|B Рестайлинг|1999|2003|Седан|3.0|механика|211|бензин|f891a136b
Vauxhall|Omega|B Рестайлинг|1999|2003|Седан|3.2|автомат|218|бензин|f891a136b
Vauxhall|Omega|B Рестайлинг|1999|2003|Седан|5.7|автомат|315|бензин|f891a136b
Vauxhall|Omega|B Рестайлинг|1999|2003|Универсал 5 дв.|2.0|автомат|136|бензин|41a018a78
Vauxhall|Omega|B Рестайлинг|1999|2003|Универсал 5 дв.|2.0|механика|101|дизель|41a018a78
Vauxhall|Omega|B Рестайлинг|1999|2003|Универсал 5 дв.|2.0|механика|136|бензин|41a018a78
Vauxhall|Omega|B Рестайлинг|1999|2003|Универсал 5 дв.|2.2|автомат|144|бензин|41a018a78
Vauxhall|Omega|B Рестайлинг|1999|2003|Универсал 5 дв.|2.2|механика|120|дизель|41a018a78
Vauxhall|Omega|B Рестайлинг|1999|2003|Универсал 5 дв.|2.2|механика|144|бензин|41a018a78
Vauxhall|Omega|B Рестайлинг|1999|2003|Универсал 5 дв.|2.5|автомат|131|дизель|41a018a78
Vauxhall|Omega|B Рестайлинг|1999|2003|Универсал 5 дв.|2.5|автомат|150|дизель|41a018a78
Vauxhall|Omega|B Рестайлинг|1999|2003|Универсал 5 дв.|2.5|автомат|170|бензин|41a018a78
Vauxhall|Omega|B Рестайлинг|1999|2003|Универсал 5 дв.|2.5|механика|131|дизель|41a018a78
Vauxhall|Omega|B Рестайлинг|1999|2003|Универсал 5 дв.|2.5|механика|150|дизель|41a018a78
Vauxhall|Omega|B Рестайлинг|1999|2003|Универсал 5 дв.|2.5|механика|170|бензин|41a018a78
Vauxhall|Omega|B Рестайлинг|1999|2003|Универсал 5 дв.|2.6|автомат|180|бензин|41a018a78
Vauxhall|Omega|B Рестайлинг|1999|2003|Универсал 5 дв.|2.6|механика|180|бензин|41a018a78
Vauxhall|Omega|B Рестайлинг|1999|2003|Универсал 5 дв.|3.0|автомат|211|бензин|41a018a78
Vauxhall|Omega|B Рестайлинг|1999|2003|Универсал 5 дв.|3.0|механика|211|бензин|41a018a78
Vauxhall|Omega|B Рестайлинг|1999|2003|Универсал 5 дв.|3.2|автомат|218|бензин|41a018a78
Vauxhall|Omega|B Рестайлинг|1999|2003|Универсал 5 дв.|5.7|автомат|315|бензин|41a018a78
Vauxhall|Omega|B|1994|1999|Седан|2.0|автомат|116|бензин|89a7c10f6
Vauxhall|Omega|B|1994|1999|Седан|2.0|автомат|136|бензин|89a7c10f6
Vauxhall|Omega|B|1994|1999|Седан|2.0|механика|101|дизель|89a7c10f6
Vauxhall|Omega|B|1994|1999|Седан|2.0|механика|116|бензин|89a7c10f6
Vauxhall|Omega|B|1994|1999|Седан|2.0|механика|136|бензин|89a7c10f6
Vauxhall|Omega|B|1994|1999|Седан|2.5|автомат|131|дизель|89a7c10f6
Vauxhall|Omega|B|1994|1999|Седан|2.5|автомат|170|бензин|89a7c10f6
Vauxhall|Omega|B|1994|1999|Седан|2.5|механика|131|дизель|89a7c10f6
Vauxhall|Omega|B|1994|1999|Седан|2.5|механика|170|бензин|89a7c10f6
Vauxhall|Omega|B|1994|1999|Седан|3.0|автомат|211|бензин|89a7c10f6
Vauxhall|Omega|B|1994|1999|Седан|3.0|механика|211|бензин|89a7c10f6
Vauxhall|Royale||1978|1987|Купе|2.0|автомат|100|бензин|ed88d587e
Vauxhall|Royale||1978|1987|Купе|2.0|механика|100|бензин|ed88d587e
Vauxhall|Royale||1978|1987|Купе|2.5|автомат|130|бензин|ed88d587e
Vauxhall|Royale||1978|1987|Купе|2.5|автомат|140|бензин|ed88d587e
Vauxhall|Royale||1978|1987|Купе|2.5|механика|130|бензин|ed88d587e
Vauxhall|Royale||1978|1987|Купе|2.5|механика|140|бензин|ed88d587e
Vauxhall|Royale||1978|1987|Купе|2.8|автомат|140|бензин|ed88d587e
Vauxhall|Royale||1978|1987|Купе|2.8|механика|140|бензин|ed88d587e
Vauxhall|Royale||1978|1987|Купе|3.0|автомат|150|бензин|ed88d587e
Vauxhall|Royale||1978|1987|Купе|3.0|механика|150|бензин|ed88d587e
Vauxhall|Royale||1978|1987|Купе|3.0|механика|156|бензин|ed88d587e
Vauxhall|Royale||1978|1987|Купе|3.0|механика|180|бензин|ed88d587e
Vauxhall|Royale||1978|1987|Седан|2.0|механика|100|бензин|81b337c14
Vauxhall|Royale||1978|1987|Седан|2.2|автомат|115|бензин|81b337c14
Vauxhall|Royale||1978|1987|Седан|2.2|механика|115|бензин|81b337c14
Vauxhall|Royale||1978|1987|Седан|2.3|механика|86|дизель|81b337c14
Vauxhall|Royale||1978|1987|Седан|2.5|автомат|115|бензин|81b337c14
Vauxhall|Royale||1978|1987|Седан|2.5|автомат|130|бензин|81b337c14
Vauxhall|Royale||1978|1987|Седан|2.5|автомат|140|бензин|81b337c14
Vauxhall|Royale||1978|1987|Седан|2.5|механика|115|бензин|81b337c14
Vauxhall|Royale||1978|1987|Седан|2.5|механика|130|бензин|81b337c14
Vauxhall|Royale||1978|1987|Седан|2.5|механика|140|бензин|81b337c14
Vauxhall|Royale||1978|1987|Седан|2.8|автомат|140|бензин|81b337c14
Vauxhall|Royale||1978|1987|Седан|2.8|механика|140|бензин|81b337c14
Vauxhall|Royale||1978|1987|Седан|3.0|автомат|154|бензин|81b337c14
Vauxhall|Royale||1978|1987|Седан|3.0|автомат|156|бензин|81b337c14
Vauxhall|Royale||1978|1987|Седан|3.0|автомат|177|бензин|81b337c14
Vauxhall|Royale||1978|1987|Седан|3.0|механика|154|бензин|81b337c14
Vauxhall|Royale||1978|1987|Седан|3.0|механика|156|бензин|81b337c14
Vauxhall|Royale||1978|1987|Седан|3.0|механика|177|бензин|81b337c14
Vauxhall|Tigra|A|1994|2001|Купе|1.4|автомат|90|бензин|b8c7c0aa9
Vauxhall|Tigra|A|1994|2001|Купе|1.4|механика|90|бензин|b8c7c0aa9
Vauxhall|Tigra|A|1994|2001|Купе|1.6|механика|106|бензин|b8c7c0aa9
Vauxhall|Tigra|B|2004|2009|Родстер|1.3|механика|70|дизель|854a50fd1
Vauxhall|Tigra|B|2004|2009|Родстер|1.4|автомат|90|бензин|854a50fd1
Vauxhall|Tigra|B|2004|2009|Родстер|1.4|механика|90|бензин|854a50fd1
Vauxhall|Tigra|B|2004|2009|Родстер|1.8|механика|125|бензин|854a50fd1
Vauxhall|VXR8||2007|2009|Седан|6.2|автомат|431|бензин|727fd528d
Vauxhall|Vectra|B|1995|2001|Седан|1.6|механика|100|бензин|4c8ec6a37
Vauxhall|Vectra|B|1995|2001|Седан|2.0|механика|136|бензин|4c8ec6a37
Vauxhall|Vectra|B|1995|2001|Седан|2.5|механика|170|бензин|4c8ec6a37
Vauxhall|Vectra|B|1995|2001|Универсал 5 дв.|1.6|механика|100|бензин|b4251eed9
Vauxhall|Vectra|B|1995|2001|Универсал 5 дв.|2.0|механика|136|бензин|b4251eed9
Vauxhall|Vectra|B|1995|2001|Универсал 5 дв.|2.5|механика|170|бензин|b4251eed9
Vauxhall|Vectra|B|1995|2001|Хэтчбек 5 дв.|1.6|механика|101|бензин|1c873cb72
Vauxhall|Vectra|B|1995|2001|Хэтчбек 5 дв.|2.0|механика|136|бензин|1c873cb72
Vauxhall|Vectra|B|1995|2001|Хэтчбек 5 дв.|2.5|механика|170|бензин|1c873cb72
Vauxhall|Vectra|C|2003|2008|Седан|1.8|механика|122|бензин|1a2abec42
Vauxhall|Vectra|C|2003|2008|Седан|2.0|механика|175|бензин|1a2abec42
Vauxhall|Vectra|C|2003|2008|Седан|2.8|автомат|250|бензин|1a2abec42
Vauxhall|Vectra|C|2003|2008|Универсал 5 дв.|1.8|механика|122|бензин|0c3f78466
Vauxhall|Vectra|C|2003|2008|Универсал 5 дв.|2.0|механика|175|бензин|0c3f78466
Vauxhall|Vectra|C|2003|2008|Универсал 5 дв.|2.8|механика|250|бензин|0c3f78466
Vauxhall|Vectra|C|2003|2008|Хэтчбек 5 дв.|1.8|механика|122|бензин|3b15c1ba7
Vauxhall|Vectra|C|2003|2008|Хэтчбек 5 дв.|2.0|механика|175|бензин|3b15c1ba7
Vauxhall|Vectra|C|2003|2008|Хэтчбек 5 дв.|2.8|механика|250|бензин|3b15c1ba7
Vauxhall|Velox|I (LIP)|1948|1951|Седан|2.3|механика|56|бензин|c8e268055
Vauxhall|Velox|II (EIP)|1951|1957|Седан|2.3|механика|56|бензин|3ff35dce3
Vauxhall|Velox|II (EIP)|1951|1957|Седан|2.3|механика|65|бензин|3ff35dce3
Vauxhall|Velox|II (EIP)|1951|1957|Седан|2.3|механика|68|бензин|3ff35dce3
Vauxhall|Velox|III (PA)|1957|1962|Седан|2.3|механика|84|бензин|46cff6333
Vauxhall|Velox|III (PA)|1957|1962|Седан|2.7|механика|96|бензин|46cff6333
Vauxhall|Velox|III (PA)|1957|1962|Универсал 5 дв.|2.3|механика|84|бензин|111b470d8
Vauxhall|Velox|III (PA)|1957|1962|Универсал 5 дв.|2.7|механика|96|бензин|111b470d8
Vauxhall|Velox|IV (PB)|1962|1965|Седан|2.7|механика|96|бензин|851b21f12
Vauxhall|Velox|IV (PB)|1962|1965|Седан|3.3|механика|117|бензин|851b21f12
Vauxhall|Ventora||1969|1976|Седан|3.3|механика|124|бензин|aa8fd1116
Vauxhall|Viceroy||1978|1982|Седан|2.5|автомат|115|бензин|8649c67e4
Vauxhall|Viceroy||1978|1982|Седан|2.5|автомат|130|бензин|8649c67e4
Vauxhall|Viceroy||1978|1982|Седан|2.5|механика|115|бензин|8649c67e4
Vauxhall|Viceroy||1978|1982|Седан|2.5|механика|130|бензин|8649c67e4
Vauxhall|Victor|FD|1967|1972|Седан|1.6|автомат|72|бензин|a3a7bdccf
Vauxhall|Victor|FD|1967|1972|Седан|1.6|механика|72|бензин|a3a7bdccf
Vauxhall|Victor|FD|1967|1972|Седан|2.0|автомат|106|бензин|a3a7bdccf
Vauxhall|Victor|FD|1967|1972|Седан|2.0|автомат|88|бензин|a3a7bdccf
Vauxhall|Victor|FD|1967|1972|Седан|2.0|механика|106|бензин|a3a7bdccf
Vauxhall|Victor|FD|1967|1972|Седан|2.0|механика|88|бензин|a3a7bdccf
Vauxhall|Victor|FD|1967|1972|Универсал 5 дв.|3.0|автомат|124|бензин|8f63e1a23
Vauxhall|Victor|FD|1967|1972|Универсал 5 дв.|3.0|механика|124|бензин|8f63e1a23
Vauxhall|Victor|FE|1972|1978|Седан|1.8|автомат|78|бензин|936fa4a5a
Vauxhall|Victor|FE|1972|1978|Седан|1.8|автомат|88|бензин|936fa4a5a
Vauxhall|Victor|FE|1972|1978|Седан|1.8|механика|78|бензин|936fa4a5a
Vauxhall|Victor|FE|1972|1978|Седан|1.8|механика|88|бензин|936fa4a5a
Vauxhall|Victor|FE|1972|1978|Седан|2.3|автомат|100|бензин|936fa4a5a
Vauxhall|Victor|FE|1972|1978|Седан|2.3|автомат|110|бензин|936fa4a5a
Vauxhall|Victor|FE|1972|1978|Седан|2.3|автомат|112|бензин|936fa4a5a
Vauxhall|Victor|FE|1972|1978|Седан|2.3|механика|100|бензин|936fa4a5a
Vauxhall|Victor|FE|1972|1978|Седан|2.3|механика|110|бензин|936fa4a5a
Vauxhall|Victor|FE|1972|1978|Седан|2.3|механика|112|бензин|936fa4a5a
Vauxhall|Victor|FE|1972|1978|Универсал 5 дв.|1.8|автомат|78|бензин|4b8f25c04
Vauxhall|Victor|FE|1972|1978|Универсал 5 дв.|1.8|автомат|88|бензин|4b8f25c04
Vauxhall|Victor|FE|1972|1978|Универсал 5 дв.|1.8|механика|78|бензин|4b8f25c04
Vauxhall|Victor|FE|1972|1978|Универсал 5 дв.|1.8|механика|88|бензин|4b8f25c04
Vauxhall|Victor|FE|1972|1978|Универсал 5 дв.|2.3|автомат|100|бензин|4b8f25c04
Vauxhall|Victor|FE|1972|1978|Универсал 5 дв.|2.3|автомат|110|бензин|4b8f25c04
Vauxhall|Victor|FE|1972|1978|Универсал 5 дв.|2.3|механика|100|бензин|4b8f25c04
Vauxhall|Victor|FE|1972|1978|Универсал 5 дв.|2.3|механика|110|бензин|4b8f25c04
Vauxhall|Viva|HA|1963|1966|Седан 2 дв.|1.1|механика|45|бензин|e64110eb2
Vauxhall|Viva|HB|1965|1971|Седан 2 дв.|1.1|механика|48|бензин|87cf48828
Vauxhall|Viva|HB|1965|1971|Седан 2 дв.|1.1|механика|60|бензин|87cf48828
Vauxhall|Viva|HB|1965|1971|Седан 2 дв.|1.6|механика|72|бензин|87cf48828
Vauxhall|Viva|HB|1965|1971|Седан 2 дв.|2.0|механика|106|бензин|87cf48828
Vauxhall|Viva|HB|1965|1971|Универсал 3 дв.|1.1|механика|48|бензин|29e862b17
Vauxhall|Viva|HB|1965|1971|Универсал 3 дв.|1.1|механика|60|бензин|29e862b17
Vauxhall|Viva|HC|1970|1979|Седан 2 дв.|1.3|механика|58|бензин|52d766802
Vauxhall|Viva|HC|1970|1979|Седан|1.3|механика|58|бензин|1e528eb71
Vauxhall|Viva|HC|1970|1979|Седан|1.6|механика|69|бензин|1e528eb71
Vauxhall|Viva|HC|1970|1979|Седан|1.8|автомат|78|бензин|1e528eb71
Vauxhall|Viva|HC|1970|1979|Седан|1.8|механика|78|бензин|1e528eb71
Vauxhall|Viva|HC|1970|1979|Седан|2.3|автомат|110|бензин|1e528eb71
Vauxhall|Viva|HC|1970|1979|Седан|2.3|механика|110|бензин|1e528eb71
Vauxhall|Viva|HC|1970|1979|Универсал 3 дв.|1.3|механика|58|бензин|1cda9bdd0
Vauxhall|Viva|HC|1970|1979|Универсал 3 дв.|1.6|механика|69|бензин|1cda9bdd0
Vauxhall|Viva|HC|1970|1979|Универсал 3 дв.|1.8|автомат|78|бензин|1cda9bdd0
Vauxhall|Viva|HC|1970|1979|Универсал 3 дв.|1.8|механика|78|бензин|1cda9bdd0
Vauxhall|Viva|HC|1970|1979|Универсал 3 дв.|2.3|автомат|110|бензин|1cda9bdd0
Vauxhall|Viva|HC|1970|1979|Универсал 3 дв.|2.3|механика|110|бензин|1cda9bdd0
Vauxhall|Zafira|A Рестайлинг|2003|2005|Компактвэн|1.6|автомат|101|бензин|9489c52d7
Vauxhall|Zafira|A Рестайлинг|2003|2005|Компактвэн|1.6|механика|101|бензин|9489c52d7
Vauxhall|Zafira|A Рестайлинг|2003|2005|Компактвэн|1.6|механика|97|СУГ|9489c52d7
Vauxhall|Zafira|A Рестайлинг|2003|2005|Компактвэн|1.8|автомат|125|бензин|9489c52d7
Vauxhall|Zafira|A Рестайлинг|2003|2005|Компактвэн|1.8|механика|125|бензин|9489c52d7
Vauxhall|Zafira|A Рестайлинг|2003|2005|Компактвэн|2.0|автомат|101|дизель|9489c52d7
Vauxhall|Zafira|A Рестайлинг|2003|2005|Компактвэн|2.0|механика|101|дизель|9489c52d7
Vauxhall|Zafira|A Рестайлинг|2003|2005|Компактвэн|2.0|механика|200|бензин|9489c52d7
Vauxhall|Zafira|A Рестайлинг|2003|2005|Компактвэн|2.2|автомат|125|дизель|9489c52d7
Vauxhall|Zafira|A Рестайлинг|2003|2005|Компактвэн|2.2|автомат|147|бензин|9489c52d7
Vauxhall|Zafira|A Рестайлинг|2003|2005|Компактвэн|2.2|механика|125|дизель|9489c52d7
Vauxhall|Zafira|A Рестайлинг|2003|2005|Компактвэн|2.2|механика|147|бензин|9489c52d7
Vauxhall|Zafira|A|1999|2003|Компактвэн|1.6|механика|101|бензин|30ad03b82
Vauxhall|Zafira|A|1999|2003|Компактвэн|1.6|механика|97|СУГ|30ad03b82
Vauxhall|Zafira|A|1999|2003|Компактвэн|1.8|механика|116|бензин|30ad03b82
Vauxhall|Zafira|A|1999|2003|Компактвэн|1.8|механика|125|бензин|30ad03b82
Vauxhall|Zafira|A|1999|2003|Компактвэн|2.0|механика|101|дизель|30ad03b82
Vauxhall|Zafira|A|1999|2003|Компактвэн|2.0|механика|192|бензин|30ad03b82
Vauxhall|Zafira|A|1999|2003|Компактвэн|2.0|механика|82|дизель|30ad03b82
Vauxhall|Zafira|A|1999|2003|Компактвэн|2.2|механика|125|дизель|30ad03b82
Vauxhall|Zafira|A|1999|2003|Компактвэн|2.2|механика|147|бензин|30ad03b82
Vauxhall|Zafira|B Рестайлинг|2008|2014|Компактвэн|1.6|механика|115|бензин|51a125992
Vauxhall|Zafira|B Рестайлинг|2008|2014|Компактвэн|1.7|механика|110|дизель|51a125992
Vauxhall|Zafira|B Рестайлинг|2008|2014|Компактвэн|1.7|механика|125|дизель|51a125992
Vauxhall|Zafira|B Рестайлинг|2008|2014|Компактвэн|1.8|механика|140|бензин|51a125992
Vauxhall|Zafira|B|2005|2008|Компактвэн|1.6|механика|105|бензин|3a6ba3380
Vauxhall|Zafira|B|2005|2008|Компактвэн|1.8|механика|140|бензин|3a6ba3380
Vauxhall|Zafira|B|2005|2008|Компактвэн|1.8|робот|140|бензин|3a6ba3380
Vauxhall|Zafira|B|2005|2008|Компактвэн|1.9|механика|120|дизель|3a6ba3380
Vauxhall|Zafira|B|2005|2008|Компактвэн|1.9|механика|150|дизель|3a6ba3380
Vauxhall|Zafira|B|2005|2008|Компактвэн|2.0|механика|200|бензин|3a6ba3380
Vauxhall|Zafira|B|2005|2008|Компактвэн|2.0|механика|240|бензин|3a6ba3380
Vauxhall|Zafira|B|2005|2008|Компактвэн|2.2|автомат|150|бензин|3a6ba3380
Vauxhall|Zafira|B|2005|2008|Компактвэн|2.2|механика|150|бензин|3a6ba3380
Vauxhall|Zafira|C Рестайлинг|2016|2018|Минивэн|1.4|автомат|140|бензин|67fbd9aa1
Vauxhall|Zafira|C Рестайлинг|2016|2018|Минивэн|1.4|механика|140|бензин|67fbd9aa1
Vauxhall|Zafira|C Рестайлинг|2016|2018|Минивэн|1.6|механика|136|дизель|67fbd9aa1
Vauxhall|Zafira|C Рестайлинг|2016|2018|Минивэн|2.0|автомат|170|дизель|67fbd9aa1
Vauxhall|Zafira|C Рестайлинг|2016|2018|Минивэн|2.0|механика|170|дизель|67fbd9aa1
Vauxhall|Zafira|C|2011|2016|Компактвэн|1.4|автомат|140|бензин|49e5e1cc1
Vauxhall|Zafira|C|2011|2016|Компактвэн|1.4|механика|120|бензин|49e5e1cc1
Vauxhall|Zafira|C|2011|2016|Компактвэн|1.4|механика|140|бензин|49e5e1cc1
Vauxhall|Zafira|C|2011|2016|Компактвэн|1.6|автомат|170|бензин|49e5e1cc1
Vauxhall|Zafira|C|2011|2016|Компактвэн|1.6|механика|136|дизель|49e5e1cc1
Vauxhall|Zafira|C|2011|2016|Компактвэн|1.6|механика|170|бензин|49e5e1cc1
Vauxhall|Zafira|C|2011|2016|Компактвэн|1.6|механика|200|бензин|49e5e1cc1
Vauxhall|Zafira|C|2011|2016|Компактвэн|2.0|автомат|130|дизель|49e5e1cc1
Vauxhall|Zafira|C|2011|2016|Компактвэн|2.0|автомат|165|дизель|49e5e1cc1
Vauxhall|Zafira|C|2011|2016|Компактвэн|2.0|механика|110|дизель|49e5e1cc1
Vauxhall|Zafira|C|2011|2016|Компактвэн|2.0|механика|165|дизель|49e5e1cc1
Vauxhall|Zafira|C|2011|2016|Компактвэн|2.0|механика|195|дизель|49e5e1cc1