Volvo|120 Series||1956|1970|Купе|1.8|механика|75|бензин|5b0dea7f4
Volvo|120 Series||1956|1970|Купе|1.8|механика|90|бензин|5b0dea7f4
Volvo|120 Series||1956|1970|Купе|1.8|механика|96|бензин|5b0dea7f4
Volvo|120 Series||1956|1970|Купе|2.0|механика|100|бензин|5b0dea7f4
Volvo|120 Series||1956|1970|Купе|2.0|механика|82|бензин|5b0dea7f4
Volvo|120 Series||1956|1970|Седан|1.6|механика|60|бензин|38a738a9a
Volvo|120 Series||1956|1970|Седан|1.8|механика|75|бензин|38a738a9a
Volvo|120 Series||1956|1970|Универсал 5 дв.|1.8|механика|75|бензин|7832c059c
Volvo|120 Series||1956|1970|Универсал 5 дв.|1.8|механика|90|бензин|7832c059c
Volvo|140 Series||1966|1975|Седан 2 дв.|1.8|механика|101|бензин|07c16001d
Volvo|140 Series||1966|1975|Седан 2 дв.|1.8|механика|75|бензин|07c16001d
Volvo|140 Series||1966|1975|Седан 2 дв.|2.0|механика|101|бензин|07c16001d
Volvo|140 Series||1966|1975|Седан 2 дв.|2.0|механика|116|бензин|07c16001d
Volvo|140 Series||1966|1975|Седан 2 дв.|2.0|механика|82|бензин|07c16001d
Volvo|140 Series||1966|1975|Седан 2 дв.|2.0|механика|95|бензин|07c16001d
Volvo|140 Series||1966|1975|Седан|2.0|автомат|124|бензин|8a76b62b0
Volvo|140 Series||1966|1975|Седан|2.0|механика|124|бензин|8a76b62b0
Volvo|140 Series||1966|1975|Универсал 5 дв.|2.0|механика|101|бензин|1470c175c
Volvo|140 Series||1966|1975|Универсал 5 дв.|2.0|механика|116|бензин|1470c175c
Volvo|140 Series||1966|1975|Универсал 5 дв.|2.0|механика|124|СУГ|1470c175c
Volvo|140 Series||1966|1975|Универсал 5 дв.|2.0|механика|82|бензин|1470c175c
Volvo|164||1968|1974|Седан|2.9|механика|131|бензин|af8326a1d
Volvo|164||1968|1974|Седан|2.9|механика|160|бензин|af8326a1d
Volvo|240 Series||1974|1993|Седан 2 дв.|2.0|механика|82|бензин|40f4582a2
Volvo|240 Series||1974|1993|Седан 2 дв.|2.1|автомат|122|бензин|40f4582a2
Volvo|240 Series||1974|1993|Седан 2 дв.|2.1|механика|122|бензин|40f4582a2
Volvo|240 Series||1974|1993|Седан 2 дв.|2.3|механика|140|бензин|40f4582a2
Volvo|240 Series||1974|1993|Седан|2.0|механика|101|бензин|22cc9f970
Volvo|240 Series||1974|1993|Седан|2.0|механика|82|бензин|22cc9f970
Volvo|240 Series||1974|1993|Седан|2.0|механика|90|бензин|22cc9f970
Volvo|240 Series||1974|1993|Седан|2.0|механика|95|бензин|22cc9f970
Volvo|240 Series||1974|1993|Седан|2.1|автомат|122|бензин|22cc9f970
Volvo|240 Series||1974|1993|Седан|2.1|механика|100|бензин|22cc9f970
Volvo|240 Series||1974|1993|Седан|2.1|механика|107|бензин|22cc9f970
Volvo|240 Series||1974|1993|Седан|2.1|механика|122|бензин|22cc9f970
Volvo|240 Series||1974|1993|Седан|2.1|механика|155|бензин|22cc9f970
Volvo|240 Series||1974|1993|Седан|2.3|автомат|113|бензин|22cc9f970
Volvo|240 Series||1974|1993|Седан|2.3|автомат|115|бензин|22cc9f970
Volvo|240 Series||1974|1993|Седан|2.3|автомат|131|бензин|22cc9f970
Volvo|240 Series||1974|1993|Седан|2.3|автомат|136|бензин|22cc9f970
Volvo|240 Series||1974|1993|Седан|2.3|автомат|140|бензин|22cc9f970
Volvo|240 Series||1974|1993|Седан|2.3|механика|113|бензин|22cc9f970
Volvo|240 Series||1974|1993|Седан|2.3|механика|115|бензин|22cc9f970
Volvo|240 Series||1974|1993|Седан|2.3|механика|131|бензин|22cc9f970
Volvo|240 Series||1974|1993|Седан|2.3|механика|136|бензин|22cc9f970
Volvo|240 Series||1974|1993|Седан|2.3|механика|140|бензин|22cc9f970
Volvo|240 Series||1974|1993|Седан|2.4|механика|82|дизель|22cc9f970
Volvo|240 Series||1974|1993|Седан|2.7|механика|140|бензин|22cc9f970
Volvo|240 Series||1974|1993|Универсал 5 дв.|2.0|автомат|97|бензин|fd97132b9
Volvo|240 Series||1974|1993|Универсал 5 дв.|2.0|механика|101|бензин|fd97132b9
Volvo|240 Series||1974|1993|Универсал 5 дв.|2.0|механика|112|бензин|fd97132b9
Volvo|240 Series||1974|1993|Универсал 5 дв.|2.0|механика|82|бензин|fd97132b9
Volvo|240 Series||1974|1993|Универсал 5 дв.|2.0|механика|90|бензин|fd97132b9
Volvo|240 Series||1974|1993|Универсал 5 дв.|2.0|механика|97|бензин|fd97132b9
Volvo|240 Series||1974|1993|Универсал 5 дв.|2.1|автомат|107|бензин|fd97132b9
Volvo|240 Series||1974|1993|Универсал 5 дв.|2.1|автомат|122|бензин|fd97132b9
Volvo|240 Series||1974|1993|Универсал 5 дв.|2.1|автомат|155|бензин|fd97132b9
Volvo|240 Series||1974|1993|Универсал 5 дв.|2.1|механика|100|бензин|fd97132b9
Volvo|240 Series||1974|1993|Универсал 5 дв.|2.1|механика|107|бензин|fd97132b9
Volvo|240 Series||1974|1993|Универсал 5 дв.|2.1|механика|122|бензин|fd97132b9
Volvo|240 Series||1974|1993|Универсал 5 дв.|2.1|механика|155|бензин|fd97132b9
Volvo|240 Series||1974|1993|Универсал 5 дв.|2.1|механика|97|бензин|fd97132b9
Volvo|240 Series||1974|1993|Универсал 5 дв.|2.3|автомат|113|бензин|fd97132b9
Volvo|240 Series||1974|1993|Универсал 5 дв.|2.3|автомат|115|бензин|fd97132b9
Volvo|240 Series||1974|1993|Универсал 5 дв.|2.3|автомат|131|бензин|fd97132b9
Volvo|240 Series||1974|1993|Универсал 5 дв.|2.3|автомат|133|бензин|fd97132b9
Volvo|240 Series||1974|1993|Универсал 5 дв.|2.3|автомат|136|бензин|fd97132b9
Volvo|240 Series||1974|1993|Универсал 5 дв.|2.3|механика|113|бензин|fd97132b9
Volvo|240 Series||1974|1993|Универсал 5 дв.|2.3|механика|115|бензин|fd97132b9
Volvo|240 Series||1974|1993|Универсал 5 дв.|2.3|механика|133|бензин|fd97132b9
Volvo|240 Series||1974|1993|Универсал 5 дв.|2.3|механика|136|бензин|fd97132b9
Volvo|240 Series||1974|1993|Универсал 5 дв.|2.4|механика|79|дизель|fd97132b9
Volvo|240 Series||1974|1993|Универсал 5 дв.|2.4|механика|82|дизель|fd97132b9
Volvo|240 Series||1974|1993|Универсал 5 дв.|2.7|автомат|140|бензин|fd97132b9
Volvo|240 Series||1974|1993|Универсал 5 дв.|2.7|механика|140|бензин|fd97132b9
Volvo|260 Series||1974|1982|Седан 2 дв.|2.7|автомат|140|бензин|14feaabe7
Volvo|260 Series||1974|1982|Седан 2 дв.|2.7|механика|140|бензин|14feaabe7
Volvo|260 Series||1974|1982|Седан|2.7|автомат|125|бензин|9a56b23a4
Volvo|260 Series||1974|1982|Седан|2.7|автомат|140|бензин|9a56b23a4
Volvo|260 Series||1974|1982|Седан|2.7|автомат|148|бензин|9a56b23a4
Volvo|260 Series||1974|1982|Седан|2.7|механика|125|бензин|9a56b23a4
Volvo|260 Series||1974|1982|Седан|2.7|механика|140|бензин|9a56b23a4
Volvo|260 Series||1974|1982|Седан|2.7|механика|148|бензин|9a56b23a4
Volvo|260 Series||1974|1982|Седан|2.8|автомат|129|бензин|9a56b23a4
Volvo|260 Series||1974|1982|Седан|2.8|автомат|155|бензин|9a56b23a4
Volvo|260 Series||1974|1982|Седан|2.8|механика|129|бензин|9a56b23a4
Volvo|260 Series||1974|1982|Седан|2.8|механика|155|бензин|9a56b23a4
Volvo|260 Series||1974|1982|Универсал 5 дв.|2.7|автомат|125|бензин|1b1c24503
Volvo|260 Series||1974|1982|Универсал 5 дв.|2.7|автомат|140|бензин|1b1c24503
Volvo|260 Series||1974|1982|Универсал 5 дв.|2.7|автомат|148|бензин|1b1c24503
Volvo|260 Series||1974|1982|Универсал 5 дв.|2.7|механика|125|бензин|1b1c24503
Volvo|260 Series||1974|1982|Универсал 5 дв.|2.7|механика|140|бензин|1b1c24503
Volvo|260 Series||1974|1982|Универсал 5 дв.|2.7|механика|148|бензин|1b1c24503
Volvo|260 Series||1974|1982|Универсал 5 дв.|2.8|автомат|155|бензин|1b1c24503
Volvo|260 Series||1974|1982|Универсал 5 дв.|2.8|механика|155|бензин|1b1c24503
Volvo|300 Series||1975|1991|Седан|1.4|вариатор|68|бензин|c487cf253
Volvo|300 Series||1975|1991|Седан|1.4|вариатор|69|бензин|c487cf253
Volvo|300 Series||1975|1991|Седан|1.4|вариатор|72|бензин|c487cf253
Volvo|300 Series||1975|1991|Седан|1.4|механика|63|бензин|c487cf253
Volvo|300 Series||1975|1991|Седан|1.4|механика|68|бензин|c487cf253
Volvo|300 Series||1975|1991|Седан|1.4|механика|69|бензин|c487cf253
Volvo|300 Series||1975|1991|Седан|1.4|механика|72|бензин|c487cf253
Volvo|300 Series||1975|1991|Седан|1.6|механика|54|дизель|c487cf253
Volvo|300 Series||1975|1991|Седан|1.6|механика|55|дизель|c487cf253
Volvo|300 Series||1975|1991|Седан|1.7|механика|80|бензин|c487cf253
Volvo|300 Series||1975|1991|Седан|1.7|механика|82|бензин|c487cf253
Volvo|300 Series||1975|1991|Седан|2.0|механика|101|бензин|c487cf253
Volvo|300 Series||1975|1991|Седан|2.0|механика|102|бензин|c487cf253
Volvo|300 Series||1975|1991|Седан|2.0|механика|110|бензин|c487cf253
Volvo|300 Series||1975|1991|Седан|2.0|механика|112|бензин|c487cf253
Volvo|300 Series||1975|1991|Седан|2.0|механика|116|бензин|c487cf253
Volvo|300 Series||1975|1991|Седан|2.0|механика|92|бензин|c487cf253
Volvo|300 Series||1975|1991|Хэтчбек 3 дв.|1.4|вариатор|64|бензин|0a573b059
Volvo|300 Series||1975|1991|Хэтчбек 3 дв.|1.4|вариатор|68|бензин|0a573b059
Volvo|300 Series||1975|1991|Хэтчбек 3 дв.|1.4|вариатор|69|бензин|0a573b059
Volvo|300 Series||1975|1991|Хэтчбек 3 дв.|1.4|вариатор|70|бензин|0a573b059
Volvo|300 Series||1975|1991|Хэтчбек 3 дв.|1.4|вариатор|72|бензин|0a573b059
Volvo|300 Series||1975|1991|Хэтчбек 3 дв.|1.4|механика|64|бензин|0a573b059
Volvo|300 Series||1975|1991|Хэтчбек 3 дв.|1.4|механика|68|бензин|0a573b059
Volvo|300 Series||1975|1991|Хэтчбек 3 дв.|1.4|механика|69|бензин|0a573b059
Volvo|300 Series||1975|1991|Хэтчбек 3 дв.|1.4|механика|70|бензин|0a573b059
Volvo|300 Series||1975|1991|Хэтчбек 3 дв.|1.4|механика|72|бензин|0a573b059
Volvo|300 Series||1975|1991|Хэтчбек 3 дв.|1.6|механика|54|дизель|0a573b059
Volvo|300 Series||1975|1991|Хэтчбек 3 дв.|1.6|механика|55|дизель|0a573b059
Volvo|300 Series||1975|1991|Хэтчбек 3 дв.|1.7|механика|80|бензин|0a573b059
Volvo|300 Series||1975|1991|Хэтчбек 3 дв.|1.7|механика|82|бензин|0a573b059
Volvo|300 Series||1975|1991|Хэтчбек 3 дв.|2.0|механика|102|бензин|0a573b059
Volvo|300 Series||1975|1991|Хэтчбек 3 дв.|2.0|механика|112|бензин|0a573b059
Volvo|300 Series||1975|1991|Хэтчбек 3 дв.|2.0|механика|116|бензин|0a573b059
Volvo|300 Series||1975|1991|Хэтчбек 3 дв.|2.0|механика|92|бензин|0a573b059
Volvo|300 Series||1975|1991|Хэтчбек 3 дв.|2.0|механика|95|бензин|0a573b059
Volvo|300 Series||1975|1991|Хэтчбек 5 дв.|1.4|вариатор|64|бензин|50fa4b39d
Volvo|300 Series||1975|1991|Хэтчбек 5 дв.|1.4|вариатор|68|бензин|50fa4b39d
Volvo|300 Series||1975|1991|Хэтчбек 5 дв.|1.4|вариатор|69|бензин|50fa4b39d
Volvo|300 Series||1975|1991|Хэтчбек 5 дв.|1.4|вариатор|72|бензин|50fa4b39d
Volvo|300 Series||1975|1991|Хэтчбек 5 дв.|1.4|механика|64|бензин|50fa4b39d
Volvo|300 Series||1975|1991|Хэтчбек 5 дв.|1.4|механика|68|бензин|50fa4b39d
Volvo|300 Series||1975|1991|Хэтчбек 5 дв.|1.4|механика|69|бензин|50fa4b39d
Volvo|300 Series||1975|1991|Хэтчбек 5 дв.|1.4|механика|70|бензин|50fa4b39d
Volvo|300 Series||1975|1991|Хэтчбек 5 дв.|1.4|механика|71|бензин|50fa4b39d
Volvo|300 Series||1975|1991|Хэтчбек 5 дв.|1.4|механика|72|бензин|50fa4b39d
Volvo|300 Series||1975|1991|Хэтчбек 5 дв.|1.6|механика|54|дизель|50fa4b39d
Volvo|300 Series||1975|1991|Хэтчбек 5 дв.|1.6|механика|55|дизель|50fa4b39d
Volvo|300 Series||1975|1991|Хэтчбек 5 дв.|1.7|механика|80|бензин|50fa4b39d
Volvo|300 Series||1975|1991|Хэтчбек 5 дв.|1.7|механика|82|бензин|50fa4b39d
Volvo|300 Series||1975|1991|Хэтчбек 5 дв.|2.0|механика|102|бензин|50fa4b39d
Volvo|300 Series||1975|1991|Хэтчбек 5 дв.|2.0|механика|112|бензин|50fa4b39d
Volvo|300 Series||1975|1991|Хэтчбек 5 дв.|2.0|механика|116|бензин|50fa4b39d
Volvo|300 Series||1975|1991|Хэтчбек 5 дв.|2.0|механика|92|бензин|50fa4b39d
Volvo|300 Series||1975|1991|Хэтчбек 5 дв.|2.0|механика|95|бензин|50fa4b39d
Volvo|440||1988|1997|Хэтчбек 5 дв.|1.6|механика|82|бензин|72f6077db
Volvo|440||1988|1997|Хэтчбек 5 дв.|1.7|автомат|106|бензин|72f6077db
Volvo|440||1988|1997|Хэтчбек 5 дв.|1.7|механика|102|бензин|72f6077db
Volvo|440||1988|1997|Хэтчбек 5 дв.|1.7|механика|106|бензин|72f6077db
Volvo|440||1988|1997|Хэтчбек 5 дв.|1.7|механика|120|бензин|72f6077db
Volvo|440||1988|1997|Хэтчбек 5 дв.|1.7|механика|82|бензин|72f6077db
Volvo|440||1988|1997|Хэтчбек 5 дв.|1.7|механика|87|бензин|72f6077db
Volvo|440||1988|1997|Хэтчбек 5 дв.|1.7|механика|90|бензин|72f6077db
Volvo|440||1988|1997|Хэтчбек 5 дв.|1.7|механика|95|бензин|72f6077db
Volvo|440||1988|1997|Хэтчбек 5 дв.|1.8|механика|90|бензин|72f6077db
Volvo|440||1988|1997|Хэтчбек 5 дв.|1.9|механика|90|дизель|72f6077db
Volvo|440||1988|1997|Хэтчбек 5 дв.|2.0|автомат|109|бензин|72f6077db
Volvo|440||1988|1997|Хэтчбек 5 дв.|2.0|механика|109|бензин|72f6077db
Volvo|440||1988|1997|Хэтчбек 5 дв.|2.0|механика|110|бензин|72f6077db
Volvo|460||1988|1997|Седан|1.6|механика|82|бензин|b2bfd9601
Volvo|460||1988|1997|Седан|1.7|автомат|102|бензин|b2bfd9601
Volvo|460||1988|1997|Седан|1.7|механика|102|бензин|b2bfd9601
Volvo|460||1988|1997|Седан|1.7|механика|106|бензин|b2bfd9601
Volvo|460||1988|1997|Седан|1.7|механика|120|бензин|b2bfd9601
Volvo|460||1988|1997|Седан|1.7|механика|87|бензин|b2bfd9601
Volvo|460||1988|1997|Седан|1.7|механика|90|бензин|b2bfd9601
Volvo|460||1988|1997|Седан|1.8|вариатор|90|бензин|b2bfd9601
Volvo|460||1988|1997|Седан|1.8|механика|90|бензин|b2bfd9601
Volvo|460||1988|1997|Седан|1.9|механика|90|дизель|b2bfd9601
Volvo|460||1988|1997|Седан|2.0|автомат|109|бензин|b2bfd9601
Volvo|460||1988|1997|Седан|2.0|автомат|110|бензин|b2bfd9601
Volvo|460||1988|1997|Седан|2.0|механика|109|бензин|b2bfd9601
Volvo|460||1988|1997|Седан|2.0|механика|110|бензин|b2bfd9601
Volvo|480||1986|1996|Купе|1.7|автомат|102|бензин|65b803763
Volvo|480||1986|1996|Купе|1.7|автомат|109|бензин|65b803763
Volvo|480||1986|1996|Купе|1.7|механика|102|бензин|65b803763
Volvo|480||1986|1996|Купе|1.7|механика|109|бензин|65b803763
Volvo|480||1986|1996|Купе|1.7|механика|120|бензин|65b803763
Volvo|480||1986|1996|Купе|2.0|автомат|109|бензин|65b803763
Volvo|480||1986|1996|Купе|2.0|автомат|110|бензин|65b803763
Volvo|480||1986|1996|Купе|2.0|механика|109|бензин|65b803763
Volvo|480||1986|1996|Купе|2.0|механика|110|бензин|65b803763
Volvo|66||1975|1979|Седан|1.1|вариатор|66|бензин|709fd19ac
Volvo|66||1975|1979|Седан|1.3|вариатор|57|бензин|709fd19ac
Volvo|66||1975|1979|Универсал 3 дв.|1.1|вариатор|45|бензин|10060eb71
Volvo|66||1975|1979|Универсал 3 дв.|1.3|вариатор|57|бензин|10060eb71
Volvo|740||1983|1992|Седан|2.0|механика|103|бензин|5f9b7e867
Volvo|740||1983|1992|Седан|2.0|механика|112|бензин|5f9b7e867
Volvo|740||1983|1992|Седан|2.0|механика|160|бензин|5f9b7e867
Volvo|740||1983|1992|Седан|2.3|автомат|113|бензин|5f9b7e867
Volvo|740||1983|1992|Седан|2.3|автомат|115|бензин|5f9b7e867
Volvo|740||1983|1992|Седан|2.3|автомат|117|бензин|5f9b7e867
Volvo|740||1983|1992|Седан|2.3|автомат|131|бензин|5f9b7e867
Volvo|740||1983|1992|Седан|2.3|автомат|136|бензин|5f9b7e867
Volvo|740||1983|1992|Седан|2.3|автомат|151|бензин|5f9b7e867
Volvo|740||1983|1992|Седан|2.3|автомат|156|бензин|5f9b7e867
Volvo|740||1983|1992|Седан|2.3|автомат|159|бензин|5f9b7e867
Volvo|740||1983|1992|Седан|2.3|автомат|165|бензин|5f9b7e867
Volvo|740||1983|1992|Седан|2.3|автомат|190|бензин|5f9b7e867
Volvo|740||1983|1992|Седан|2.3|механика|113|бензин|5f9b7e867
Volvo|740||1983|1992|Седан|2.3|механика|115|бензин|5f9b7e867
Volvo|740||1983|1992|Седан|2.3|механика|117|бензин|5f9b7e867
Volvo|740||1983|1992|Седан|2.3|механика|131|бензин|5f9b7e867
Volvo|740||1983|1992|Седан|2.3|механика|136|бензин|5f9b7e867
Volvo|740||1983|1992|Седан|2.3|механика|151|бензин|5f9b7e867
Volvo|740||1983|1992|Седан|2.3|механика|156|бензин|5f9b7e867
Volvo|740||1983|1992|Седан|2.3|механика|159|бензин|5f9b7e867
Volvo|740||1983|1992|Седан|2.3|механика|165|бензин|5f9b7e867
Volvo|740||1983|1992|Седан|2.3|механика|190|бензин|5f9b7e867
Volvo|740||1983|1992|Седан|2.4|автомат|109|дизель|5f9b7e867
Volvo|740||1983|1992|Седан|2.4|механика|109|дизель|5f9b7e867
Volvo|740||1983|1992|Седан|2.4|механика|82|дизель|5f9b7e867
Volvo|740||1983|1992|Универсал 5 дв.|2.0|автомат|112|бензин|c353d0475
Volvo|740||1983|1992|Универсал 5 дв.|2.0|механика|112|бензин|c353d0475
Volvo|740||1983|1992|Универсал 5 дв.|2.0|механика|160|бензин|c353d0475
Volvo|740||1983|1992|Универсал 5 дв.|2.3|автомат|113|бензин|c353d0475
Volvo|740||1983|1992|Универсал 5 дв.|2.3|автомат|131|бензин|c353d0475
Volvo|740||1983|1992|Универсал 5 дв.|2.3|автомат|136|бензин|c353d0475
Volvo|740||1983|1992|Универсал 5 дв.|2.3|автомат|151|бензин|c353d0475
Volvo|740||1983|1992|Универсал 5 дв.|2.3|автомат|156|бензин|c353d0475
Volvo|740||1983|1992|Универсал 5 дв.|2.3|автомат|159|бензин|c353d0475
Volvo|740||1983|1992|Универсал 5 дв.|2.3|автомат|165|бензин|c353d0475
Volvo|740||1983|1992|Универсал 5 дв.|2.3|автомат|182|бензин|c353d0475
Volvo|740||1983|1992|Универсал 5 дв.|2.3|автомат|190|бензин|c353d0475
Volvo|740||1983|1992|Универсал 5 дв.|2.3|механика|113|бензин|c353d0475
Volvo|740||1983|1992|Универсал 5 дв.|2.3|механика|131|бензин|c353d0475
Volvo|740||1983|1992|Универсал 5 дв.|2.3|механика|136|бензин|c353d0475
Volvo|740||1983|1992|Универсал 5 дв.|2.3|механика|151|бензин|c353d0475
Volvo|740||1983|1992|Универсал 5 дв.|2.3|механика|156|бензин|c353d0475
Volvo|740||1983|1992|Универсал 5 дв.|2.3|механика|159|бензин|c353d0475
Volvo|740||1983|1992|Универсал 5 дв.|2.3|механика|165|бензин|c353d0475
Volvo|740||1983|1992|Универсал 5 дв.|2.3|механика|182|бензин|c353d0475
Volvo|740||1983|1992|Универсал 5 дв.|2.3|механика|190|бензин|c353d0475
Volvo|740||1983|1992|Универсал 5 дв.|2.4|автомат|109|дизель|c353d0475
Volvo|740||1983|1992|Универсал 5 дв.|2.4|механика|109|дизель|c353d0475
Volvo|740||1983|1992|Универсал 5 дв.|2.4|механика|122|дизель|c353d0475
Volvo|740||1983|1992|Универсал 5 дв.|2.4|механика|82|дизель|c353d0475
Volvo|760||1982|1992|Седан|2.3|автомат|165|бензин|7fb22984d
Volvo|760||1982|1992|Седан|2.3|автомат|173|бензин|7fb22984d
Volvo|760||1982|1992|Седан|2.3|автомат|182|бензин|7fb22984d
Volvo|760||1982|1992|Седан|2.3|механика|165|бензин|7fb22984d
Volvo|760||1982|1992|Седан|2.3|механика|173|бензин|7fb22984d
Volvo|760||1982|1992|Седан|2.3|механика|182|бензин|7fb22984d
Volvo|760||1982|1992|Седан|2.4|автомат|112|дизель|7fb22984d
Volvo|760||1982|1992|Седан|2.4|механика|109|дизель|7fb22984d
Volvo|760||1982|1992|Седан|2.4|механика|112|дизель|7fb22984d
Volvo|760||1982|1992|Седан|2.4|механика|115|дизель|7fb22984d
Volvo|760||1982|1992|Седан|2.8|автомат|143|бензин|7fb22984d
Volvo|760||1982|1992|Седан|2.8|автомат|156|бензин|7fb22984d
Volvo|760||1982|1992|Седан|2.8|механика|143|бензин|7fb22984d
Volvo|760||1982|1992|Седан|2.8|механика|156|бензин|7fb22984d
Volvo|760||1982|1992|Седан|2.9|автомат|147|бензин|7fb22984d
Volvo|760||1982|1992|Седан|2.9|автомат|170|бензин|7fb22984d
Volvo|760||1982|1992|Седан|2.9|механика|147|бензин|7fb22984d
Volvo|760||1982|1992|Универсал 5 дв.|2.3|автомат|165|бензин|24707d998
Volvo|760||1982|1992|Универсал 5 дв.|2.3|автомат|182|бензин|24707d998
Volvo|760||1982|1992|Универсал 5 дв.|2.3|механика|165|бензин|24707d998
Volvo|760||1982|1992|Универсал 5 дв.|2.3|механика|182|бензин|24707d998
Volvo|760||1982|1992|Универсал 5 дв.|2.4|автомат|115|дизель|24707d998
Volvo|760||1982|1992|Универсал 5 дв.|2.4|механика|115|дизель|24707d998
Volvo|760||1982|1992|Универсал 5 дв.|2.8|автомат|143|бензин|24707d998
Volvo|760||1982|1992|Универсал 5 дв.|2.8|автомат|156|бензин|24707d998
Volvo|760||1982|1992|Универсал 5 дв.|2.8|механика|143|бензин|24707d998
Volvo|760||1982|1992|Универсал 5 дв.|2.8|механика|156|бензин|24707d998
Volvo|780||1986|1991|Седан 2 дв.|2.3|автомат|160|бензин|7cb776021
Volvo|780||1986|1991|Седан 2 дв.|2.3|механика|160|бензин|7cb776021
Volvo|780||1986|1991|Седан 2 дв.|2.9|автомат|147|бензин|7cb776021
Volvo|780||1986|1991|Седан 2 дв.|2.9|автомат|156|бензин|7cb776021
Volvo|780||1986|1991|Седан 2 дв.|2.9|механика|147|бензин|7cb776021
Volvo|780||1986|1991|Седан 2 дв.|2.9|механика|156|бензин|7cb776021
Volvo|850||1991|1997|Седан|2.0|автомат|126|бензин|f0c1e50f6
Volvo|850||1991|1997|Седан|2.0|механика|126|бензин|f0c1e50f6
Volvo|850||1991|1997|Седан|2.0|механика|143|бензин|f0c1e50f6
Volvo|850||1991|1997|Седан|2.0|механика|210|бензин|f0c1e50f6
Volvo|850||1991|1997|Седан|2.3|автомат|225|бензин|f0c1e50f6
Volvo|850||1991|1997|Седан|2.3|автомат|240|бензин|f0c1e50f6
Volvo|850||1991|1997|Седан|2.3|автомат|250|бензин|f0c1e50f6
Volvo|850||1991|1997|Седан|2.3|механика|225|бензин|f0c1e50f6
Volvo|850||1991|1997|Седан|2.3|механика|240|бензин|f0c1e50f6
Volvo|850||1991|1997|Седан|2.3|механика|250|бензин|f0c1e50f6
Volvo|850||1991|1997|Седан|2.4|автомат|140|бензин|f0c1e50f6
Volvo|850||1991|1997|Седан|2.4|автомат|144|бензин|f0c1e50f6
Volvo|850||1991|1997|Седан|2.4|автомат|170|бензин|f0c1e50f6
Volvo|850||1991|1997|Седан|2.4|автомат|193|бензин|f0c1e50f6
Volvo|850||1991|1997|Седан|2.4|механика|140|бензин|f0c1e50f6
Volvo|850||1991|1997|Седан|2.4|механика|144|бензин|f0c1e50f6
Volvo|850||1991|1997|Седан|2.4|механика|170|бензин|f0c1e50f6
Volvo|850||1991|1997|Седан|2.4|механика|193|бензин|f0c1e50f6
Volvo|850||1991|1997|Седан|2.5|автомат|140|дизель|f0c1e50f6
Volvo|850||1991|1997|Седан|2.5|механика|140|дизель|f0c1e50f6
Volvo|850||1991|1997|Универсал 5 дв.|2.0|автомат|126|бензин|330d0be7f
Volvo|850||1991|1997|Универсал 5 дв.|2.0|автомат|143|бензин|330d0be7f
Volvo|850||1991|1997|Универсал 5 дв.|2.0|механика|126|бензин|330d0be7f
Volvo|850||1991|1997|Универсал 5 дв.|2.0|механика|143|бензин|330d0be7f
Volvo|850||1991|1997|Универсал 5 дв.|2.0|механика|210|бензин|330d0be7f
Volvo|850||1991|1997|Универсал 5 дв.|2.3|автомат|225|бензин|330d0be7f
Volvo|850||1991|1997|Универсал 5 дв.|2.3|автомат|240|бензин|330d0be7f
Volvo|850||1991|1997|Универсал 5 дв.|2.3|механика|225|бензин|330d0be7f
Volvo|850||1991|1997|Универсал 5 дв.|2.3|механика|240|бензин|330d0be7f
Volvo|850||1991|1997|Универсал 5 дв.|2.3|механика|250|бензин|330d0be7f
Volvo|850||1991|1997|Универсал 5 дв.|2.4|автомат|140|бензин|330d0be7f
Volvo|850||1991|1997|Универсал 5 дв.|2.4|автомат|144|бензин|330d0be7f
Volvo|850||1991|1997|Универсал 5 дв.|2.4|автомат|170|бензин|330d0be7f
Volvo|850||1991|1997|Универсал 5 дв.|2.4|автомат|193|бензин|330d0be7f
Volvo|850||1991|1997|Универсал 5 дв.|2.4|механика|140|бензин|330d0be7f
Volvo|850||1991|1997|Универсал 5 дв.|2.4|механика|144|бензин|330d0be7f
Volvo|850||1991|1997|Универсал 5 дв.|2.4|механика|170|бензин|330d0be7f
Volvo|850||1991|1997|Универсал 5 дв.|2.5|автомат|140|дизель|330d0be7f
Volvo|850||1991|1997|Универсал 5 дв.|2.5|механика|140|дизель|330d0be7f
Volvo|940||1988|1998|Седан|2.0|автомат|111|бензин|dab284dff
Volvo|940||1988|1998|Седан|2.0|механика|111|бензин|dab284dff
Volvo|940||1988|1998|Седан|2.0|механика|190|бензин|dab284dff
Volvo|940||1988|1998|Седан|2.3|автомат|116|бензин|dab284dff
Volvo|940||1988|1998|Седан|2.3|автомат|131|бензин|dab284dff
Volvo|940||1988|1998|Седан|2.3|автомат|135|бензин|dab284dff
Volvo|940||1988|1998|Седан|2.3|автомат|155|бензин|dab284dff
Volvo|940||1988|1998|Седан|2.3|автомат|165|бензин|dab284dff
Volvo|940||1988|1998|Седан|2.3|механика|116|бензин|dab284dff
Volvo|940||1988|1998|Седан|2.3|механика|131|бензин|dab284dff
Volvo|940||1988|1998|Седан|2.3|механика|135|бензин|dab284dff
Volvo|940||1988|1998|Седан|2.3|механика|155|бензин|dab284dff
Volvo|940||1988|1998|Седан|2.3|механика|165|бензин|dab284dff
Volvo|940||1988|1998|Седан|2.4|автомат|109|дизель|dab284dff
Volvo|940||1988|1998|Седан|2.4|автомат|122|дизель|dab284dff
Volvo|940||1988|1998|Седан|2.4|автомат|165|дизель|dab284dff
Volvo|940||1988|1998|Седан|2.4|механика|109|дизель|dab284dff
Volvo|940||1988|1998|Седан|2.4|механика|122|дизель|dab284dff
Volvo|940||1988|1998|Седан|2.4|механика|165|дизель|dab284dff
Volvo|940||1988|1998|Седан|2.4|механика|82|дизель|dab284dff
Volvo|940||1988|1998|Седан|2.9|автомат|147|бензин|dab284dff
Volvo|940||1988|1998|Седан|2.9|автомат|170|бензин|dab284dff
Volvo|940||1988|1998|Универсал 5 дв.|2.0|механика|111|бензин|0cd509585
Volvo|940||1988|1998|Универсал 5 дв.|2.0|механика|190|бензин|0cd509585
Volvo|940||1988|1998|Универсал 5 дв.|2.3|автомат|116|бензин|0cd509585
Volvo|940||1988|1998|Универсал 5 дв.|2.3|автомат|131|бензин|0cd509585
Volvo|940||1988|1998|Универсал 5 дв.|2.3|автомат|135|бензин|0cd509585
Volvo|940||1988|1998|Универсал 5 дв.|2.3|автомат|155|бензин|0cd509585
Volvo|940||1988|1998|Универсал 5 дв.|2.3|автомат|165|бензин|0cd509585
Volvo|940||1988|1998|Универсал 5 дв.|2.3|механика|131|бензин|0cd509585
Volvo|940||1988|1998|Универсал 5 дв.|2.3|механика|135|бензин|0cd509585
Volvo|940||1988|1998|Универсал 5 дв.|2.3|механика|155|бензин|0cd509585
Volvo|940||1988|1998|Универсал 5 дв.|2.3|механика|165|бензин|0cd509585
Volvo|940||1988|1998|Универсал 5 дв.|2.4|автомат|109|дизель|0cd509585
Volvo|940||1988|1998|Универсал 5 дв.|2.4|автомат|122|дизель|0cd509585
Volvo|940||1988|1998|Универсал 5 дв.|2.4|механика|109|дизель|0cd509585
Volvo|940||1988|1998|Универсал 5 дв.|2.4|механика|122|дизель|0cd509585
Volvo|940||1988|1998|Универсал 5 дв.|2.4|механика|82|дизель|0cd509585
Volvo|960|I Рестайлинг|1994|1997|Седан|2.0|механика|190|бензин|5dde2b456
Volvo|960|I Рестайлинг|1994|1997|Седан|2.4|автомат|115|дизель|5dde2b456
Volvo|960|I Рестайлинг|1994|1997|Седан|2.4|механика|115|дизель|5dde2b456
Volvo|960|I Рестайлинг|1994|1997|Седан|2.5|автомат|170|бензин|5dde2b456
Volvo|960|I Рестайлинг|1994|1997|Седан|2.5|механика|170|бензин|5dde2b456
Volvo|960|I Рестайлинг|1994|1997|Седан|2.9|автомат|204|бензин|5dde2b456
Volvo|960|I Рестайлинг|1994|1997|Универсал 5 дв.|2.0|механика|190|бензин|f493487fb
Volvo|960|I Рестайлинг|1994|1997|Универсал 5 дв.|2.4|автомат|115|дизель|f493487fb
Volvo|960|I Рестайлинг|1994|1997|Универсал 5 дв.|2.4|механика|115|дизель|f493487fb
Volvo|960|I Рестайлинг|1994|1997|Универсал 5 дв.|2.5|автомат|170|бензин|f493487fb
Volvo|960|I Рестайлинг|1994|1997|Универсал 5 дв.|2.5|механика|170|бензин|f493487fb
Volvo|960|I Рестайлинг|1994|1997|Универсал 5 дв.|2.9|автомат|204|бензин|f493487fb
Volvo|960|I|1990|1994|Седан|2.0|механика|190|бензин|13c41cbb8
Volvo|960|I|1990|1994|Седан|2.4|автомат|115|дизель|13c41cbb8
Volvo|960|I|1990|1994|Седан|2.4|механика|115|дизель|13c41cbb8
Volvo|960|I|1990|1994|Седан|2.5|автомат|170|бензин|13c41cbb8
Volvo|960|I|1990|1994|Седан|2.5|механика|170|бензин|13c41cbb8
Volvo|960|I|1990|1994|Седан|2.9|автомат|170|бензин|13c41cbb8
Volvo|960|I|1990|1994|Седан|2.9|автомат|204|бензин|13c41cbb8
Volvo|960|I|1990|1994|Универсал 5 дв.|2.0|механика|190|бензин|8c19274d3
Volvo|960|I|1990|1994|Универсал 5 дв.|2.4|автомат|115|дизель|8c19274d3
Volvo|960|I|1990|1994|Универсал 5 дв.|2.4|механика|115|дизель|8c19274d3
Volvo|960|I|1990|1994|Универсал 5 дв.|2.5|автомат|170|бензин|8c19274d3
Volvo|960|I|1990|1994|Универсал 5 дв.|2.5|механика|170|бензин|8c19274d3
Volvo|960|I|1990|1994|Универсал 5 дв.|2.9|автомат|204|бензин|8c19274d3
Volvo|C30|I Рестайлинг|2010|2013|Хэтчбек 3 дв.|1.6|механика|100|бензин|f57886397
Volvo|C30|I Рестайлинг|2010|2013|Хэтчбек 3 дв.|1.6|механика|109|дизель|f57886397
Volvo|C30|I Рестайлинг|2010|2013|Хэтчбек 3 дв.|2.0|механика|136|дизель|f57886397
Volvo|C30|I Рестайлинг|2010|2013|Хэтчбек 3 дв.|2.0|механика|145|бензин|f57886397
Volvo|C30|I Рестайлинг|2010|2013|Хэтчбек 3 дв.|2.0|робот|136|дизель|f57886397
Volvo|C30|I Рестайлинг|2010|2013|Хэтчбек 3 дв.|2.0|робот|145|бензин|f57886397
Volvo|C30|I Рестайлинг|2010|2013|Хэтчбек 3 дв.|2.4|автомат|170|бензин|f57886397
Volvo|C30|I Рестайлинг|2010|2013|Хэтчбек 3 дв.|2.4|автомат|180|дизель|f57886397
Volvo|C30|I Рестайлинг|2010|2013|Хэтчбек 3 дв.|2.4|механика|170|бензин|f57886397
Volvo|C30|I Рестайлинг|2010|2013|Хэтчбек 3 дв.|2.4|механика|180|дизель|f57886397
Volvo|C30|I Рестайлинг|2010|2013|Хэтчбек 3 дв.|2.5|автомат|230|бензин|f57886397
Volvo|C30|I Рестайлинг|2010|2013|Хэтчбек 3 дв.|2.5|механика|230|бензин|f57886397
Volvo|C30|I|2006|2010|Хэтчбек 3 дв.|1.6|механика|100|бензин|0d51f28e1
Volvo|C30|I|2006|2010|Хэтчбек 3 дв.|1.6|механика|109|дизель|0d51f28e1
Volvo|C30|I|2006|2010|Хэтчбек 3 дв.|1.8|механика|125|бензин|0d51f28e1
Volvo|C30|I|2006|2010|Хэтчбек 3 дв.|2.0|механика|136|дизель|0d51f28e1
Volvo|C30|I|2006|2010|Хэтчбек 3 дв.|2.0|механика|145|бензин|0d51f28e1
Volvo|C30|I|2006|2010|Хэтчбек 3 дв.|2.0|робот|136|дизель|0d51f28e1
Volvo|C30|I|2006|2010|Хэтчбек 3 дв.|2.0|робот|145|бензин|0d51f28e1
Volvo|C30|I|2006|2010|Хэтчбек 3 дв.|2.4|автомат|163|дизель|0d51f28e1
Volvo|C30|I|2006|2010|Хэтчбек 3 дв.|2.4|автомат|170|бензин|0d51f28e1
Volvo|C30|I|2006|2010|Хэтчбек 3 дв.|2.4|автомат|180|дизель|0d51f28e1
Volvo|C30|I|2006|2010|Хэтчбек 3 дв.|2.4|механика|170|бензин|0d51f28e1
Volvo|C30|I|2006|2010|Хэтчбек 3 дв.|2.4|механика|180|дизель|0d51f28e1
Volvo|C30|I|2006|2010|Хэтчбек 3 дв.|2.5|автомат|220|бензин|0d51f28e1
Volvo|C30|I|2006|2010|Хэтчбек 3 дв.|2.5|автомат|230|бензин|0d51f28e1
Volvo|C30|I|2006|2010|Хэтчбек 3 дв.|2.5|механика|220|бензин|0d51f28e1
Volvo|C30|I|2006|2010|Хэтчбек 3 дв.|2.5|механика|230|бензин|0d51f28e1
Volvo|C40||2021|н.в.|Внедорожник 5 дв.||автомат|408|электро|8c4400e4e
Volvo|C70|II Рестайлинг|2009|2013|Кабриолет|2.0|автомат|136|дизель|d021b7ba9
Volvo|C70|II Рестайлинг|2009|2013|Кабриолет|2.0|механика|136|дизель|d021b7ba9
Volvo|C70|II Рестайлинг|2009|2013|Кабриолет|2.4|автомат|140|бензин|d021b7ba9
Volvo|C70|II Рестайлинг|2009|2013|Кабриолет|2.4|автомат|170|бензин|d021b7ba9
Volvo|C70|II Рестайлинг|2009|2013|Кабриолет|2.4|автомат|180|дизель|d021b7ba9
Volvo|C70|II Рестайлинг|2009|2013|Кабриолет|2.4|механика|140|бензин|d021b7ba9
Volvo|C70|II Рестайлинг|2009|2013|Кабриолет|2.4|механика|170|бензин|d021b7ba9
Volvo|C70|II Рестайлинг|2009|2013|Кабриолет|2.4|механика|180|дизель|d021b7ba9
Volvo|C70|II Рестайлинг|2009|2013|Кабриолет|2.5|автомат|230|бензин|d021b7ba9
Volvo|C70|II Рестайлинг|2009|2013|Кабриолет|2.5|механика|230|бензин|d021b7ba9
Volvo|C70|II|2005|2009|Кабриолет|2.0|автомат|136|дизель|a2c6ad7db
Volvo|C70|II|2005|2009|Кабриолет|2.0|механика|136|дизель|a2c6ad7db
Volvo|C70|II|2005|2009|Кабриолет|2.4|автомат|140|бензин|a2c6ad7db
Volvo|C70|II|2005|2009|Кабриолет|2.4|автомат|170|бензин|a2c6ad7db
Volvo|C70|II|2005|2009|Кабриолет|2.4|автомат|180|дизель|a2c6ad7db
Volvo|C70|II|2005|2009|Кабриолет|2.4|механика|140|бензин|a2c6ad7db
Volvo|C70|II|2005|2009|Кабриолет|2.4|механика|170|бензин|a2c6ad7db
Volvo|C70|II|2005|2009|Кабриолет|2.4|механика|180|дизель|a2c6ad7db
Volvo|C70|II|2005|2009|Кабриолет|2.5|автомат|220|бензин|a2c6ad7db
Volvo|C70|II|2005|2009|Кабриолет|2.5|механика|220|бензин|a2c6ad7db
Volvo|C70|I|1997|2005|Кабриолет|2.0|автомат|163|бензин|98451d35f
Volvo|C70|I|1997|2005|Кабриолет|2.0|автомат|225|бензин|98451d35f
Volvo|C70|I|1997|2005|Кабриолет|2.0|механика|163|бензин|98451d35f
Volvo|C70|I|1997|2005|Кабриолет|2.0|механика|225|бензин|98451d35f
Volvo|C70|I|1997|2005|Кабриолет|2.3|автомат|239|бензин|98451d35f
Volvo|C70|I|1997|2005|Кабриолет|2.3|механика|239|бензин|98451d35f
Volvo|C70|I|1997|2005|Кабриолет|2.3|механика|245|бензин|98451d35f
Volvo|C70|I|1997|2005|Кабриолет|2.4|автомат|170|бензин|98451d35f
Volvo|C70|I|1997|2005|Кабриолет|2.4|автомат|193|бензин|98451d35f
Volvo|C70|I|1997|2005|Кабриолет|2.4|автомат|200|бензин|98451d35f
Volvo|C70|I|1997|2005|Кабриолет|2.4|механика|170|бензин|98451d35f
Volvo|C70|I|1997|2005|Кабриолет|2.4|механика|193|бензин|98451d35f
Volvo|C70|I|1997|2005|Кабриолет|2.4|механика|200|бензин|98451d35f
Volvo|C70|I|1997|2005|Купе|2.0|автомат|163|бензин|b4db7c976
Volvo|C70|I|1997|2005|Купе|2.0|автомат|180|бензин|b4db7c976
Volvo|C70|I|1997|2005|Купе|2.0|автомат|225|бензин|b4db7c976
Volvo|C70|I|1997|2005|Купе|2.0|механика|163|бензин|b4db7c976
Volvo|C70|I|1997|2005|Купе|2.0|механика|180|бензин|b4db7c976
Volvo|C70|I|1997|2005|Купе|2.0|механика|225|бензин|b4db7c976
Volvo|C70|I|1997|2005|Купе|2.3|автомат|240|бензин|b4db7c976
Volvo|C70|I|1997|2005|Купе|2.3|механика|240|бензин|b4db7c976
Volvo|C70|I|1997|2005|Купе|2.4|автомат|170|бензин|b4db7c976
Volvo|C70|I|1997|2005|Купе|2.4|автомат|193|бензин|b4db7c976
Volvo|C70|I|1997|2005|Купе|2.4|автомат|200|бензин|b4db7c976
Volvo|C70|I|1997|2005|Купе|2.4|механика|170|бензин|b4db7c976
Volvo|C70|I|1997|2005|Купе|2.4|механика|193|бензин|b4db7c976
Volvo|C70|I|1997|2005|Купе|2.4|механика|200|бензин|b4db7c976
Volvo|Laplander||1974|1987|Внедорожник 3 дв.|3.0|механика|117|бензин|157f75663
Volvo|P1800||1961|1973|Купе|1.8|механика|90|бензин|46b9bd0e4
Volvo|P1800||1961|1973|Купе|2.0|механика|124|бензин|46b9bd0e4
Volvo|P1900||1956|1957|Кабриолет|1.4|механика|70|бензин|67f80926a
Volvo|S40|I Рестайлинг|1999|2004|Седан|1.6|механика|109|бензин|8f8c533d5
Volvo|S40|I Рестайлинг|1999|2004|Седан|1.8|автомат|122|бензин|8f8c533d5
Volvo|S40|I Рестайлинг|1999|2004|Седан|1.8|механика|122|бензин|8f8c533d5
Volvo|S40|I Рестайлинг|1999|2004|Седан|1.8|механика|125|бензин|8f8c533d5
Volvo|S40|I Рестайлинг|1999|2004|Седан|1.9|механика|102|дизель|8f8c533d5
Volvo|S40|I Рестайлинг|1999|2004|Седан|1.9|механика|115|дизель|8f8c533d5
Volvo|S40|I Рестайлинг|1999|2004|Седан|2.0|автомат|136|бензин|8f8c533d5
Volvo|S40|I Рестайлинг|1999|2004|Седан|2.0|автомат|160|бензин|8f8c533d5
Volvo|S40|I Рестайлинг|1999|2004|Седан|2.0|автомат|163|бензин|8f8c533d5
Volvo|S40|I Рестайлинг|1999|2004|Седан|2.0|автомат|165|бензин|8f8c533d5
Volvo|S40|I Рестайлинг|1999|2004|Седан|2.0|автомат|200|бензин|8f8c533d5
Volvo|S40|I Рестайлинг|1999|2004|Седан|2.0|механика|136|бензин|8f8c533d5
Volvo|S40|I Рестайлинг|1999|2004|Седан|2.0|механика|160|бензин|8f8c533d5
Volvo|S40|I Рестайлинг|1999|2004|Седан|2.0|механика|163|бензин|8f8c533d5
Volvo|S40|I Рестайлинг|1999|2004|Седан|2.0|механика|165|бензин|8f8c533d5
Volvo|S40|I Рестайлинг|1999|2004|Седан|2.0|механика|200|бензин|8f8c533d5
Volvo|S40|II Рестайлинг|2007|2012|Седан|1.6|механика|100|бензин|578b399fd
Volvo|S40|II Рестайлинг|2007|2012|Седан|1.6|механика|109|дизель|578b399fd
Volvo|S40|II Рестайлинг|2007|2012|Седан|1.6|механика|115|дизель|578b399fd
Volvo|S40|II Рестайлинг|2007|2012|Седан|1.8|механика|125|бензин|578b399fd
Volvo|S40|II Рестайлинг|2007|2012|Седан|2.0|автомат|150|дизель|578b399fd
Volvo|S40|II Рестайлинг|2007|2012|Седан|2.0|автомат|177|дизель|578b399fd
Volvo|S40|II Рестайлинг|2007|2012|Седан|2.0|механика|136|дизель|578b399fd
Volvo|S40|II Рестайлинг|2007|2012|Седан|2.0|механика|145|бензин|578b399fd
Volvo|S40|II Рестайлинг|2007|2012|Седан|2.0|механика|150|дизель|578b399fd
Volvo|S40|II Рестайлинг|2007|2012|Седан|2.0|механика|177|дизель|578b399fd
Volvo|S40|II Рестайлинг|2007|2012|Седан|2.0|робот|145|бензин|578b399fd
Volvo|S40|II Рестайлинг|2007|2012|Седан|2.4|автомат|140|бензин|578b399fd
Volvo|S40|II Рестайлинг|2007|2012|Седан|2.4|автомат|170|бензин|578b399fd
Volvo|S40|II Рестайлинг|2007|2012|Седан|2.4|автомат|180|дизель|578b399fd
Volvo|S40|II Рестайлинг|2007|2012|Седан|2.4|механика|140|бензин|578b399fd
Volvo|S40|II Рестайлинг|2007|2012|Седан|2.4|механика|170|бензин|578b399fd
Volvo|S40|II Рестайлинг|2007|2012|Седан|2.5|автомат|220|бензин|578b399fd
Volvo|S40|II Рестайлинг|2007|2012|Седан|2.5|автомат|230|бензин|578b399fd
Volvo|S40|II Рестайлинг|2007|2012|Седан|2.5|механика|220|бензин|578b399fd
Volvo|S40|II Рестайлинг|2007|2012|Седан|2.5|механика|230|бензин|578b399fd
Volvo|S40|II|2004|2007|Седан|1.6|механика|100|бензин|4375e8cda
Volvo|S40|II|2004|2007|Седан|1.6|механика|109|дизель|4375e8cda
Volvo|S40|II|2004|2007|Седан|1.8|механика|125|бензин|4375e8cda
Volvo|S40|II|2004|2007|Седан|2.0|механика|136|дизель|4375e8cda
Volvo|S40|II|2004|2007|Седан|2.0|механика|145|бензин|4375e8cda
Volvo|S40|II|2004|2007|Седан|2.4|автомат|140|бензин|4375e8cda
Volvo|S40|II|2004|2007|Седан|2.4|автомат|170|бензин|4375e8cda
Volvo|S40|II|2004|2007|Седан|2.4|автомат|180|дизель|4375e8cda
Volvo|S40|II|2004|2007|Седан|2.4|механика|140|бензин|4375e8cda
Volvo|S40|II|2004|2007|Седан|2.4|механика|170|бензин|4375e8cda
Volvo|S40|II|2004|2007|Седан|2.5|автомат|220|бензин|4375e8cda
Volvo|S40|II|2004|2007|Седан|2.5|механика|220|бензин|4375e8cda
Volvo|S40|I|1995|1999|Седан|1.6|механика|105|бензин|b6fefb212
Volvo|S40|I|1995|1999|Седан|1.7|автомат|115|бензин|b6fefb212
Volvo|S40|I|1995|1999|Седан|1.7|механика|115|бензин|b6fefb212
Volvo|S40|I|1995|1999|Седан|1.9|механика|90|дизель|b6fefb212
Volvo|S40|I|1995|1999|Седан|2.0|автомат|140|бензин|b6fefb212
Volvo|S40|I|1995|1999|Седан|2.0|автомат|160|бензин|b6fefb212
Volvo|S40|I|1995|1999|Седан|2.0|автомат|200|бензин|b6fefb212
Volvo|S40|I|1995|1999|Седан|2.0|механика|140|бензин|b6fefb212
Volvo|S40|I|1995|1999|Седан|2.0|механика|160|бензин|b6fefb212
Volvo|S40|I|1995|1999|Седан|2.0|механика|200|бензин|b6fefb212
Volvo|S60 Cross Country||2015|2018|Седан|2.0|автомат|150|дизель|20067ba9c
Volvo|S60 Cross Country||2015|2018|Седан|2.0|автомат|190|дизель|20067ba9c
Volvo|S60 Cross Country||2015|2018|Седан|2.0|автомат|245|бензин|20067ba9c
Volvo|S60 Cross Country||2015|2018|Седан|2.0|механика|150|дизель|20067ba9c
Volvo|S60 Cross Country||2015|2018|Седан|2.0|механика|190|дизель|20067ba9c
Volvo|S60 Cross Country||2015|2018|Седан|2.4|автомат|190|дизель|20067ba9c
Volvo|S60 Cross Country||2015|2018|Седан|2.5|автомат|249|бензин|20067ba9c
Volvo|S60|I Рестайлинг|2004|2009|Седан|2.0|автомат|180|бензин|74674c7e6
Volvo|S60|I Рестайлинг|2004|2009|Седан|2.0|механика|180|бензин|74674c7e6
Volvo|S60|I Рестайлинг|2004|2009|Седан|2.4|автомат|131|дизель|74674c7e6
Volvo|S60|I Рестайлинг|2004|2009|Седан|2.4|автомат|140|бензин|74674c7e6
Volvo|S60|I Рестайлинг|2004|2009|Седан|2.4|автомат|163|дизель|74674c7e6
Volvo|S60|I Рестайлинг|2004|2009|Седан|2.4|автомат|170|бензин|74674c7e6
Volvo|S60|I Рестайлинг|2004|2009|Седан|2.4|автомат|260|бензин|74674c7e6
Volvo|S60|I Рестайлинг|2004|2009|Седан|2.4|механика|126|дизель|74674c7e6
Volvo|S60|I Рестайлинг|2004|2009|Седан|2.4|механика|131|дизель|74674c7e6
Volvo|S60|I Рестайлинг|2004|2009|Седан|2.4|механика|140|бензин|74674c7e6
Volvo|S60|I Рестайлинг|2004|2009|Седан|2.4|механика|163|дизель|74674c7e6
Volvo|S60|I Рестайлинг|2004|2009|Седан|2.4|механика|170|бензин|74674c7e6
Volvo|S60|I Рестайлинг|2004|2009|Седан|2.4|механика|185|дизель|74674c7e6
Volvo|S60|I Рестайлинг|2004|2009|Седан|2.4|механика|260|бензин|74674c7e6
Volvo|S60|I Рестайлинг|2004|2009|Седан|2.5|автомат|210|бензин|74674c7e6
Volvo|S60|I Рестайлинг|2004|2009|Седан|2.5|автомат|300|бензин|74674c7e6
Volvo|S60|I Рестайлинг|2004|2009|Седан|2.5|механика|210|бензин|74674c7e6
Volvo|S60|I Рестайлинг|2004|2009|Седан|2.5|механика|300|бензин|74674c7e6
Volvo|S60|II Рестайлинг|2013|2018|Седан|1.5|автомат|122|бензин|c04d7dbcb
Volvo|S60|II Рестайлинг|2013|2018|Седан|1.5|автомат|152|бензин|c04d7dbcb
Volvo|S60|II Рестайлинг|2013|2018|Седан|1.5|механика|152|бензин|c04d7dbcb
Volvo|S60|II Рестайлинг|2013|2018|Седан|1.6|механика|115|дизель|c04d7dbcb
Volvo|S60|II Рестайлинг|2013|2018|Седан|1.6|механика|150|бензин|c04d7dbcb
Volvo|S60|II Рестайлинг|2013|2018|Седан|1.6|механика|180|бензин|c04d7dbcb
Volvo|S60|II Рестайлинг|2013|2018|Седан|1.6|робот|115|дизель|c04d7dbcb
Volvo|S60|II Рестайлинг|2013|2018|Седан|1.6|робот|150|бензин|c04d7dbcb
Volvo|S60|II Рестайлинг|2013|2018|Седан|1.6|робот|180|бензин|c04d7dbcb
Volvo|S60|II Рестайлинг|2013|2018|Седан|2.0|автомат|120|дизель|c04d7dbcb
Volvo|S60|II Рестайлинг|2013|2018|Седан|2.0|автомат|136|дизель|c04d7dbcb
Volvo|S60|II Рестайлинг|2013|2018|Седан|2.0|автомат|150|дизель|c04d7dbcb
Volvo|S60|II Рестайлинг|2013|2018|Седан|2.0|автомат|163|дизель|c04d7dbcb
Volvo|S60|II Рестайлинг|2013|2018|Седан|2.0|автомат|180|бензин|c04d7dbcb
Volvo|S60|II Рестайлинг|2013|2018|Седан|2.0|автомат|181|дизель|c04d7dbcb
Volvo|S60|II Рестайлинг|2013|2018|Седан|2.0|автомат|190|бензин|c04d7dbcb
Volvo|S60|II Рестайлинг|2013|2018|Седан|2.0|автомат|190|дизель|c04d7dbcb
Volvo|S60|II Рестайлинг|2013|2018|Седан|2.0|автомат|225|дизель|c04d7dbcb
Volvo|S60|II Рестайлинг|2013|2018|Седан|2.0|автомат|245|бензин|c04d7dbcb
Volvo|S60|II Рестайлинг|2013|2018|Седан|2.0|автомат|306|бензин|c04d7dbcb
Volvo|S60|II Рестайлинг|2013|2018|Седан|2.0|автомат|367|бензин|c04d7dbcb
Volvo|S60|II Рестайлинг|2013|2018|Седан|2.0|механика|120|дизель|c04d7dbcb
Volvo|S60|II Рестайлинг|2013|2018|Седан|2.0|механика|136|дизель|c04d7dbcb
Volvo|S60|II Рестайлинг|2013|2018|Седан|2.0|механика|150|дизель|c04d7dbcb
Volvo|S60|II Рестайлинг|2013|2018|Седан|2.0|механика|152|бензин|c04d7dbcb
Volvo|S60|II Рестайлинг|2013|2018|Седан|2.0|механика|163|дизель|c04d7dbcb
Volvo|S60|II Рестайлинг|2013|2018|Седан|2.0|механика|181|дизель|c04d7dbcb
Volvo|S60|II Рестайлинг|2013|2018|Седан|2.0|механика|190|бензин|c04d7dbcb
Volvo|S60|II Рестайлинг|2013|2018|Седан|2.0|механика|190|дизель|c04d7dbcb
Volvo|S60|II Рестайлинг|2013|2018|Седан|2.4|автомат|190|дизель|c04d7dbcb
Volvo|S60|II Рестайлинг|2013|2018|Седан|2.4|автомат|215|дизель|c04d7dbcb
Volvo|S60|II Рестайлинг|2013|2018|Седан|2.4|механика|215|дизель|c04d7dbcb
Volvo|S60|II Рестайлинг|2013|2018|Седан|2.5|автомат|249|бензин|c04d7dbcb
Volvo|S60|II Рестайлинг|2013|2018|Седан|3.0|автомат|304|бензин|c04d7dbcb
Volvo|S60|II Рестайлинг|2013|2018|Седан|3.0|автомат|350|бензин|c04d7dbcb
Volvo|S60|III|2018|н.в.|Седан|2.0|автомат|163|бензин|33b329ed9
Volvo|S60|III|2018|н.в.|Седан|2.0|автомат|190|бензин|33b329ed9
Volvo|S60|III|2018|н.в.|Седан|2.0|автомат|197|бензин|33b329ed9
Volvo|S60|III|2018|н.в.|Седан|2.0|автомат|250|бензин|33b329ed9
Volvo|S60|III|2018|н.в.|Седан|2.0|автомат|254|бензин|33b329ed9
Volvo|S60|III|2018|н.в.|Седан|2.0|автомат|300|бензин|33b329ed9
Volvo|S60|III|2018|н.в.|Седан|2.0|автомат|310|бензин|33b329ed9
Volvo|S60|III|2018|н.в.|Седан|2.0|автомат|320|бензин|33b329ed9
Volvo|S60|III|2018|н.в.|Седан|2.0|автомат|340|гибрид|33b329ed9
Volvo|S60|III|2018|н.в.|Седан|2.0|автомат|390|гибрид|33b329ed9
Volvo|S60|III|2018|н.в.|Седан|2.0|автомат|400|гибрид|33b329ed9
Volvo|S60|III|2018|н.в.|Седан|2.0|автомат|405|гибрид|33b329ed9
Volvo|S60|III|2018|н.в.|Седан|2.0|автомат|415|гибрид|33b329ed9
Volvo|S60|II|2010|2013|Седан|1.6|автомат|180|бензин|2171cf2ad
Volvo|S60|II|2010|2013|Седан|1.6|механика|115|дизель|2171cf2ad
Volvo|S60|II|2010|2013|Седан|1.6|механика|150|бензин|2171cf2ad
Volvo|S60|II|2010|2013|Седан|1.6|механика|180|бензин|2171cf2ad
Volvo|S60|II|2010|2013|Седан|1.6|робот|115|дизель|2171cf2ad
Volvo|S60|II|2010|2013|Седан|1.6|робот|150|бензин|2171cf2ad
Volvo|S60|II|2010|2013|Седан|1.6|робот|180|бензин|2171cf2ad
Volvo|S60|II|2010|2013|Седан|2.0|автомат|136|дизель|2171cf2ad
Volvo|S60|II|2010|2013|Седан|2.0|автомат|163|дизель|2171cf2ad
Volvo|S60|II|2010|2013|Седан|2.0|автомат|180|бензин|2171cf2ad
Volvo|S60|II|2010|2013|Седан|2.0|механика|136|дизель|2171cf2ad
Volvo|S60|II|2010|2013|Седан|2.0|механика|163|дизель|2171cf2ad
Volvo|S60|II|2010|2013|Седан|2.0|механика|203|бензин|2171cf2ad
Volvo|S60|II|2010|2013|Седан|2.0|механика|240|бензин|2171cf2ad
Volvo|S60|II|2010|2013|Седан|2.0|робот|203|бензин|2171cf2ad
Volvo|S60|II|2010|2013|Седан|2.0|робот|240|бензин|2171cf2ad
Volvo|S60|II|2010|2013|Седан|2.4|автомат|205|дизель|2171cf2ad
Volvo|S60|II|2010|2013|Седан|2.4|автомат|215|дизель|2171cf2ad
Volvo|S60|II|2010|2013|Седан|2.4|механика|205|дизель|2171cf2ad
Volvo|S60|II|2010|2013|Седан|2.4|механика|215|дизель|2171cf2ad
Volvo|S60|II|2010|2013|Седан|2.5|автомат|249|бензин|2171cf2ad
Volvo|S60|II|2010|2013|Седан|3.0|автомат|304|бензин|2171cf2ad
Volvo|S60|I|2000|2004|Седан|2.0|автомат|180|бензин|3a8963f15
Volvo|S60|I|2000|2004|Седан|2.0|механика|180|бензин|3a8963f15
Volvo|S60|I|2000|2004|Седан|2.3|автомат|250|бензин|3a8963f15
Volvo|S60|I|2000|2004|Седан|2.3|механика|250|бензин|3a8963f15
Volvo|S60|I|2000|2004|Седан|2.4|автомат|131|дизель|3a8963f15
Volvo|S60|I|2000|2004|Седан|2.4|автомат|140|бензин|3a8963f15
Volvo|S60|I|2000|2004|Седан|2.4|автомат|163|дизель|3a8963f15
Volvo|S60|I|2000|2004|Седан|2.4|автомат|170|бензин|3a8963f15
Volvo|S60|I|2000|2004|Седан|2.4|автомат|200|бензин|3a8963f15
Volvo|S60|I|2000|2004|Седан|2.4|механика|131|дизель|3a8963f15
Volvo|S60|I|2000|2004|Седан|2.4|механика|140|бензин|3a8963f15
Volvo|S60|I|2000|2004|Седан|2.4|механика|163|дизель|3a8963f15
Volvo|S60|I|2000|2004|Седан|2.4|механика|170|бензин|3a8963f15
Volvo|S60|I|2000|2004|Седан|2.4|механика|200|бензин|3a8963f15
Volvo|S60|I|2000|2004|Седан|2.5|автомат|210|бензин|3a8963f15
Volvo|S60|I|2000|2004|Седан|2.5|автомат|300|бензин|3a8963f15
Volvo|S60|I|2000|2004|Седан|2.5|механика|210|бензин|3a8963f15
Volvo|S60|I|2000|2004|Седан|2.5|механика|300|бензин|3a8963f15
Volvo|S70||1997|2000|Седан|2.0|автомат|126|бензин|1889b5094
Volvo|S70||1997|2000|Седан|2.0|автомат|180|бензин|1889b5094
Volvo|S70||1997|2000|Седан|2.0|автомат|226|бензин|1889b5094
Volvo|S70||1997|2000|Седан|2.0|механика|126|бензин|1889b5094
Volvo|S70||1997|2000|Седан|2.0|механика|180|бензин|1889b5094
Volvo|S70||1997|2000|Седан|2.0|механика|226|бензин|1889b5094
Volvo|S70||1997|2000|Седан|2.3|автомат|240|бензин|1889b5094
Volvo|S70||1997|2000|Седан|2.3|механика|240|бензин|1889b5094
Volvo|S70||1997|2000|Седан|2.3|механика|250|бензин|1889b5094
Volvo|S70||1997|2000|Седан|2.4|автомат|144|бензин|1889b5094
Volvo|S70||1997|2000|Седан|2.4|автомат|170|бензин|1889b5094
Volvo|S70||1997|2000|Седан|2.4|автомат|193|бензин|1889b5094
Volvo|S70||1997|2000|Седан|2.4|механика|144|бензин|1889b5094
Volvo|S70||1997|2000|Седан|2.4|механика|170|бензин|1889b5094
Volvo|S70||1997|2000|Седан|2.4|механика|193|бензин|1889b5094
Volvo|S70||1997|2000|Седан|2.5|автомат|140|дизель|1889b5094
Volvo|S70||1997|2000|Седан|2.5|механика|140|дизель|1889b5094
Volvo|S80|I Рестайлинг|2003|2006|Седан|2.0|автомат|163|бензин|cbedb40f3
Volvo|S80|I Рестайлинг|2003|2006|Седан|2.0|автомат|180|бензин|cbedb40f3
Volvo|S80|I Рестайлинг|2003|2006|Седан|2.0|автомат|226|бензин|cbedb40f3
Volvo|S80|I Рестайлинг|2003|2006|Седан|2.0|механика|163|бензин|cbedb40f3
Volvo|S80|I Рестайлинг|2003|2006|Седан|2.0|механика|180|бензин|cbedb40f3
Volvo|S80|I Рестайлинг|2003|2006|Седан|2.0|механика|226|бензин|cbedb40f3
Volvo|S80|I Рестайлинг|2003|2006|Седан|2.4|автомат|140|бензин|cbedb40f3
Volvo|S80|I Рестайлинг|2003|2006|Седан|2.4|автомат|163|дизель|cbedb40f3
Volvo|S80|I Рестайлинг|2003|2006|Седан|2.4|автомат|170|бензин|cbedb40f3
Volvo|S80|I Рестайлинг|2003|2006|Седан|2.4|механика|130|дизель|cbedb40f3
Volvo|S80|I Рестайлинг|2003|2006|Седан|2.4|механика|140|бензин|cbedb40f3
Volvo|S80|I Рестайлинг|2003|2006|Седан|2.4|механика|163|дизель|cbedb40f3
Volvo|S80|I Рестайлинг|2003|2006|Седан|2.4|механика|170|бензин|cbedb40f3
Volvo|S80|I Рестайлинг|2003|2006|Седан|2.5|автомат|140|дизель|cbedb40f3
Volvo|S80|I Рестайлинг|2003|2006|Седан|2.5|автомат|210|бензин|cbedb40f3
Volvo|S80|I Рестайлинг|2003|2006|Седан|2.5|механика|140|дизель|cbedb40f3
Volvo|S80|I Рестайлинг|2003|2006|Седан|2.5|механика|210|бензин|cbedb40f3
Volvo|S80|I Рестайлинг|2003|2006|Седан|2.9|автомат|196|бензин|cbedb40f3
Volvo|S80|I Рестайлинг|2003|2006|Седан|2.9|автомат|200|бензин|cbedb40f3
Volvo|S80|I Рестайлинг|2003|2006|Седан|2.9|автомат|272|бензин|cbedb40f3
Volvo|S80|I Рестайлинг|2003|2006|Седан|2.9|механика|200|бензин|cbedb40f3
Volvo|S80|II Рестайлинг 2|2013|2016|Седан|2.0|автомат|181|дизель|369925328
Volvo|S80|II Рестайлинг 2|2013|2016|Седан|2.0|автомат|245|бензин|369925328
Volvo|S80|II Рестайлинг 2|2013|2016|Седан|2.0|механика|181|дизель|369925328
Volvo|S80|II Рестайлинг 2|2013|2016|Седан|2.4|автомат|215|дизель|369925328
Volvo|S80|II Рестайлинг 2|2013|2016|Седан|2.5|автомат|249|бензин|369925328
Volvo|S80|II Рестайлинг 2|2013|2016|Седан|3.0|автомат|304|бензин|369925328
Volvo|S80|II Рестайлинг 2|2013|2016|Седан|3.2|автомат|238|бензин|369925328
Volvo|S80|II Рестайлинг|2009|2013|Седан|1.6|механика|115|дизель|4c79d56c4
Volvo|S80|II Рестайлинг|2009|2013|Седан|1.6|механика|180|бензин|4c79d56c4
Volvo|S80|II Рестайлинг|2009|2013|Седан|1.6|робот|115|дизель|4c79d56c4
Volvo|S80|II Рестайлинг|2009|2013|Седан|1.6|робот|180|бензин|4c79d56c4
Volvo|S80|II Рестайлинг|2009|2013|Седан|2.0|автомат|136|дизель|4c79d56c4
Volvo|S80|II Рестайлинг|2009|2013|Седан|2.0|автомат|163|дизель|4c79d56c4
Volvo|S80|II Рестайлинг|2009|2013|Седан|2.0|автомат|203|бензин|4c79d56c4
Volvo|S80|II Рестайлинг|2009|2013|Седан|2.0|механика|136|дизель|4c79d56c4
Volvo|S80|II Рестайлинг|2009|2013|Седан|2.0|механика|163|дизель|4c79d56c4
Volvo|S80|II Рестайлинг|2009|2013|Седан|2.0|механика|203|бензин|4c79d56c4
Volvo|S80|II Рестайлинг|2009|2013|Седан|2.0|механика|240|бензин|4c79d56c4
Volvo|S80|II Рестайлинг|2009|2013|Седан|2.0|робот|240|бензин|4c79d56c4
Volvo|S80|II Рестайлинг|2009|2013|Седан|2.4|автомат|205|дизель|4c79d56c4
Volvo|S80|II Рестайлинг|2009|2013|Седан|2.4|автомат|215|дизель|4c79d56c4
Volvo|S80|II Рестайлинг|2009|2013|Седан|2.4|механика|205|дизель|4c79d56c4
Volvo|S80|II Рестайлинг|2009|2013|Седан|2.4|механика|215|дизель|4c79d56c4
Volvo|S80|II Рестайлинг|2009|2013|Седан|2.5|автомат|231|бензин|4c79d56c4
Volvo|S80|II Рестайлинг|2009|2013|Седан|2.5|автомат|249|бензин|4c79d56c4
Volvo|S80|II Рестайлинг|2009|2013|Седан|2.5|механика|231|бензин|4c79d56c4
Volvo|S80|II Рестайлинг|2009|2013|Седан|3.0|автомат|304|бензин|4c79d56c4
Volvo|S80|II Рестайлинг|2009|2013|Седан|3.2|автомат|238|бензин|4c79d56c4
Volvo|S80|II Рестайлинг|2009|2013|Седан|3.2|автомат|243|бензин|4c79d56c4
Volvo|S80|II Рестайлинг|2009|2013|Седан|4.4|автомат|315|бензин|4c79d56c4
Volvo|S80|II|2006|2010|Седан|1.6|механика|109|дизель|d23565ed9
Volvo|S80|II|2006|2010|Седан|2.0|автомат|136|дизель|d23565ed9
Volvo|S80|II|2006|2010|Седан|2.0|автомат|146|бензин|d23565ed9
Volvo|S80|II|2006|2010|Седан|2.0|механика|136|дизель|d23565ed9
Volvo|S80|II|2006|2010|Седан|2.0|механика|146|бензин|d23565ed9
Volvo|S80|II|2006|2010|Седан|2.4|автомат|163|дизель|d23565ed9
Volvo|S80|II|2006|2010|Седан|2.4|автомат|175|дизель|d23565ed9
Volvo|S80|II|2006|2010|Седан|2.4|автомат|185|дизель|d23565ed9
Volvo|S80|II|2006|2010|Седан|2.4|автомат|205|дизель|d23565ed9
Volvo|S80|II|2006|2010|Седан|2.4|механика|163|дизель|d23565ed9
Volvo|S80|II|2006|2010|Седан|2.4|механика|175|дизель|d23565ed9
Volvo|S80|II|2006|2010|Седан|2.4|механика|185|дизель|d23565ed9
Volvo|S80|II|2006|2010|Седан|2.5|автомат|200|бензин|d23565ed9
Volvo|S80|II|2006|2010|Седан|2.5|механика|200|бензин|d23565ed9
Volvo|S80|II|2006|2010|Седан|3.0|автомат|286|бензин|d23565ed9
Volvo|S80|II|2006|2010|Седан|3.2|автомат|238|бензин|d23565ed9
Volvo|S80|II|2006|2010|Седан|4.4|автомат|315|бензин|d23565ed9
Volvo|S80|I|1998|2003|Седан|2.0|автомат|163|бензин|47af53d4a
Volvo|S80|I|1998|2003|Седан|2.0|автомат|180|бензин|47af53d4a
Volvo|S80|I|1998|2003|Седан|2.0|автомат|226|бензин|47af53d4a
Volvo|S80|I|1998|2003|Седан|2.0|механика|163|бензин|47af53d4a
Volvo|S80|I|1998|2003|Седан|2.0|механика|180|бензин|47af53d4a
Volvo|S80|I|1998|2003|Седан|2.0|механика|226|бензин|47af53d4a
Volvo|S80|I|1998|2003|Седан|2.4|автомат|130|дизель|47af53d4a
Volvo|S80|I|1998|2003|Седан|2.4|автомат|140|бензин|47af53d4a
Volvo|S80|I|1998|2003|Седан|2.4|автомат|163|дизель|47af53d4a
Volvo|S80|I|1998|2003|Седан|2.4|автомат|170|бензин|47af53d4a
Volvo|S80|I|1998|2003|Седан|2.4|автомат|200|бензин|47af53d4a
Volvo|S80|I|1998|2003|Седан|2.4|механика|131|дизель|47af53d4a
Volvo|S80|I|1998|2003|Седан|2.4|механика|140|бензин|47af53d4a
Volvo|S80|I|1998|2003|Седан|2.4|механика|163|дизель|47af53d4a
Volvo|S80|I|1998|2003|Седан|2.4|механика|170|бензин|47af53d4a
Volvo|S80|I|1998|2003|Седан|2.4|механика|200|бензин|47af53d4a
Volvo|S80|I|1998|2003|Седан|2.5|автомат|140|дизель|47af53d4a
Volvo|S80|I|1998|2003|Седан|2.5|механика|140|дизель|47af53d4a
Volvo|S80|I|1998|2003|Седан|2.8|автомат|272|бензин|47af53d4a
Volvo|S80|I|1998|2003|Седан|2.9|автомат|196|бензин|47af53d4a
Volvo|S80|I|1998|2003|Седан|2.9|автомат|200|бензин|47af53d4a
Volvo|S80|I|1998|2003|Седан|2.9|автомат|204|бензин|47af53d4a
Volvo|S80|I|1998|2003|Седан|2.9|автомат|272|бензин|47af53d4a
Volvo|S80|I|1998|2003|Седан|2.9|механика|200|бензин|47af53d4a
Volvo|S80|I|1998|2003|Седан|2.9|механика|204|бензин|47af53d4a
Volvo|S90|II Рестайлинг|2020|н.в.|Седан|2.0|автомат|150|дизель|3e61b29cf
Volvo|S90|II Рестайлинг|2020|н.в.|Седан|2.0|автомат|190|бензин|3e61b29cf
Volvo|S90|II Рестайлинг|2020|н.в.|Седан|2.0|автомат|190|дизель|3e61b29cf
Volvo|S90|II Рестайлинг|2020|н.в.|Седан|2.0|автомат|197|бензин|3e61b29cf
Volvo|S90|II Рестайлинг|2020|н.в.|Седан|2.0|автомат|235|дизель|3e61b29cf
Volvo|S90|II Рестайлинг|2020|н.в.|Седан|2.0|автомат|249|бензин|3e61b29cf
Volvo|S90|II Рестайлинг|2020|н.в.|Седан|2.0|автомат|250|бензин|3e61b29cf
Volvo|S90|II Рестайлинг|2020|н.в.|Седан|2.0|автомат|300|бензин|3e61b29cf
Volvo|S90|II Рестайлинг|2020|н.в.|Седан|2.0|автомат|303|гибрид|3e61b29cf
Volvo|S90|II Рестайлинг|2020|н.в.|Седан|2.0|механика|150|дизель|3e61b29cf
Volvo|S90|II|2016|2020|Седан|2.0|автомат|150|дизель|8c5304854
Volvo|S90|II|2016|2020|Седан|2.0|автомат|190|бензин|8c5304854
Volvo|S90|II|2016|2020|Седан|2.0|автомат|190|дизель|8c5304854
Volvo|S90|II|2016|2020|Седан|2.0|автомат|235|дизель|8c5304854
Volvo|S90|II|2016|2020|Седан|2.0|автомат|249|бензин|8c5304854
Volvo|S90|II|2016|2020|Седан|2.0|автомат|250|бензин|8c5304854
Volvo|S90|II|2016|2020|Седан|2.0|автомат|254|бензин|8c5304854
Volvo|S90|II|2016|2020|Седан|2.0|автомат|303|гибрид|8c5304854
Volvo|S90|II|2016|2020|Седан|2.0|автомат|310|бензин|8c5304854
Volvo|S90|II|2016|2020|Седан|2.0|автомат|320|бензин|8c5304854
Volvo|S90|II|2016|2020|Седан|2.0|автомат|320|гибрид|8c5304854
Volvo|S90|II|2016|2020|Седан|2.0|механика|150|дизель|8c5304854
Volvo|S90|II|2016|2020|Седан|2.0|механика|190|дизель|8c5304854
Volvo|S90|I|1996|1998|Седан|2.9|автомат|180|бензин|6bc650841
Volvo|S90|I|1996|1998|Седан|2.9|автомат|204|бензин|6bc650841
Volvo|S90|I|1996|1998|Седан|2.9|механика|180|бензин|6bc650841
Volvo|V40 Cross Country|I Рестайлинг|2016|2019|Хэтчбек 5 дв.|1.5|автомат|152|бензин|27233e209
Volvo|V40 Cross Country|I Рестайлинг|2016|2019|Хэтчбек 5 дв.|2.0|автомат|120|дизель|27233e209
Volvo|V40 Cross Country|I Рестайлинг|2016|2019|Хэтчбек 5 дв.|2.0|автомат|150|дизель|27233e209
Volvo|V40 Cross Country|I Рестайлинг|2016|2019|Хэтчбек 5 дв.|2.0|автомат|190|бензин|27233e209
Volvo|V40 Cross Country|I Рестайлинг|2016|2019|Хэтчбек 5 дв.|2.0|автомат|190|дизель|27233e209
Volvo|V40 Cross Country|I Рестайлинг|2016|2019|Хэтчбек 5 дв.|2.0|автомат|245|бензин|27233e209
Volvo|V40 Cross Country|I Рестайлинг|2016|2019|Хэтчбек 5 дв.|2.0|механика|120|дизель|27233e209
Volvo|V40 Cross Country|I Рестайлинг|2016|2019|Хэтчбек 5 дв.|2.0|механика|150|дизель|27233e209
Volvo|V40 Cross Country|I Рестайлинг|2016|2019|Хэтчбек 5 дв.|2.0|механика|152|бензин|27233e209
Volvo|V40 Cross Country|I Рестайлинг|2016|2019|Хэтчбек 5 дв.|2.0|механика|190|бензин|27233e209
Volvo|V40 Cross Country|I Рестайлинг|2016|2019|Хэтчбек 5 дв.|2.0|механика|190|дизель|27233e209
Volvo|V40 Cross Country|I|2012|2016|Хэтчбек 5 дв.|1.5|автомат|152|бензин|00bf2328f
Volvo|V40 Cross Country|I|2012|2016|Хэтчбек 5 дв.|1.6|механика|115|дизель|00bf2328f
Volvo|V40 Cross Country|I|2012|2016|Хэтчбек 5 дв.|1.6|механика|180|бензин|00bf2328f
Volvo|V40 Cross Country|I|2012|2016|Хэтчбек 5 дв.|1.6|робот|115|дизель|00bf2328f
Volvo|V40 Cross Country|I|2012|2016|Хэтчбек 5 дв.|1.6|робот|180|бензин|00bf2328f
Volvo|V40 Cross Country|I|2012|2016|Хэтчбек 5 дв.|2.0|автомат|120|дизель|00bf2328f
Volvo|V40 Cross Country|I|2012|2016|Хэтчбек 5 дв.|2.0|автомат|150|дизель|00bf2328f
Volvo|V40 Cross Country|I|2012|2016|Хэтчбек 5 дв.|2.0|автомат|177|дизель|00bf2328f
Volvo|V40 Cross Country|I|2012|2016|Хэтчбек 5 дв.|2.0|автомат|180|бензин|00bf2328f
Volvo|V40 Cross Country|I|2012|2016|Хэтчбек 5 дв.|2.0|автомат|190|бензин|00bf2328f
Volvo|V40 Cross Country|I|2012|2016|Хэтчбек 5 дв.|2.0|автомат|190|дизель|00bf2328f
Volvo|V40 Cross Country|I|2012|2016|Хэтчбек 5 дв.|2.0|автомат|213|бензин|00bf2328f
Volvo|V40 Cross Country|I|2012|2016|Хэтчбек 5 дв.|2.0|автомат|245|бензин|00bf2328f
Volvo|V40 Cross Country|I|2012|2016|Хэтчбек 5 дв.|2.0|механика|120|дизель|00bf2328f
Volvo|V40 Cross Country|I|2012|2016|Хэтчбек 5 дв.|2.0|механика|150|дизель|00bf2328f
Volvo|V40 Cross Country|I|2012|2016|Хэтчбек 5 дв.|2.0|механика|152|бензин|00bf2328f
Volvo|V40 Cross Country|I|2012|2016|Хэтчбек 5 дв.|2.0|механика|177|дизель|00bf2328f
Volvo|V40 Cross Country|I|2012|2016|Хэтчбек 5 дв.|2.0|механика|180|бензин|00bf2328f
Volvo|V40 Cross Country|I|2012|2016|Хэтчбек 5 дв.|2.0|механика|190|дизель|00bf2328f
Volvo|V40 Cross Country|I|2012|2016|Хэтчбек 5 дв.|2.5|автомат|249|бензин|00bf2328f
Volvo|V40|I Рестайлинг|1999|2004|Универсал 5 дв.|1.6|механика|109|бензин|de2764f33
Volvo|V40|I Рестайлинг|1999|2004|Универсал 5 дв.|1.8|автомат|125|бензин|de2764f33
Volvo|V40|I Рестайлинг|1999|2004|Универсал 5 дв.|1.8|механика|122|бензин|de2764f33
Volvo|V40|I Рестайлинг|1999|2004|Универсал 5 дв.|1.8|механика|125|бензин|de2764f33
Volvo|V40|I Рестайлинг|1999|2004|Универсал 5 дв.|1.9|механика|102|дизель|de2764f33
Volvo|V40|I Рестайлинг|1999|2004|Универсал 5 дв.|1.9|механика|115|дизель|de2764f33
Volvo|V40|I Рестайлинг|1999|2004|Универсал 5 дв.|2.0|автомат|136|бензин|de2764f33
Volvo|V40|I Рестайлинг|1999|2004|Универсал 5 дв.|2.0|автомат|160|бензин|de2764f33
Volvo|V40|I Рестайлинг|1999|2004|Универсал 5 дв.|2.0|автомат|200|бензин|de2764f33
Volvo|V40|I Рестайлинг|1999|2004|Универсал 5 дв.|2.0|механика|136|бензин|de2764f33
Volvo|V40|I Рестайлинг|1999|2004|Универсал 5 дв.|2.0|механика|160|бензин|de2764f33
Volvo|V40|I Рестайлинг|1999|2004|Универсал 5 дв.|2.0|механика|200|бензин|de2764f33
Volvo|V40|II Рестайлинг|2016|2019|Хэтчбек 5 дв.|1.5|автомат|122|бензин|b80b69535
Volvo|V40|II Рестайлинг|2016|2019|Хэтчбек 5 дв.|2.0|автомат|120|дизель|b80b69535
Volvo|V40|II Рестайлинг|2016|2019|Хэтчбек 5 дв.|2.0|автомат|150|дизель|b80b69535
Volvo|V40|II Рестайлинг|2016|2019|Хэтчбек 5 дв.|2.0|автомат|152|бензин|b80b69535
Volvo|V40|II Рестайлинг|2016|2019|Хэтчбек 5 дв.|2.0|автомат|190|бензин|b80b69535
Volvo|V40|II Рестайлинг|2016|2019|Хэтчбек 5 дв.|2.0|автомат|190|дизель|b80b69535
Volvo|V40|II Рестайлинг|2016|2019|Хэтчбек 5 дв.|2.0|автомат|245|бензин|b80b69535
Volvo|V40|II Рестайлинг|2016|2019|Хэтчбек 5 дв.|2.0|механика|120|дизель|b80b69535
Volvo|V40|II Рестайлинг|2016|2019|Хэтчбек 5 дв.|2.0|механика|122|бензин|b80b69535
Volvo|V40|II Рестайлинг|2016|2019|Хэтчбек 5 дв.|2.0|механика|150|дизель|b80b69535
Volvo|V40|II Рестайлинг|2016|2019|Хэтчбек 5 дв.|2.0|механика|152|бензин|b80b69535
Volvo|V40|II Рестайлинг|2016|2019|Хэтчбек 5 дв.|2.0|механика|190|бензин|b80b69535
Volvo|V40|II Рестайлинг|2016|2019|Хэтчбек 5 дв.|2.0|механика|190|дизель|b80b69535
Volvo|V40|II|2012|2016|Хэтчбек 5 дв.|1.5|автомат|122|бензин|6e5a59cbe
Volvo|V40|II|2012|2016|Хэтчбек 5 дв.|1.5|автомат|152|бензин|6e5a59cbe
Volvo|V40|II|2012|2016|Хэтчбек 5 дв.|1.6|механика|115|дизель|6e5a59cbe
Volvo|V40|II|2012|2016|Хэтчбек 5 дв.|1.6|механика|120|бензин|6e5a59cbe
Volvo|V40|II|2012|2016|Хэтчбек 5 дв.|1.6|механика|150|бензин|6e5a59cbe
Volvo|V40|II|2012|2016|Хэтчбек 5 дв.|1.6|механика|180|бензин|6e5a59cbe
Volvo|V40|II|2012|2016|Хэтчбек 5 дв.|1.6|робот|115|дизель|6e5a59cbe
Volvo|V40|II|2012|2016|Хэтчбек 5 дв.|1.6|робот|180|бензин|6e5a59cbe
Volvo|V40|II|2012|2016|Хэтчбек 5 дв.|2.0|автомат|120|дизель|6e5a59cbe
Volvo|V40|II|2012|2016|Хэтчбек 5 дв.|2.0|автомат|150|дизель|6e5a59cbe
Volvo|V40|II|2012|2016|Хэтчбек 5 дв.|2.0|автомат|177|дизель|6e5a59cbe
Volvo|V40|II|2012|2016|Хэтчбек 5 дв.|2.0|автомат|180|бензин|6e5a59cbe
Volvo|V40|II|2012|2016|Хэтчбек 5 дв.|2.0|автомат|190|дизель|6e5a59cbe
Volvo|V40|II|2012|2016|Хэтчбек 5 дв.|2.0|автомат|213|бензин|6e5a59cbe
Volvo|V40|II|2012|2016|Хэтчбек 5 дв.|2.0|автомат|245|бензин|6e5a59cbe
Volvo|V40|II|2012|2016|Хэтчбек 5 дв.|2.0|механика|120|дизель|6e5a59cbe
Volvo|V40|II|2012|2016|Хэтчбек 5 дв.|2.0|механика|122|бензин|6e5a59cbe
Volvo|V40|II|2012|2016|Хэтчбек 5 дв.|2.0|механика|150|дизель|6e5a59cbe
Volvo|V40|II|2012|2016|Хэтчбек 5 дв.|2.0|механика|152|бензин|6e5a59cbe
Volvo|V40|II|2012|2016|Хэтчбек 5 дв.|2.0|механика|177|дизель|6e5a59cbe
Volvo|V40|II|2012|2016|Хэтчбек 5 дв.|2.0|механика|190|дизель|6e5a59cbe
Volvo|V40|II|2012|2016|Хэтчбек 5 дв.|2.5|автомат|249|бензин|6e5a59cbe
Volvo|V40|II|2012|2016|Хэтчбек 5 дв.|2.5|автомат|254|бензин|6e5a59cbe
Volvo|V40|I|1995|1999|Универсал 5 дв.|1.6|механика|105|бензин|ce385c31b
Volvo|V40|I|1995|1999|Универсал 5 дв.|1.7|автомат|115|бензин|ce385c31b
Volvo|V40|I|1995|1999|Универсал 5 дв.|1.7|механика|115|бензин|ce385c31b
Volvo|V40|I|1995|1999|Универсал 5 дв.|1.9|механика|200|бензин|ce385c31b
Volvo|V40|I|1995|1999|Универсал 5 дв.|1.9|механика|90|дизель|ce385c31b
Volvo|V40|I|1995|1999|Универсал 5 дв.|2.0|автомат|136|бензин|ce385c31b
Volvo|V40|I|1995|1999|Универсал 5 дв.|2.0|автомат|140|бензин|ce385c31b
Volvo|V40|I|1995|1999|Универсал 5 дв.|2.0|автомат|160|бензин|ce385c31b
Volvo|V40|I|1995|1999|Универсал 5 дв.|2.0|механика|136|бензин|ce385c31b
Volvo|V40|I|1995|1999|Универсал 5 дв.|2.0|механика|140|бензин|ce385c31b
Volvo|V40|I|1995|1999|Универсал 5 дв.|2.0|механика|160|бензин|ce385c31b
Volvo|V50|I Рестайлинг|2007|2012|Универсал 5 дв.|1.6|механика|100|бензин|61da9894c
Volvo|V50|I Рестайлинг|2007|2012|Универсал 5 дв.|1.6|механика|109|дизель|61da9894c
Volvo|V50|I Рестайлинг|2007|2012|Универсал 5 дв.|1.6|механика|115|дизель|61da9894c
Volvo|V50|I Рестайлинг|2007|2012|Универсал 5 дв.|1.8|механика|125|бензин|61da9894c
Volvo|V50|I Рестайлинг|2007|2012|Универсал 5 дв.|2.0|механика|136|дизель|61da9894c
Volvo|V50|I Рестайлинг|2007|2012|Универсал 5 дв.|2.0|механика|145|бензин|61da9894c
Volvo|V50|I Рестайлинг|2007|2012|Универсал 5 дв.|2.0|робот|136|дизель|61da9894c
Volvo|V50|I Рестайлинг|2007|2012|Универсал 5 дв.|2.0|робот|145|бензин|61da9894c
Volvo|V50|I Рестайлинг|2007|2012|Универсал 5 дв.|2.4|автомат|140|бензин|61da9894c
Volvo|V50|I Рестайлинг|2007|2012|Универсал 5 дв.|2.4|автомат|170|бензин|61da9894c
Volvo|V50|I Рестайлинг|2007|2012|Универсал 5 дв.|2.4|автомат|180|дизель|61da9894c
Volvo|V50|I Рестайлинг|2007|2012|Универсал 5 дв.|2.4|механика|170|бензин|61da9894c
Volvo|V50|I Рестайлинг|2007|2012|Универсал 5 дв.|2.5|автомат|230|бензин|61da9894c
Volvo|V50|I Рестайлинг|2007|2012|Универсал 5 дв.|2.5|механика|230|бензин|61da9894c
Volvo|V50|I|2004|2007|Универсал 5 дв.|1.6|механика|101|бензин|ea804088d
Volvo|V50|I|2004|2007|Универсал 5 дв.|1.6|механика|110|дизель|ea804088d
Volvo|V50|I|2004|2007|Универсал 5 дв.|1.8|механика|125|бензин|ea804088d
Volvo|V50|I|2004|2007|Универсал 5 дв.|2.0|автомат|136|дизель|ea804088d
Volvo|V50|I|2004|2007|Универсал 5 дв.|2.0|механика|136|дизель|ea804088d
Volvo|V50|I|2004|2007|Универсал 5 дв.|2.0|механика|145|бензин|ea804088d
Volvo|V50|I|2004|2007|Универсал 5 дв.|2.4|автомат|140|бензин|ea804088d
Volvo|V50|I|2004|2007|Универсал 5 дв.|2.4|автомат|170|бензин|ea804088d
Volvo|V50|I|2004|2007|Универсал 5 дв.|2.4|автомат|180|дизель|ea804088d
Volvo|V50|I|2004|2007|Универсал 5 дв.|2.4|механика|140|бензин|ea804088d
Volvo|V50|I|2004|2007|Универсал 5 дв.|2.4|механика|170|бензин|ea804088d
Volvo|V50|I|2004|2007|Универсал 5 дв.|2.4|механика|180|дизель|ea804088d
Volvo|V50|I|2004|2007|Универсал 5 дв.|2.5|автомат|220|бензин|ea804088d
Volvo|V50|I|2004|2007|Универсал 5 дв.|2.5|механика|220|бензин|ea804088d
Volvo|V60 Cross Country|II|2018|н.в.|Универсал 5 дв.|2.0|автомат|150|дизель|af5c67067
Volvo|V60 Cross Country|II|2018|н.в.|Универсал 5 дв.|2.0|автомат|190|дизель|af5c67067
Volvo|V60 Cross Country|II|2018|н.в.|Универсал 5 дв.|2.0|автомат|197|дизель|af5c67067
Volvo|V60 Cross Country|II|2018|н.в.|Универсал 5 дв.|2.0|автомат|250|бензин|af5c67067
Volvo|V60 Cross Country|I|2015|2018|Универсал 5 дв.|2.0|автомат|150|дизель|6276fcbc5
Volvo|V60 Cross Country|I|2015|2018|Универсал 5 дв.|2.0|автомат|190|дизель|6276fcbc5
Volvo|V60 Cross Country|I|2015|2018|Универсал 5 дв.|2.0|автомат|245|бензин|6276fcbc5
Volvo|V60 Cross Country|I|2015|2018|Универсал 5 дв.|2.0|механика|150|дизель|6276fcbc5
Volvo|V60 Cross Country|I|2015|2018|Универсал 5 дв.|2.0|механика|190|дизель|6276fcbc5
Volvo|V60 Cross Country|I|2015|2018|Универсал 5 дв.|2.4|автомат|190|дизель|6276fcbc5
Volvo|V60 Cross Country|I|2015|2018|Универсал 5 дв.|2.5|автомат|249|бензин|6276fcbc5
Volvo|V60|I Рестайлинг|2013|2018|Универсал 5 дв. Plug-in-Hybrid|2.4|автомат|163|гибрид|663c40bea
Volvo|V60|I Рестайлинг|2013|2018|Универсал 5 дв. Plug-in-Hybrid|2.4|автомат|215|гибрид|663c40bea
Volvo|V60|I Рестайлинг|2013|2018|Универсал 5 дв. Plug-in-Hybrid|2.4|автомат|220|гибрид|663c40bea
Volvo|V60|I Рестайлинг|2013|2018|Универсал 5 дв.|1.5|автомат|122|бензин|4f5b387f6
Volvo|V60|I Рестайлинг|2013|2018|Универсал 5 дв.|1.5|автомат|152|бензин|4f5b387f6
Volvo|V60|I Рестайлинг|2013|2018|Универсал 5 дв.|1.6|механика|115|дизель|4f5b387f6
Volvo|V60|I Рестайлинг|2013|2018|Универсал 5 дв.|1.6|механика|150|бензин|4f5b387f6
Volvo|V60|I Рестайлинг|2013|2018|Универсал 5 дв.|1.6|механика|180|бензин|4f5b387f6
Volvo|V60|I Рестайлинг|2013|2018|Универсал 5 дв.|1.6|робот|115|дизель|4f5b387f6
Volvo|V60|I Рестайлинг|2013|2018|Универсал 5 дв.|1.6|робот|150|бензин|4f5b387f6
Volvo|V60|I Рестайлинг|2013|2018|Универсал 5 дв.|1.6|робот|180|бензин|4f5b387f6
Volvo|V60|I Рестайлинг|2013|2018|Универсал 5 дв.|2.0|автомат|120|дизель|4f5b387f6
Volvo|V60|I Рестайлинг|2013|2018|Универсал 5 дв.|2.0|автомат|136|дизель|4f5b387f6
Volvo|V60|I Рестайлинг|2013|2018|Универсал 5 дв.|2.0|автомат|150|дизель|4f5b387f6
Volvo|V60|I Рестайлинг|2013|2018|Универсал 5 дв.|2.0|автомат|163|дизель|4f5b387f6
Volvo|V60|I Рестайлинг|2013|2018|Универсал 5 дв.|2.0|автомат|181|дизель|4f5b387f6
Volvo|V60|I Рестайлинг|2013|2018|Универсал 5 дв.|2.0|автомат|190|бензин|4f5b387f6
Volvo|V60|I Рестайлинг|2013|2018|Универсал 5 дв.|2.0|автомат|190|дизель|4f5b387f6
Volvo|V60|I Рестайлинг|2013|2018|Универсал 5 дв.|2.0|автомат|225|дизель|4f5b387f6
Volvo|V60|I Рестайлинг|2013|2018|Универсал 5 дв.|2.0|автомат|245|бензин|4f5b387f6
Volvo|V60|I Рестайлинг|2013|2018|Универсал 5 дв.|2.0|автомат|306|бензин|4f5b387f6
Volvo|V60|I Рестайлинг|2013|2018|Универсал 5 дв.|2.0|автомат|367|бензин|4f5b387f6
Volvo|V60|I Рестайлинг|2013|2018|Универсал 5 дв.|2.0|механика|120|дизель|4f5b387f6
Volvo|V60|I Рестайлинг|2013|2018|Универсал 5 дв.|2.0|механика|136|дизель|4f5b387f6
Volvo|V60|I Рестайлинг|2013|2018|Универсал 5 дв.|2.0|механика|150|дизель|4f5b387f6
Volvo|V60|I Рестайлинг|2013|2018|Универсал 5 дв.|2.0|механика|152|бензин|4f5b387f6
Volvo|V60|I Рестайлинг|2013|2018|Универсал 5 дв.|2.0|механика|163|дизель|4f5b387f6
Volvo|V60|I Рестайлинг|2013|2018|Универсал 5 дв.|2.0|механика|181|дизель|4f5b387f6
Volvo|V60|I Рестайлинг|2013|2018|Универсал 5 дв.|2.0|механика|190|бензин|4f5b387f6
Volvo|V60|I Рестайлинг|2013|2018|Универсал 5 дв.|2.0|механика|190|дизель|4f5b387f6
Volvo|V60|I Рестайлинг|2013|2018|Универсал 5 дв.|2.0|механика|240|бензин|4f5b387f6
Volvo|V60|I Рестайлинг|2013|2018|Универсал 5 дв.|2.4|автомат|163|дизель|4f5b387f6
Volvo|V60|I Рестайлинг|2013|2018|Универсал 5 дв.|2.4|автомат|181|дизель|4f5b387f6
Volvo|V60|I Рестайлинг|2013|2018|Универсал 5 дв.|2.4|автомат|190|дизель|4f5b387f6
Volvo|V60|I Рестайлинг|2013|2018|Универсал 5 дв.|2.4|автомат|215|дизель|4f5b387f6
Volvo|V60|I Рестайлинг|2013|2018|Универсал 5 дв.|2.4|механика|215|дизель|4f5b387f6
Volvo|V60|I Рестайлинг|2013|2018|Универсал 5 дв.|3.0|автомат|304|бензин|4f5b387f6
Volvo|V60|I Рестайлинг|2013|2018|Универсал 5 дв.|3.0|автомат|350|бензин|4f5b387f6
Volvo|V60|II|2018|н.в.|Универсал 5 дв.|2.0|автомат|150|дизель|8ea419722
Volvo|V60|II|2018|н.в.|Универсал 5 дв.|2.0|автомат|163|бензин|8ea419722
Volvo|V60|II|2018|н.в.|Универсал 5 дв.|2.0|автомат|190|бензин|8ea419722
Volvo|V60|II|2018|н.в.|Универсал 5 дв.|2.0|автомат|190|дизель|8ea419722
Volvo|V60|II|2018|н.в.|Универсал 5 дв.|2.0|автомат|197|бензин|8ea419722
Volvo|V60|II|2018|н.в.|Универсал 5 дв.|2.0|автомат|197|дизель|8ea419722
Volvo|V60|II|2018|н.в.|Универсал 5 дв.|2.0|автомат|250|бензин|8ea419722
Volvo|V60|II|2018|н.в.|Универсал 5 дв.|2.0|автомат|300|бензин|8ea419722
Volvo|V60|II|2018|н.в.|Универсал 5 дв.|2.0|автомат|310|бензин|8ea419722
Volvo|V60|II|2018|н.в.|Универсал 5 дв.|2.0|автомат|340|гибрид|8ea419722
Volvo|V60|II|2018|н.в.|Универсал 5 дв.|2.0|автомат|390|гибрид|8ea419722
Volvo|V60|II|2018|н.в.|Универсал 5 дв.|2.0|автомат|405|гибрид|8ea419722
Volvo|V60|II|2018|н.в.|Универсал 5 дв.|2.0|механика|150|дизель|8ea419722
Volvo|V60|II|2018|н.в.|Универсал 5 дв.|2.0|механика|190|дизель|8ea419722
Volvo|V60|I|2010|2013|Универсал 5 дв.|1.6|автомат|150|бензин|a6fb8f6b4
Volvo|V60|I|2010|2013|Универсал 5 дв.|1.6|автомат|180|бензин|a6fb8f6b4
Volvo|V60|I|2010|2013|Универсал 5 дв.|1.6|механика|115|дизель|a6fb8f6b4
Volvo|V60|I|2010|2013|Универсал 5 дв.|1.6|механика|150|бензин|a6fb8f6b4
Volvo|V60|I|2010|2013|Универсал 5 дв.|1.6|механика|180|бензин|a6fb8f6b4
Volvo|V60|I|2010|2013|Универсал 5 дв.|1.6|робот|115|дизель|a6fb8f6b4
Volvo|V60|I|2010|2013|Универсал 5 дв.|2.0|автомат|136|дизель|a6fb8f6b4
Volvo|V60|I|2010|2013|Универсал 5 дв.|2.0|автомат|163|дизель|a6fb8f6b4
Volvo|V60|I|2010|2013|Универсал 5 дв.|2.0|автомат|181|дизель|a6fb8f6b4
Volvo|V60|I|2010|2013|Универсал 5 дв.|2.0|автомат|203|бензин|a6fb8f6b4
Volvo|V60|I|2010|2013|Универсал 5 дв.|2.0|автомат|240|бензин|a6fb8f6b4
Volvo|V60|I|2010|2013|Универсал 5 дв.|2.0|автомат|245|бензин|a6fb8f6b4
Volvo|V60|I|2010|2013|Универсал 5 дв.|2.0|механика|136|дизель|a6fb8f6b4
Volvo|V60|I|2010|2013|Универсал 5 дв.|2.0|механика|163|дизель|a6fb8f6b4
Volvo|V60|I|2010|2013|Универсал 5 дв.|2.0|механика|181|дизель|a6fb8f6b4
Volvo|V60|I|2010|2013|Универсал 5 дв.|2.0|механика|203|бензин|a6fb8f6b4
Volvo|V60|I|2010|2013|Универсал 5 дв.|2.4|автомат|205|дизель|a6fb8f6b4
Volvo|V60|I|2010|2013|Универсал 5 дв.|2.4|автомат|215|дизель|a6fb8f6b4
Volvo|V60|I|2010|2013|Универсал 5 дв.|2.4|механика|205|дизель|a6fb8f6b4
Volvo|V60|I|2010|2013|Универсал 5 дв.|2.4|механика|215|дизель|a6fb8f6b4
Volvo|V60|I|2010|2013|Универсал 5 дв.|3.0|автомат|304|бензин|a6fb8f6b4
Volvo|V70|II Рестайлинг|2004|2007|Универсал 5 дв.|2.0|автомат|180|бензин|8c148d924
Volvo|V70|II Рестайлинг|2004|2007|Универсал 5 дв.|2.0|механика|180|бензин|8c148d924
Volvo|V70|II Рестайлинг|2004|2007|Универсал 5 дв.|2.4|автомат|131|дизель|8c148d924
Volvo|V70|II Рестайлинг|2004|2007|Универсал 5 дв.|2.4|автомат|140|бензин|8c148d924
Volvo|V70|II Рестайлинг|2004|2007|Универсал 5 дв.|2.4|автомат|163|дизель|8c148d924
Volvo|V70|II Рестайлинг|2004|2007|Универсал 5 дв.|2.4|автомат|170|бензин|8c148d924
Volvo|V70|II Рестайлинг|2004|2007|Универсал 5 дв.|2.4|автомат|185|дизель|8c148d924
Volvo|V70|II Рестайлинг|2004|2007|Универсал 5 дв.|2.4|автомат|260|бензин|8c148d924
Volvo|V70|II Рестайлинг|2004|2007|Универсал 5 дв.|2.4|механика|131|дизель|8c148d924
Volvo|V70|II Рестайлинг|2004|2007|Универсал 5 дв.|2.4|механика|140|бензин|8c148d924
Volvo|V70|II Рестайлинг|2004|2007|Универсал 5 дв.|2.4|механика|163|дизель|8c148d924
Volvo|V70|II Рестайлинг|2004|2007|Универсал 5 дв.|2.4|механика|170|бензин|8c148d924
Volvo|V70|II Рестайлинг|2004|2007|Универсал 5 дв.|2.4|механика|185|дизель|8c148d924
Volvo|V70|II Рестайлинг|2004|2007|Универсал 5 дв.|2.4|механика|260|бензин|8c148d924
Volvo|V70|II Рестайлинг|2004|2007|Универсал 5 дв.|2.5|автомат|210|бензин|8c148d924
Volvo|V70|II Рестайлинг|2004|2007|Универсал 5 дв.|2.5|автомат|300|бензин|8c148d924
Volvo|V70|II Рестайлинг|2004|2007|Универсал 5 дв.|2.5|механика|210|бензин|8c148d924
Volvo|V70|II Рестайлинг|2004|2007|Универсал 5 дв.|2.5|механика|300|бензин|8c148d924
Volvo|V70|III Рестайлинг|2013|2016|Универсал 5 дв.|1.6|механика|115|дизель|e7a0d3c84
Volvo|V70|III Рестайлинг|2013|2016|Универсал 5 дв.|1.6|механика|180|бензин|e7a0d3c84
Volvo|V70|III Рестайлинг|2013|2016|Универсал 5 дв.|1.6|робот|115|дизель|e7a0d3c84
Volvo|V70|III Рестайлинг|2013|2016|Универсал 5 дв.|1.6|робот|180|бензин|e7a0d3c84
Volvo|V70|III Рестайлинг|2013|2016|Универсал 5 дв.|2.0|автомат|120|дизель|e7a0d3c84
Volvo|V70|III Рестайлинг|2013|2016|Универсал 5 дв.|2.0|автомат|136|дизель|e7a0d3c84
Volvo|V70|III Рестайлинг|2013|2016|Универсал 5 дв.|2.0|автомат|150|дизель|e7a0d3c84
Volvo|V70|III Рестайлинг|2013|2016|Универсал 5 дв.|2.0|автомат|163|дизель|e7a0d3c84
Volvo|V70|III Рестайлинг|2013|2016|Универсал 5 дв.|2.0|автомат|181|дизель|e7a0d3c84
Volvo|V70|III Рестайлинг|2013|2016|Универсал 5 дв.|2.0|автомат|190|бензин|e7a0d3c84
Volvo|V70|III Рестайлинг|2013|2016|Универсал 5 дв.|2.0|автомат|245|бензин|e7a0d3c84
Volvo|V70|III Рестайлинг|2013|2016|Универсал 5 дв.|2.0|механика|120|дизель|e7a0d3c84
Volvo|V70|III Рестайлинг|2013|2016|Универсал 5 дв.|2.0|механика|136|дизель|e7a0d3c84
Volvo|V70|III Рестайлинг|2013|2016|Универсал 5 дв.|2.0|механика|150|дизель|e7a0d3c84
Volvo|V70|III Рестайлинг|2013|2016|Универсал 5 дв.|2.0|механика|163|дизель|e7a0d3c84
Volvo|V70|III Рестайлинг|2013|2016|Универсал 5 дв.|2.0|механика|181|дизель|e7a0d3c84
Volvo|V70|III Рестайлинг|2013|2016|Универсал 5 дв.|2.0|механика|190|бензин|e7a0d3c84
Volvo|V70|III Рестайлинг|2013|2016|Универсал 5 дв.|2.4|автомат|163|дизель|e7a0d3c84
Volvo|V70|III Рестайлинг|2013|2016|Универсал 5 дв.|2.4|автомат|181|дизель|e7a0d3c84
Volvo|V70|III Рестайлинг|2013|2016|Универсал 5 дв.|2.4|автомат|215|дизель|e7a0d3c84
Volvo|V70|III Рестайлинг|2013|2016|Универсал 5 дв.|2.4|механика|215|дизель|e7a0d3c84
Volvo|V70|III Рестайлинг|2013|2016|Универсал 5 дв.|3.0|автомат|304|бензин|e7a0d3c84
Volvo|V70|III|2007|2013|Универсал 5 дв.|1.6|механика|109|дизель|4248d00b8
Volvo|V70|III|2007|2013|Универсал 5 дв.|1.6|механика|115|дизель|4248d00b8
Volvo|V70|III|2007|2013|Универсал 5 дв.|1.6|механика|180|бензин|4248d00b8
Volvo|V70|III|2007|2013|Универсал 5 дв.|1.6|робот|109|дизель|4248d00b8
Volvo|V70|III|2007|2013|Универсал 5 дв.|1.6|робот|115|дизель|4248d00b8
Volvo|V70|III|2007|2013|Универсал 5 дв.|1.6|робот|180|бензин|4248d00b8
Volvo|V70|III|2007|2013|Универсал 5 дв.|2.0|автомат|136|дизель|4248d00b8
Volvo|V70|III|2007|2013|Универсал 5 дв.|2.0|автомат|145|бензин|4248d00b8
Volvo|V70|III|2007|2013|Универсал 5 дв.|2.0|автомат|163|дизель|4248d00b8
Volvo|V70|III|2007|2013|Универсал 5 дв.|2.0|автомат|203|бензин|4248d00b8
Volvo|V70|III|2007|2013|Универсал 5 дв.|2.0|механика|136|дизель|4248d00b8
Volvo|V70|III|2007|2013|Универсал 5 дв.|2.0|механика|145|бензин|4248d00b8
Volvo|V70|III|2007|2013|Универсал 5 дв.|2.0|механика|163|дизель|4248d00b8
Volvo|V70|III|2007|2013|Универсал 5 дв.|2.0|механика|203|бензин|4248d00b8
Volvo|V70|III|2007|2013|Универсал 5 дв.|2.0|механика|240|бензин|4248d00b8
Volvo|V70|III|2007|2013|Универсал 5 дв.|2.0|робот|145|бензин|4248d00b8
Volvo|V70|III|2007|2013|Универсал 5 дв.|2.0|робот|240|бензин|4248d00b8
Volvo|V70|III|2007|2013|Универсал 5 дв.|2.4|автомат|163|дизель|4248d00b8
Volvo|V70|III|2007|2013|Универсал 5 дв.|2.4|автомат|175|дизель|4248d00b8
Volvo|V70|III|2007|2013|Универсал 5 дв.|2.4|автомат|185|дизель|4248d00b8
Volvo|V70|III|2007|2013|Универсал 5 дв.|2.4|автомат|205|дизель|4248d00b8
Volvo|V70|III|2007|2013|Универсал 5 дв.|2.4|автомат|215|дизель|4248d00b8
Volvo|V70|III|2007|2013|Универсал 5 дв.|2.4|механика|175|дизель|4248d00b8
Volvo|V70|III|2007|2013|Универсал 5 дв.|2.4|механика|185|дизель|4248d00b8
Volvo|V70|III|2007|2013|Универсал 5 дв.|2.4|механика|215|дизель|4248d00b8
Volvo|V70|III|2007|2013|Универсал 5 дв.|2.5|автомат|200|бензин|4248d00b8
Volvo|V70|III|2007|2013|Универсал 5 дв.|2.5|автомат|231|бензин|4248d00b8
Volvo|V70|III|2007|2013|Универсал 5 дв.|2.5|механика|200|бензин|4248d00b8
Volvo|V70|III|2007|2013|Универсал 5 дв.|2.5|механика|231|бензин|4248d00b8
Volvo|V70|III|2007|2013|Универсал 5 дв.|3.0|автомат|286|бензин|4248d00b8
Volvo|V70|III|2007|2013|Универсал 5 дв.|3.0|автомат|304|бензин|4248d00b8
Volvo|V70|III|2007|2013|Универсал 5 дв.|3.2|автомат|238|бензин|4248d00b8
Volvo|V70|III|2007|2013|Универсал 5 дв.|3.2|автомат|243|бензин|4248d00b8
Volvo|V70|II|2000|2004|Универсал 5 дв.|2.0|автомат|180|бензин|e341ace9e
Volvo|V70|II|2000|2004|Универсал 5 дв.|2.0|механика|180|бензин|e341ace9e
Volvo|V70|II|2000|2004|Универсал 5 дв.|2.3|автомат|250|бензин|e341ace9e
Volvo|V70|II|2000|2004|Универсал 5 дв.|2.3|механика|250|бензин|e341ace9e
Volvo|V70|II|2000|2004|Универсал 5 дв.|2.4|автомат|131|дизель|e341ace9e
Volvo|V70|II|2000|2004|Универсал 5 дв.|2.4|автомат|140|бензин|e341ace9e
Volvo|V70|II|2000|2004|Универсал 5 дв.|2.4|автомат|163|дизель|e341ace9e
Volvo|V70|II|2000|2004|Универсал 5 дв.|2.4|автомат|170|бензин|e341ace9e
Volvo|V70|II|2000|2004|Универсал 5 дв.|2.4|автомат|200|бензин|e341ace9e
Volvo|V70|II|2000|2004|Универсал 5 дв.|2.4|механика|131|дизель|e341ace9e
Volvo|V70|II|2000|2004|Универсал 5 дв.|2.4|механика|140|бензин|e341ace9e
Volvo|V70|II|2000|2004|Универсал 5 дв.|2.4|механика|163|дизель|e341ace9e
Volvo|V70|II|2000|2004|Универсал 5 дв.|2.4|механика|170|бензин|e341ace9e
Volvo|V70|II|2000|2004|Универсал 5 дв.|2.4|механика|200|бензин|e341ace9e
Volvo|V70|II|2000|2004|Универсал 5 дв.|2.5|автомат|210|бензин|e341ace9e
Volvo|V70|II|2000|2004|Универсал 5 дв.|2.5|автомат|300|бензин|e341ace9e
Volvo|V70|II|2000|2004|Универсал 5 дв.|2.5|механика|140|дизель|e341ace9e
Volvo|V70|II|2000|2004|Универсал 5 дв.|2.5|механика|210|бензин|e341ace9e
Volvo|V70|II|2000|2004|Универсал 5 дв.|2.5|механика|300|бензин|e341ace9e
Volvo|V70|I|1997|2000|Универсал 5 дв. XC|2.0|автомат|226|бензин|cc00c5178
Volvo|V70|I|1997|2000|Универсал 5 дв. XC|2.0|механика|226|бензин|cc00c5178
Volvo|V70|I|1997|2000|Универсал 5 дв. XC|2.3|автомат|240|бензин|cc00c5178
Volvo|V70|I|1997|2000|Универсал 5 дв. XC|2.4|автомат|193|бензин|cc00c5178
Volvo|V70|I|1997|2000|Универсал 5 дв. XC|2.4|автомат|261|бензин|cc00c5178
Volvo|V70|I|1997|2000|Универсал 5 дв. XC|2.4|механика|193|бензин|cc00c5178
Volvo|V70|I|1997|2000|Универсал 5 дв.|2.0|автомат|126|бензин|278dceeb3
Volvo|V70|I|1997|2000|Универсал 5 дв.|2.0|автомат|143|бензин|278dceeb3
Volvo|V70|I|1997|2000|Универсал 5 дв.|2.0|автомат|180|бензин|278dceeb3
Volvo|V70|I|1997|2000|Универсал 5 дв.|2.0|автомат|211|бензин|278dceeb3
Volvo|V70|I|1997|2000|Универсал 5 дв.|2.0|автомат|225|бензин|278dceeb3
Volvo|V70|I|1997|2000|Универсал 5 дв.|2.0|механика|126|бензин|278dceeb3
Volvo|V70|I|1997|2000|Универсал 5 дв.|2.0|механика|143|бензин|278dceeb3
Volvo|V70|I|1997|2000|Универсал 5 дв.|2.0|механика|180|бензин|278dceeb3
Volvo|V70|I|1997|2000|Универсал 5 дв.|2.0|механика|211|бензин|278dceeb3
Volvo|V70|I|1997|2000|Универсал 5 дв.|2.0|механика|225|бензин|278dceeb3
Volvo|V70|I|1997|2000|Универсал 5 дв.|2.3|автомат|240|бензин|278dceeb3
Volvo|V70|I|1997|2000|Универсал 5 дв.|2.3|механика|240|бензин|278dceeb3
Volvo|V70|I|1997|2000|Универсал 5 дв.|2.3|механика|250|бензин|278dceeb3
Volvo|V70|I|1997|2000|Универсал 5 дв.|2.4|автомат|140|бензин|278dceeb3
Volvo|V70|I|1997|2000|Универсал 5 дв.|2.4|автомат|144|бензин|278dceeb3
Volvo|V70|I|1997|2000|Универсал 5 дв.|2.4|автомат|170|бензин|278dceeb3
Volvo|V70|I|1997|2000|Универсал 5 дв.|2.4|автомат|193|бензин|278dceeb3
Volvo|V70|I|1997|2000|Универсал 5 дв.|2.4|автомат|265|бензин|278dceeb3
Volvo|V70|I|1997|2000|Универсал 5 дв.|2.4|механика|140|бензин|278dceeb3
Volvo|V70|I|1997|2000|Универсал 5 дв.|2.4|механика|144|бензин|278dceeb3
Volvo|V70|I|1997|2000|Универсал 5 дв.|2.4|механика|170|бензин|278dceeb3
Volvo|V70|I|1997|2000|Универсал 5 дв.|2.4|механика|193|бензин|278dceeb3
Volvo|V70|I|1997|2000|Универсал 5 дв.|2.5|автомат|140|дизель|278dceeb3
Volvo|V70|I|1997|2000|Универсал 5 дв.|2.5|механика|140|дизель|278dceeb3
Volvo|V90 Cross Country|I Рестайлинг|2020|н.в.|Универсал 5 дв.|2.0|автомат|190|дизель|a02b80ac7
Volvo|V90 Cross Country|I Рестайлинг|2020|н.в.|Универсал 5 дв.|2.0|автомат|197|дизель|a02b80ac7
Volvo|V90 Cross Country|I Рестайлинг|2020|н.в.|Универсал 5 дв.|2.0|автомат|235|дизель|a02b80ac7
Volvo|V90 Cross Country|I Рестайлинг|2020|н.в.|Универсал 5 дв.|2.0|автомат|249|бензин|a02b80ac7
Volvo|V90 Cross Country|I Рестайлинг|2020|н.в.|Универсал 5 дв.|2.0|автомат|300|бензин|a02b80ac7
Volvo|V90 Cross Country|I Рестайлинг|2020|н.в.|Универсал 5 дв.|2.0|механика|190|дизель|a02b80ac7
Volvo|V90 Cross Country|I|2016|2020|Универсал 5 дв.|2.0|автомат|190|дизель|8586dd296
Volvo|V90 Cross Country|I|2016|2020|Универсал 5 дв.|2.0|автомат|235|дизель|8586dd296
Volvo|V90 Cross Country|I|2016|2020|Универсал 5 дв.|2.0|автомат|249|бензин|8586dd296
Volvo|V90 Cross Country|I|2016|2020|Универсал 5 дв.|2.0|автомат|254|бензин|8586dd296
Volvo|V90 Cross Country|I|2016|2020|Универсал 5 дв.|2.0|автомат|310|бензин|8586dd296
Volvo|V90 Cross Country|I|2016|2020|Универсал 5 дв.|2.0|автомат|320|бензин|8586dd296
Volvo|V90 Cross Country|I|2016|2020|Универсал 5 дв.|2.0|механика|190|дизель|8586dd296
Volvo|V90|II Рестайлинг|2020|н.в.|Универсал 5 дв.|2.0|автомат|150|дизель|80487710e
Volvo|V90|II Рестайлинг|2020|н.в.|Универсал 5 дв.|2.0|автомат|190|дизель|80487710e
Volvo|V90|II Рестайлинг|2020|н.в.|Универсал 5 дв.|2.0|автомат|197|бензин|80487710e
Volvo|V90|II Рестайлинг|2020|н.в.|Универсал 5 дв.|2.0|автомат|197|дизель|80487710e
Volvo|V90|II Рестайлинг|2020|н.в.|Универсал 5 дв.|2.0|автомат|235|дизель|80487710e
Volvo|V90|II Рестайлинг|2020|н.в.|Универсал 5 дв.|2.0|автомат|250|бензин|80487710e
Volvo|V90|II Рестайлинг|2020|н.в.|Универсал 5 дв.|2.0|автомат|253|гибрид|80487710e
Volvo|V90|II Рестайлинг|2020|н.в.|Универсал 5 дв.|2.0|автомат|300|бензин|80487710e
Volvo|V90|II Рестайлинг|2020|н.в.|Универсал 5 дв.|2.0|автомат|303|гибрид|80487710e
Volvo|V90|II Рестайлинг|2020|н.в.|Универсал 5 дв.|2.0|механика|150|дизель|80487710e
Volvo|V90|II Рестайлинг|2020|н.в.|Универсал 5 дв.|2.0|механика|190|дизель|80487710e
Volvo|V90|II|2016|2020|Универсал 5 дв.|2.0|автомат|150|дизель|1debeb234
Volvo|V90|II|2016|2020|Универсал 5 дв.|2.0|автомат|190|бензин|1debeb234
Volvo|V90|II|2016|2020|Универсал 5 дв.|2.0|автомат|190|дизель|1debeb234
Volvo|V90|II|2016|2020|Универсал 5 дв.|2.0|автомат|235|дизель|1debeb234
Volvo|V90|II|2016|2020|Универсал 5 дв.|2.0|автомат|250|бензин|1debeb234
Volvo|V90|II|2016|2020|Универсал 5 дв.|2.0|автомат|254|бензин|1debeb234
Volvo|V90|II|2016|2020|Универсал 5 дв.|2.0|автомат|303|гибрид|1debeb234
Volvo|V90|II|2016|2020|Универсал 5 дв.|2.0|автомат|310|бензин|1debeb234
Volvo|V90|II|2016|2020|Универсал 5 дв.|2.0|автомат|320|бензин|1debeb234
Volvo|V90|II|2016|2020|Универсал 5 дв.|2.0|автомат|320|гибрид|1debeb234
Volvo|V90|II|2016|2020|Универсал 5 дв.|2.0|механика|150|дизель|1debeb234
Volvo|V90|II|2016|2020|Универсал 5 дв.|2.0|механика|190|дизель|1debeb234
Volvo|V90|I|1997|2000|Универсал 5 дв.|2.9|автомат|180|бензин|af435284e
Volvo|V90|I|1997|2000|Универсал 5 дв.|2.9|автомат|204|бензин|af435284e
Volvo|V90|I|1997|2000|Универсал 5 дв.|2.9|механика|180|бензин|af435284e
Volvo|XC40|I|2017|н.в.|Внедорожник 5 дв.|1.5|автомат|129|бензин|0e940e7c8
Volvo|XC40|I|2017|н.в.|Внедорожник 5 дв.|1.5|автомат|150|бензин|0e940e7c8
Volvo|XC40|I|2017|н.в.|Внедорожник 5 дв.|1.5|автомат|163|бензин|0e940e7c8
Volvo|XC40|I|2017|н.в.|Внедорожник 5 дв.|1.5|механика|129|бензин|0e940e7c8
Volvo|XC40|I|2017|н.в.|Внедорожник 5 дв.|1.5|механика|156|бензин|0e940e7c8
Volvo|XC40|I|2017|н.в.|Внедорожник 5 дв.|1.5|механика|163|бензин|0e940e7c8
Volvo|XC40|I|2017|н.в.|Внедорожник 5 дв.|1.5|робот|129|гибрид|0e940e7c8
Volvo|XC40|I|2017|н.в.|Внедорожник 5 дв.|1.5|робот|180|гибрид|0e940e7c8
Volvo|XC40|I|2017|н.в.|Внедорожник 5 дв.|2.0|автомат|150|дизель|0e940e7c8
Volvo|XC40|I|2017|н.в.|Внедорожник 5 дв.|2.0|автомат|190|бензин|0e940e7c8
Volvo|XC40|I|2017|н.в.|Внедорожник 5 дв.|2.0|автомат|190|дизель|0e940e7c8
Volvo|XC40|I|2017|н.в.|Внедорожник 5 дв.|2.0|автомат|197|бензин|0e940e7c8
Volvo|XC40|I|2017|н.в.|Внедорожник 5 дв.|2.0|автомат|247|бензин|0e940e7c8
Volvo|XC40|I|2017|н.в.|Внедорожник 5 дв.|2.0|автомат|249|бензин|0e940e7c8
Volvo|XC40|I|2017|н.в.|Внедорожник 5 дв.|2.0|механика|150|дизель|0e940e7c8
Volvo|XC40|I|2017|н.в.|Внедорожник 5 дв.||автомат|408|электро|0e940e7c8
Volvo|XC60|I Рестайлинг|2013|2017|Внедорожник 5 дв.|2.0|автомат|136|дизель|6d7f52504
Volvo|XC60|I Рестайлинг|2013|2017|Внедорожник 5 дв.|2.0|автомат|150|дизель|6d7f52504
Volvo|XC60|I Рестайлинг|2013|2017|Внедорожник 5 дв.|2.0|автомат|163|дизель|6d7f52504
Volvo|XC60|I Рестайлинг|2013|2017|Внедорожник 5 дв.|2.0|автомат|181|дизель|6d7f52504
Volvo|XC60|I Рестайлинг|2013|2017|Внедорожник 5 дв.|2.0|автомат|190|дизель|6d7f52504
Volvo|XC60|I Рестайлинг|2013|2017|Внедорожник 5 дв.|2.0|автомат|245|бензин|6d7f52504
Volvo|XC60|I Рестайлинг|2013|2017|Внедорожник 5 дв.|2.0|автомат|306|бензин|6d7f52504
Volvo|XC60|I Рестайлинг|2013|2017|Внедорожник 5 дв.|2.0|механика|136|дизель|6d7f52504
Volvo|XC60|I Рестайлинг|2013|2017|Внедорожник 5 дв.|2.0|механика|150|дизель|6d7f52504
Volvo|XC60|I Рестайлинг|2013|2017|Внедорожник 5 дв.|2.0|механика|163|дизель|6d7f52504
Volvo|XC60|I Рестайлинг|2013|2017|Внедорожник 5 дв.|2.0|механика|181|дизель|6d7f52504
Volvo|XC60|I Рестайлинг|2013|2017|Внедорожник 5 дв.|2.0|механика|190|дизель|6d7f52504
Volvo|XC60|I Рестайлинг|2013|2017|Внедорожник 5 дв.|2.0|робот|240|бензин|6d7f52504
Volvo|XC60|I Рестайлинг|2013|2017|Внедорожник 5 дв.|2.4|автомат|163|дизель|6d7f52504
Volvo|XC60|I Рестайлинг|2013|2017|Внедорожник 5 дв.|2.4|автомат|181|дизель|6d7f52504
Volvo|XC60|I Рестайлинг|2013|2017|Внедорожник 5 дв.|2.4|автомат|190|дизель|6d7f52504
Volvo|XC60|I Рестайлинг|2013|2017|Внедорожник 5 дв.|2.4|автомат|215|дизель|6d7f52504
Volvo|XC60|I Рестайлинг|2013|2017|Внедорожник 5 дв.|2.4|автомат|220|дизель|6d7f52504
Volvo|XC60|I Рестайлинг|2013|2017|Внедорожник 5 дв.|2.4|механика|163|дизель|6d7f52504
Volvo|XC60|I Рестайлинг|2013|2017|Внедорожник 5 дв.|2.4|механика|181|дизель|6d7f52504
Volvo|XC60|I Рестайлинг|2013|2017|Внедорожник 5 дв.|2.4|механика|190|дизель|6d7f52504
Volvo|XC60|I Рестайлинг|2013|2017|Внедорожник 5 дв.|2.4|механика|215|дизель|6d7f52504
Volvo|XC60|I Рестайлинг|2013|2017|Внедорожник 5 дв.|2.4|механика|220|дизель|6d7f52504
Volvo|XC60|I Рестайлинг|2013|2017|Внедорожник 5 дв.|2.5|автомат|249|бензин|6d7f52504
Volvo|XC60|I Рестайлинг|2013|2017|Внедорожник 5 дв.|2.5|автомат|254|бензин|6d7f52504
Volvo|XC60|I Рестайлинг|2013|2017|Внедорожник 5 дв.|3.0|автомат|304|бензин|6d7f52504
Volvo|XC60|II|2017|н.в.|Внедорожник 5 дв.|2.0|автомат|190|бензин|aaf610315
Volvo|XC60|II|2017|н.в.|Внедорожник 5 дв.|2.0|автомат|190|дизель|aaf610315
Volvo|XC60|II|2017|н.в.|Внедорожник 5 дв.|2.0|автомат|197|бензин|aaf610315
Volvo|XC60|II|2017|н.в.|Внедорожник 5 дв.|2.0|автомат|197|дизель|aaf610315
Volvo|XC60|II|2017|н.в.|Внедорожник 5 дв.|2.0|автомат|235|дизель|aaf610315
Volvo|XC60|II|2017|н.в.|Внедорожник 5 дв.|2.0|автомат|249|бензин|aaf610315
Volvo|XC60|II|2017|н.в.|Внедорожник 5 дв.|2.0|автомат|250|бензин|aaf610315
Volvo|XC60|II|2017|н.в.|Внедорожник 5 дв.|2.0|автомат|253|гибрид|aaf610315
Volvo|XC60|II|2017|н.в.|Внедорожник 5 дв.|2.0|автомат|254|бензин|aaf610315
Volvo|XC60|II|2017|н.в.|Внедорожник 5 дв.|2.0|автомат|300|бензин|aaf610315
Volvo|XC60|II|2017|н.в.|Внедорожник 5 дв.|2.0|автомат|303|гибрид|aaf610315
Volvo|XC60|II|2017|н.в.|Внедорожник 5 дв.|2.0|автомат|310|бензин|aaf610315
Volvo|XC60|II|2017|н.в.|Внедорожник 5 дв.|2.0|автомат|318|гибрид|aaf610315
Volvo|XC60|II|2017|н.в.|Внедорожник 5 дв.|2.0|автомат|320|бензин|aaf610315
Volvo|XC60|II|2017|н.в.|Внедорожник 5 дв.|2.0|автомат|407|гибрид|aaf610315
Volvo|XC60|II|2017|н.в.|Внедорожник 5 дв.|2.0|механика|150|дизель|aaf610315
Volvo|XC60|II|2017|н.в.|Внедорожник 5 дв.|2.0|механика|190|дизель|aaf610315
Volvo|XC60|I|2008|2013|Внедорожник 5 дв.|2.0|автомат|136|дизель|55cf15867
Volvo|XC60|I|2008|2013|Внедорожник 5 дв.|2.0|автомат|163|дизель|55cf15867
Volvo|XC60|I|2008|2013|Внедорожник 5 дв.|2.0|автомат|181|дизель|55cf15867
Volvo|XC60|I|2008|2013|Внедорожник 5 дв.|2.0|автомат|245|бензин|55cf15867
Volvo|XC60|I|2008|2013|Внедорожник 5 дв.|2.0|механика|136|дизель|55cf15867
Volvo|XC60|I|2008|2013|Внедорожник 5 дв.|2.0|механика|163|дизель|55cf15867
Volvo|XC60|I|2008|2013|Внедорожник 5 дв.|2.0|механика|181|дизель|55cf15867
Volvo|XC60|I|2008|2013|Внедорожник 5 дв.|2.0|робот|203|бензин|55cf15867
Volvo|XC60|I|2008|2013|Внедорожник 5 дв.|2.0|робот|240|бензин|55cf15867
Volvo|XC60|I|2008|2013|Внедорожник 5 дв.|2.4|автомат|163|дизель|55cf15867
Volvo|XC60|I|2008|2013|Внедорожник 5 дв.|2.4|автомат|175|дизель|55cf15867
Volvo|XC60|I|2008|2013|Внедорожник 5 дв.|2.4|автомат|181|дизель|55cf15867
Volvo|XC60|I|2008|2013|Внедорожник 5 дв.|2.4|автомат|185|дизель|55cf15867
Volvo|XC60|I|2008|2013|Внедорожник 5 дв.|2.4|автомат|205|дизель|55cf15867
Volvo|XC60|I|2008|2013|Внедорожник 5 дв.|2.4|автомат|215|дизель|55cf15867
Volvo|XC60|I|2008|2013|Внедорожник 5 дв.|2.4|механика|163|дизель|55cf15867
Volvo|XC60|I|2008|2013|Внедорожник 5 дв.|2.4|механика|175|дизель|55cf15867
Volvo|XC60|I|2008|2013|Внедорожник 5 дв.|2.4|механика|181|дизель|55cf15867
Volvo|XC60|I|2008|2013|Внедорожник 5 дв.|2.4|механика|185|дизель|55cf15867
Volvo|XC60|I|2008|2013|Внедорожник 5 дв.|2.4|механика|205|дизель|55cf15867
Volvo|XC60|I|2008|2013|Внедорожник 5 дв.|2.4|механика|215|дизель|55cf15867
Volvo|XC60|I|2008|2013|Внедорожник 5 дв.|3.0|автомат|286|бензин|55cf15867
Volvo|XC60|I|2008|2013|Внедорожник 5 дв.|3.0|автомат|304|бензин|55cf15867
Volvo|XC60|I|2008|2013|Внедорожник 5 дв.|3.2|автомат|238|бензин|55cf15867
Volvo|XC60|I|2008|2013|Внедорожник 5 дв.|3.2|автомат|243|бензин|55cf15867
Volvo|XC70|I Рестайлинг|2004|2007|Универсал 5 дв.|2.4|автомат|163|дизель|2670c907d
Volvo|XC70|I Рестайлинг|2004|2007|Универсал 5 дв.|2.4|автомат|185|дизель|2670c907d
Volvo|XC70|I Рестайлинг|2004|2007|Универсал 5 дв.|2.4|механика|163|дизель|2670c907d
Volvo|XC70|I Рестайлинг|2004|2007|Универсал 5 дв.|2.4|механика|185|дизель|2670c907d
Volvo|XC70|I Рестайлинг|2004|2007|Универсал 5 дв.|2.5|автомат|210|бензин|2670c907d
Volvo|XC70|I Рестайлинг|2004|2007|Универсал 5 дв.|2.5|механика|210|бензин|2670c907d
Volvo|XC70|II Рестайлинг|2013|2016|Универсал 5 дв.|2.0|автомат|163|дизель|7ad4e3984
Volvo|XC70|II Рестайлинг|2013|2016|Универсал 5 дв.|2.0|автомат|181|дизель|7ad4e3984
Volvo|XC70|II Рестайлинг|2013|2016|Универсал 5 дв.|2.0|автомат|245|бензин|7ad4e3984
Volvo|XC70|II Рестайлинг|2013|2016|Универсал 5 дв.|2.0|механика|163|дизель|7ad4e3984
Volvo|XC70|II Рестайлинг|2013|2016|Универсал 5 дв.|2.0|механика|181|дизель|7ad4e3984
Volvo|XC70|II Рестайлинг|2013|2016|Универсал 5 дв.|2.4|автомат|163|дизель|7ad4e3984
Volvo|XC70|II Рестайлинг|2013|2016|Универсал 5 дв.|2.4|автомат|181|дизель|7ad4e3984
Volvo|XC70|II Рестайлинг|2013|2016|Универсал 5 дв.|2.4|автомат|215|дизель|7ad4e3984
Volvo|XC70|II Рестайлинг|2013|2016|Универсал 5 дв.|2.4|автомат|220|дизель|7ad4e3984
Volvo|XC70|II Рестайлинг|2013|2016|Универсал 5 дв.|2.4|механика|163|дизель|7ad4e3984
Volvo|XC70|II Рестайлинг|2013|2016|Универсал 5 дв.|2.4|механика|181|дизель|7ad4e3984
Volvo|XC70|II Рестайлинг|2013|2016|Универсал 5 дв.|2.4|механика|215|дизель|7ad4e3984
Volvo|XC70|II Рестайлинг|2013|2016|Универсал 5 дв.|2.5|автомат|249|бензин|7ad4e3984
Volvo|XC70|II Рестайлинг|2013|2016|Универсал 5 дв.|2.5|автомат|254|бензин|7ad4e3984
Volvo|XC70|II Рестайлинг|2013|2016|Универсал 5 дв.|3.0|автомат|304|бензин|7ad4e3984
Volvo|XC70|II|2007|2013|Универсал 5 дв.|2.0|автомат|163|дизель|3b83a24c9
Volvo|XC70|II|2007|2013|Универсал 5 дв.|2.0|механика|163|дизель|3b83a24c9
Volvo|XC70|II|2007|2013|Универсал 5 дв.|2.4|автомат|163|дизель|3b83a24c9
Volvo|XC70|II|2007|2013|Универсал 5 дв.|2.4|автомат|175|дизель|3b83a24c9
Volvo|XC70|II|2007|2013|Универсал 5 дв.|2.4|автомат|185|дизель|3b83a24c9
Volvo|XC70|II|2007|2013|Универсал 5 дв.|2.4|автомат|205|дизель|3b83a24c9
Volvo|XC70|II|2007|2013|Универсал 5 дв.|2.4|автомат|215|дизель|3b83a24c9
Volvo|XC70|II|2007|2013|Универсал 5 дв.|2.4|механика|163|дизель|3b83a24c9
Volvo|XC70|II|2007|2013|Универсал 5 дв.|2.4|механика|175|дизель|3b83a24c9
Volvo|XC70|II|2007|2013|Универсал 5 дв.|2.4|механика|185|дизель|3b83a24c9
Volvo|XC70|II|2007|2013|Универсал 5 дв.|2.4|механика|205|дизель|3b83a24c9
Volvo|XC70|II|2007|2013|Универсал 5 дв.|2.4|механика|215|дизель|3b83a24c9
Volvo|XC70|II|2007|2013|Универсал 5 дв.|3.0|автомат|285|бензин|3b83a24c9
Volvo|XC70|II|2007|2013|Универсал 5 дв.|3.0|автомат|304|бензин|3b83a24c9
Volvo|XC70|II|2007|2013|Универсал 5 дв.|3.2|автомат|238|бензин|3b83a24c9
Volvo|XC70|II|2007|2013|Универсал 5 дв.|3.2|автомат|243|бензин|3b83a24c9
Volvo|XC70|I|2000|2004|Универсал 5 дв.|2.4|автомат|163|дизель|693de7063
Volvo|XC70|I|2000|2004|Универсал 5 дв.|2.4|автомат|200|бензин|693de7063
Volvo|XC70|I|2000|2004|Универсал 5 дв.|2.4|механика|163|дизель|693de7063
Volvo|XC70|I|2000|2004|Универсал 5 дв.|2.4|механика|200|бензин|693de7063
Volvo|XC70|I|2000|2004|Универсал 5 дв.|2.5|автомат|210|бензин|693de7063
Volvo|XC70|I|2000|2004|Универсал 5 дв.|2.5|механика|210|бензин|693de7063
Volvo|XC90|I Рестайлинг|2006|2014|Внедорожник 5 дв.|2.4|автомат|163|дизель|3d4b684ef
Volvo|XC90|I Рестайлинг|2006|2014|Внедорожник 5 дв.|2.4|автомат|185|дизель|3d4b684ef
Volvo|XC90|I Рестайлинг|2006|2014|Внедорожник 5 дв.|2.4|автомат|200|дизель|3d4b684ef
Volvo|XC90|I Рестайлинг|2006|2014|Внедорожник 5 дв.|2.4|механика|163|дизель|3d4b684ef
Volvo|XC90|I Рестайлинг|2006|2014|Внедорожник 5 дв.|2.4|механика|185|дизель|3d4b684ef
Volvo|XC90|I Рестайлинг|2006|2014|Внедорожник 5 дв.|2.5|автомат|210|бензин|3d4b684ef
Volvo|XC90|I Рестайлинг|2006|2014|Внедорожник 5 дв.|2.5|механика|210|бензин|3d4b684ef
Volvo|XC90|I Рестайлинг|2006|2014|Внедорожник 5 дв.|3.2|автомат|238|бензин|3d4b684ef
Volvo|XC90|I Рестайлинг|2006|2014|Внедорожник 5 дв.|3.2|автомат|243|бензин|3d4b684ef
Volvo|XC90|I Рестайлинг|2006|2014|Внедорожник 5 дв.|4.4|автомат|315|бензин|3d4b684ef
Volvo|XC90|II Рестайлинг|2019|н.в.|Внедорожник 5 дв.|2.0|автомат|235|дизель|70267adab
Volvo|XC90|II Рестайлинг|2019|н.в.|Внедорожник 5 дв.|2.0|автомат|249|бензин|70267adab
Volvo|XC90|II Рестайлинг|2019|н.в.|Внедорожник 5 дв.|2.0|автомат|250|бензин|70267adab
Volvo|XC90|II Рестайлинг|2019|н.в.|Внедорожник 5 дв.|2.0|автомат|320|бензин|70267adab
Volvo|XC90|II Рестайлинг|2019|н.в.|Внедорожник 5 дв.|2.0|автомат|407|гибрид|70267adab
Volvo|XC90|II|2014|2019|Внедорожник 5 дв.|2.0|автомат|190|дизель|3b3b9b791
Volvo|XC90|II|2014|2019|Внедорожник 5 дв.|2.0|автомат|225|дизель|3b3b9b791
Volvo|XC90|II|2014|2019|Внедорожник 5 дв.|2.0|автомат|235|дизель|3b3b9b791
Volvo|XC90|II|2014|2019|Внедорожник 5 дв.|2.0|автомат|249|бензин|3b3b9b791
Volvo|XC90|II|2014|2019|Внедорожник 5 дв.|2.0|автомат|254|бензин|3b3b9b791
Volvo|XC90|II|2014|2019|Внедорожник 5 дв.|2.0|автомат|310|бензин|3b3b9b791
Volvo|XC90|II|2014|2019|Внедорожник 5 дв.|2.0|автомат|320|бензин|3b3b9b791
Volvo|XC90|II|2014|2019|Внедорожник 5 дв.|2.0|автомат|407|гибрид|3b3b9b791
Volvo|XC90|I|2002|2006|Внедорожник 5 дв.|2.4|автомат|163|дизель|42f293383
Volvo|XC90|I|2002|2006|Внедорожник 5 дв.|2.4|автомат|185|дизель|42f293383
Volvo|XC90|I|2002|2006|Внедорожник 5 дв.|2.4|механика|163|дизель|42f293383
Volvo|XC90|I|2002|2006|Внедорожник 5 дв.|2.4|механика|185|дизель|42f293383
Volvo|XC90|I|2002|2006|Внедорожник 5 дв.|2.5|автомат|210|бензин|42f293383
Volvo|XC90|I|2002|2006|Внедорожник 5 дв.|2.5|механика|210|бензин|42f293383
Volvo|XC90|I|2002|2006|Внедорожник 5 дв.|2.9|автомат|272|бензин|42f293383
Volvo|XC90|I|2002|2006|Внедорожник 5 дв.|4.4|автомат|315|бензин|42f293383